{
    "accuracy": 0.6978913219789132,
    "precision": 0.6859471512818689,
    "true-negative-rate": 1.0,
    "recall": 0.6587670488923768,
    "f1-score": 0.6503955643643641
}