2026-05-16 14:20:05 | INFO     | __main__ | Sensor data shape: (1081, 7)
2026-05-16 14:20:05 | INFO     | __main__ | X window sequences shape: (3, 600, 6)
2026-05-16 14:20:07 | INFO     | __main__ | Predicted class: Normal
2026-05-16 14:20:07 | INFO     | __main__ | Predicted class: Fall
2026-05-16 14:20:07 | INFO     | __main__ | Predicted class: Normal
2026-05-16 14:25:33 | INFO     | __main__ | Sensor data shape: (1081, 7)
2026-05-16 14:25:33 | INFO     | __main__ | X window sequences shape: (3, 600, 6)
2026-05-16 14:25:33 | INFO     | __main__ | Predicted class: Normal
2026-05-16 14:25:33 | INFO     | __main__ | Fall detected in the current window.
2026-05-16 14:25:33 | INFO     | __main__ | X window sequences shape: (3, 600, 6)
2026-05-16 14:25:33 | INFO     | __main__ | Predicted class: Fall
2026-05-16 14:25:33 | INFO     | __main__ | Predicted class: Normal
2026-05-16 14:28:10 | INFO     | __main__ | Sensor data shape: (1081, 7)
2026-05-16 14:28:10 | INFO     | __main__ | X window sequences shape: (3, 600, 6)
2026-05-16 14:28:10 | INFO     | __main__ | Predicted class: Fall
2026-05-16 14:28:10 | INFO     | __main__ | Fall detected in the current window.
2026-05-16 14:28:10 | INFO     | __main__ | Predicted class: Normal
2026-05-16 14:28:10 | INFO     | __main__ | Predicted class: Fall
2026-05-16 14:29:59 | INFO     | __main__ | Sensor data shape: (1081, 7)
2026-05-16 14:30:00 | INFO     | __main__ | Predicted class: Fall
2026-05-16 14:30:00 | INFO     | __main__ | Fall detected in the current window.
2026-05-16 14:30:00 | INFO     | __main__ | Predicted class: Normal
2026-05-16 14:30:00 | INFO     | __main__ | Predicted class: Fall
2026-05-16 14:33:30 | INFO     | __main__ | Sensor data shape: (1081, 7)
2026-05-16 14:33:31 | INFO     | __main__ | Predicted class: Normal
2026-05-16 14:33:31 | INFO     | __main__ | Fall detected in the current window.
2026-05-16 14:33:31 | INFO     | __main__ | Predicted class: Fall
2026-05-16 14:33:31 | INFO     | __main__ | Predicted class: Normal
2026-05-16 14:37:38 | INFO     | __main__ | Sensor data shape: (1081, 7)
2026-05-16 14:37:39 | INFO     | __main__ | Predicted class: Normal
2026-05-16 14:37:39 | INFO     | __main__ | Fall detected in the current window.
2026-05-16 14:37:39 | INFO     | __main__ | Predicted class: Fall
2026-05-16 14:37:39 | INFO     | __main__ | Predicted class: Normal
2026-05-16 14:39:57 | INFO     | __main__ | Sensor data shape: (1081, 7)
2026-05-16 14:39:58 | INFO     | __main__ | Predicted class: Normal
2026-05-16 14:39:58 | INFO     | __main__ | Fall detected in the current window.
2026-05-16 14:39:58 | INFO     | __main__ | Predicted class: Fall
2026-05-16 14:39:58 | INFO     | __main__ | Predicted class: Normal
2026-05-16 14:48:43 | INFO     | __main__ | Loaded sensor data with shape:
 (1081, 7)
2026-05-16 14:48:43 | INFO     | __main__ | Sensor data timestamp range:
 2026-05-15 01:21:20.722278357 - 2026-05-15 01:21:55.250395060
2026-05-16 14:48:43 | INFO     | __main__ | Selected columns for inference:
 ['AccX', 'AccY', 'AccZ', 'GyroX', 'GyroY', 'GyroZ']
2026-05-16 14:48:43 | INFO     | __main__ | Sample of selected data:
       AccX      AccY      AccZ     GyroX     GyroY     GyroZ
0  0.946332  9.789792 -0.957259 -0.015985  0.392182  0.201258
1  1.104403  9.743239 -0.423918  0.049924  0.405497  0.190227
2  1.128803  9.749226 -0.430056  0.124778  0.411816  0.178213
3  1.067430  9.698781 -0.665366  0.145454  0.414521  0.163610
4  1.102757  9.631571 -0.881217  0.142761  0.387436  0.176674
2026-05-16 14:48:43 | INFO     | __main__ | Created 3 data windows for inference.

2026-05-16 14:48:43 | INFO     | __main__ | Windows:
[array([[0.94633209, 4.054319  ],
       [1.67441803, 5.05723343],
       [1.28283234, 5.52426224]])]
2026-05-16 14:48:44 | INFO     | __main__ | Predicted class: Normal
2026-05-16 14:48:44 | INFO     | __main__ | Fall detected in the current window.

2026-05-16 14:48:44 | INFO     | __main__ | Sample of data in the fall window:
       AccX      AccY      AccZ     GyroX     GyroY     GyroZ
0 -0.373987  0.540271  0.630929 -0.880575  0.047681 -0.434794
1 -0.356158  0.517166  0.549897 -0.826202 -0.034050 -0.277218
2 -0.324827  0.505406  0.535689 -0.684484 -0.148516 -0.199217
3 -0.285272  0.473598  0.554633 -0.585069 -0.156183 -0.291057
4 -0.310327  0.390401  0.584012 -0.534387 -0.156254 -0.328410
2026-05-16 14:48:44 | INFO     | __main__ | Predicted class: Fall
2026-05-16 14:48:44 | INFO     | __main__ | Predicted class: Normal
2026-05-16 14:54:18 | INFO     | __main__ | Loaded sensor data with shape:
 (1081, 7)
2026-05-16 14:54:18 | INFO     | __main__ | Sensor data timestamp range:
 2026-05-15 01:21:20.722278357 - 2026-05-15 01:21:55.250395060
2026-05-16 14:54:18 | INFO     | __main__ | Selected columns for inference:
 ['AccX', 'AccY', 'AccZ', 'GyroX', 'GyroY', 'GyroZ']
2026-05-16 14:54:18 | INFO     | __main__ | Sample of selected data:
       AccX      AccY      AccZ     GyroX     GyroY     GyroZ
0  0.946332  9.789792 -0.957259 -0.015985  0.392182  0.201258
1  1.104403  9.743239 -0.423918  0.049924  0.405497  0.190227
2  1.128803  9.749226 -0.430056  0.124778  0.411816  0.178213
3  1.067430  9.698781 -0.665366  0.145454  0.414521  0.163610
4  1.102757  9.631571 -0.881217  0.142761  0.387436  0.176674
2026-05-16 15:00:38 | INFO     | __main__ | Loaded sensor data with shape:
 (1081, 7)
2026-05-16 15:00:38 | INFO     | __main__ | Sensor data timestamp range:
 2026-05-15 01:21:20.722278357 - 2026-05-15 01:21:55.250395060
2026-05-16 15:00:38 | INFO     | __main__ | Selected columns for inference:
 ['AccX', 'AccY', 'AccZ', 'GyroX', 'GyroY', 'GyroZ']
2026-05-16 15:00:39 | INFO     | __main__ | Sample of selected data:
                      timestamp      AccX      AccY      AccZ     GyroX     GyroY     GyroZ
0 2026-05-15 01:21:20.722278357  0.946332  9.789792 -0.957259 -0.015985  0.392182  0.201258
1 2026-05-15 01:21:20.742573500  1.104403  9.743239 -0.423918  0.049924  0.405497  0.190227
2 2026-05-15 01:21:20.762006760  1.128803  9.749226 -0.430056  0.124778  0.411816  0.178213
3 2026-05-15 01:21:20.783767700  1.067430  9.698781 -0.665366  0.145454  0.414521  0.163610
4 2026-05-15 01:21:20.810571432  1.102757  9.631571 -0.881217  0.142761  0.387436  0.176674
2026-05-16 15:00:39 | INFO     | __main__ | Created 3 data windows for inference.

2026-05-16 15:00:39 | INFO     | __main__ | Windows:
[array([[Timestamp('2026-05-15 01:21:20.722278357'),
        Timestamp('2026-05-15 01:21:39.089024305')],
       [Timestamp('2026-05-15 01:21:27.558132648'),
        Timestamp('2026-05-15 01:21:45.910746336')],
       [Timestamp('2026-05-15 01:21:33.451482058'),
        Timestamp('2026-05-15 01:21:53.408207417')]], dtype=object)]
2026-05-16 15:00:39 | INFO     | __main__ | Predicted class: Normal

2026-05-16 15:00:39 | INFO     | __main__ | Fall detected in the current window.

2026-05-16 15:00:39 | INFO     | __main__ | Sample of data in the fall window:
       AccX      AccY      AccZ     GyroX     GyroY     GyroZ
0 -0.373987  0.540271  0.630929 -0.880575  0.047681 -0.434794
1 -0.356158  0.517166  0.549897 -0.826202 -0.034050 -0.277218
2 -0.324827  0.505406  0.535689 -0.684484 -0.148516 -0.199217
3 -0.285272  0.473598  0.554633 -0.585069 -0.156183 -0.291057
4 -0.310327  0.390401  0.584012 -0.534387 -0.156254 -0.328410
2026-05-16 15:00:39 | INFO     | __main__ | Predicted class: Fall

2026-05-16 15:00:39 | INFO     | __main__ | Predicted class: Normal

2026-05-16 15:06:50 | INFO     | __main__ | Loaded sensor data with shape:
 (1081, 7)
2026-05-16 15:06:50 | INFO     | __main__ | Sensor data timestamp range:
 2026-05-15 01:21:20.722278357 - 2026-05-15 01:21:55.250395060
2026-05-16 15:06:50 | INFO     | __main__ | Selected columns for inference:
 ['AccX', 'AccY', 'AccZ', 'GyroX', 'GyroY', 'GyroZ']
2026-05-16 15:06:50 | INFO     | __main__ | Sample of selected data:
                      timestamp      AccX      AccY      AccZ     GyroX     GyroY     GyroZ
0 2026-05-15 01:21:20.722278357  0.946332  9.789792 -0.957259 -0.015985  0.392182  0.201258
1 2026-05-15 01:21:20.742573500  1.104403  9.743239 -0.423918  0.049924  0.405497  0.190227
2 2026-05-15 01:21:20.762006760  1.128803  9.749226 -0.430056  0.124778  0.411816  0.178213
3 2026-05-15 01:21:20.783767700  1.067430  9.698781 -0.665366  0.145454  0.414521  0.163610
4 2026-05-15 01:21:20.810571432  1.102757  9.631571 -0.881217  0.142761  0.387436  0.176674
2026-05-16 15:08:27 | INFO     | __main__ | Loaded sensor data with shape:
 (1081, 7)
2026-05-16 15:08:27 | INFO     | __main__ | Sensor data timestamp range:
 2026-05-15 01:21:20.722278357 - 2026-05-15 01:21:55.250395060
2026-05-16 15:08:27 | INFO     | __main__ | Selected columns for inference:
 ['AccX', 'AccY', 'AccZ', 'GyroX', 'GyroY', 'GyroZ']
2026-05-16 15:08:27 | INFO     | __main__ | Sample of selected data:
                      timestamp      AccX      AccY      AccZ     GyroX     GyroY     GyroZ
0 2026-05-15 01:21:20.722278357  0.946332  9.789792 -0.957259 -0.015985  0.392182  0.201258
1 2026-05-15 01:21:20.742573500  1.104403  9.743239 -0.423918  0.049924  0.405497  0.190227
2 2026-05-15 01:21:20.762006760  1.128803  9.749226 -0.430056  0.124778  0.411816  0.178213
3 2026-05-15 01:21:20.783767700  1.067430  9.698781 -0.665366  0.145454  0.414521  0.163610
4 2026-05-15 01:21:20.810571432  1.102757  9.631571 -0.881217  0.142761  0.387436  0.176674
2026-05-16 15:08:27 | INFO     | __main__ | Created 3 data windows for inference.

2026-05-16 15:08:27 | INFO     | __main__ | Windows:
[((Timestamp('2026-05-15 01:21:20.722278357'), Timestamp('2026-05-15 01:21:39.089024305')), (Timestamp('2026-05-15 01:21:27.558132648'), Timestamp('2026-05-15 01:21:45.910746336')), (Timestamp('2026-05-15 01:21:33.451482058'), Timestamp('2026-05-15 01:21:53.408207417')))]
2026-05-16 15:08:28 | INFO     | __main__ | Predicted class: Normal

2026-05-16 15:08:28 | INFO     | __main__ | Fall detected in the current window.

2026-05-16 15:08:28 | INFO     | __main__ | Sample of data in the fall window:
       AccX      AccY      AccZ     GyroX     GyroY     GyroZ
0 -0.373987  0.540271  0.630929 -0.880575  0.047681 -0.434794
1 -0.356158  0.517166  0.549897 -0.826202 -0.034050 -0.277218
2 -0.324827  0.505406  0.535689 -0.684484 -0.148516 -0.199217
3 -0.285272  0.473598  0.554633 -0.585069 -0.156183 -0.291057
4 -0.310327  0.390401  0.584012 -0.534387 -0.156254 -0.328410
2026-05-16 15:08:28 | INFO     | __main__ | Predicted class: Fall

2026-05-16 15:08:28 | INFO     | __main__ | Predicted class: Normal

2026-05-16 15:12:39 | INFO     | __main__ | Loaded sensor data with shape:
 (1081, 7)
2026-05-16 15:12:39 | INFO     | __main__ | Sensor data timestamp range:
 2026-05-15 01:21:20.722278357 - 2026-05-15 01:21:55.250395060
2026-05-16 15:12:39 | INFO     | __main__ | Selected columns for inference:
 ['AccX', 'AccY', 'AccZ', 'GyroX', 'GyroY', 'GyroZ']
2026-05-16 15:12:39 | INFO     | __main__ | Sample of selected data:
                      timestamp      AccX      AccY      AccZ     GyroX     GyroY     GyroZ
0 2026-05-15 01:21:20.722278357  0.946332  9.789792 -0.957259 -0.015985  0.392182  0.201258
1 2026-05-15 01:21:20.742573500  1.104403  9.743239 -0.423918  0.049924  0.405497  0.190227
2 2026-05-15 01:21:20.762006760  1.128803  9.749226 -0.430056  0.124778  0.411816  0.178213
3 2026-05-15 01:21:20.783767700  1.067430  9.698781 -0.665366  0.145454  0.414521  0.163610
4 2026-05-15 01:21:20.810571432  1.102757  9.631571 -0.881217  0.142761  0.387436  0.176674
2026-05-16 15:12:39 | INFO     | __main__ | Created 3 data windows for inference.

2026-05-16 15:12:39 | INFO     | __main__ | Windows:
[(Timestamp('2026-05-15 01:21:20.722278357'), Timestamp('2026-05-15 01:21:39.089024305')), (Timestamp('2026-05-15 01:21:27.558132648'), Timestamp('2026-05-15 01:21:45.910746336')), (Timestamp('2026-05-15 01:21:33.451482058'), Timestamp('2026-05-15 01:21:53.408207417'))]
2026-05-16 15:12:40 | INFO     | __main__ | Predicted class: Normal

2026-05-16 15:12:40 | INFO     | __main__ | Fall detected in the current window.

2026-05-16 15:12:40 | INFO     | __main__ | Sample of data in the fall window:
       AccX      AccY      AccZ     GyroX     GyroY     GyroZ
0 -0.373987  0.540271  0.630929 -0.880575  0.047681 -0.434794
1 -0.356158  0.517166  0.549897 -0.826202 -0.034050 -0.277218
2 -0.324827  0.505406  0.535689 -0.684484 -0.148516 -0.199217
3 -0.285272  0.473598  0.554633 -0.585069 -0.156183 -0.291057
4 -0.310327  0.390401  0.584012 -0.534387 -0.156254 -0.328410
2026-05-16 15:12:40 | INFO     | __main__ | Predicted class: Fall

2026-05-16 15:12:40 | INFO     | __main__ | Predicted class: Normal

2026-05-16 15:18:40 | INFO     | __main__ | Loaded sensor data with shape:
 (1081, 7)
2026-05-16 15:18:40 | INFO     | __main__ | Sensor data timestamp range:
 2026-05-15 01:21:20.722278357 - 2026-05-15 01:21:55.250395060
2026-05-16 15:18:41 | INFO     | __main__ | Selected columns for inference:
 ['AccX', 'AccY', 'AccZ', 'GyroX', 'GyroY', 'GyroZ']
2026-05-16 15:18:41 | INFO     | __main__ | Sample of selected data:
                      timestamp      AccX      AccY      AccZ     GyroX     GyroY     GyroZ
0 2026-05-15 01:21:20.722278357  0.946332  9.789792 -0.957259 -0.015985  0.392182  0.201258
1 2026-05-15 01:21:20.742573500  1.104403  9.743239 -0.423918  0.049924  0.405497  0.190227
2 2026-05-15 01:21:20.762006760  1.128803  9.749226 -0.430056  0.124778  0.411816  0.178213
3 2026-05-15 01:21:20.783767700  1.067430  9.698781 -0.665366  0.145454  0.414521  0.163610
4 2026-05-15 01:21:20.810571432  1.102757  9.631571 -0.881217  0.142761  0.387436  0.176674
2026-05-16 15:18:41 | INFO     | __main__ | Created 3 data windows for inference.

2026-05-16 15:18:41 | INFO     | __main__ | Windows:
[(Timestamp('2026-05-15 01:21:20.722278357'), Timestamp('2026-05-15 01:21:39.089024305')), (Timestamp('2026-05-15 01:21:27.558132648'), Timestamp('2026-05-15 01:21:45.910746336')), (Timestamp('2026-05-15 01:21:33.451482058'), Timestamp('2026-05-15 01:21:53.408207417'))]
2026-05-16 15:18:41 | INFO     | __main__ | Predicted class: Normal

2026-05-16 15:18:41 | INFO     | __main__ | Fall detected in the current window.

2026-05-16 15:18:41 | INFO     | __main__ | Sample of data in the fall window:
       AccX      AccY      AccZ     GyroX     GyroY     GyroZ
0 -0.373987  0.540271  0.630929 -0.880575  0.047681 -0.434794
1 -0.356158  0.517166  0.549897 -0.826202 -0.034050 -0.277218
2 -0.324827  0.505406  0.535689 -0.684484 -0.148516 -0.199217
3 -0.285272  0.473598  0.554633 -0.585069 -0.156183 -0.291057
4 -0.310327  0.390401  0.584012 -0.534387 -0.156254 -0.328410
2026-05-16 15:18:41 | INFO     | __main__ | Predicted class: Fall

2026-05-16 15:18:41 | INFO     | __main__ | Predicted class: Normal

2026-05-16 15:22:25 | INFO     | __main__ | Loaded sensor data with shape:
 (1081, 7)
2026-05-16 15:22:25 | INFO     | __main__ | Sensor data timestamp range:
 2026-05-15 01:21:20.722278357 - 2026-05-15 01:21:55.250395060
2026-05-16 15:22:25 | INFO     | __main__ | Selected columns for inference:
 ['AccX', 'AccY', 'AccZ', 'GyroX', 'GyroY', 'GyroZ']
2026-05-16 15:22:25 | INFO     | __main__ | Sample of selected data:
                      timestamp      AccX      AccY      AccZ     GyroX     GyroY     GyroZ
0 2026-05-15 01:21:20.722278357  0.946332  9.789792 -0.957259 -0.015985  0.392182  0.201258
1 2026-05-15 01:21:20.742573500  1.104403  9.743239 -0.423918  0.049924  0.405497  0.190227
2 2026-05-15 01:21:20.762006760  1.128803  9.749226 -0.430056  0.124778  0.411816  0.178213
3 2026-05-15 01:21:20.783767700  1.067430  9.698781 -0.665366  0.145454  0.414521  0.163610
4 2026-05-15 01:21:20.810571432  1.102757  9.631571 -0.881217  0.142761  0.387436  0.176674
2026-05-16 15:22:25 | INFO     | __main__ | Created 3 data windows for inference.

2026-05-16 15:22:25 | INFO     | __main__ | Windows:
[]
2026-05-16 15:22:26 | INFO     | __main__ | Predicted class: Normal

2026-05-16 15:22:26 | INFO     | __main__ | Fall detected in the current window.

2026-05-16 15:22:26 | INFO     | __main__ | Fall window (start, end): (Timestamp('2026-05-15 01:21:27.558132648'), Timestamp('2026-05-15 01:21:45.910746336'))
2026-05-16 15:22:26 | INFO     | __main__ | Sample of data in the fall window:
       AccX      AccY      AccZ     GyroX     GyroY     GyroZ
0 -0.373987  0.540271  0.630929 -0.880575  0.047681 -0.434794
1 -0.356158  0.517166  0.549897 -0.826202 -0.034050 -0.277218
2 -0.324827  0.505406  0.535689 -0.684484 -0.148516 -0.199217
3 -0.285272  0.473598  0.554633 -0.585069 -0.156183 -0.291057
4 -0.310327  0.390401  0.584012 -0.534387 -0.156254 -0.328410
2026-05-16 15:22:26 | INFO     | __main__ | Predicted class: Fall

2026-05-16 15:22:26 | INFO     | __main__ | Predicted class: Normal

2026-05-16 15:25:47 | INFO     | __main__ | Loaded sensor data with shape:
 (1875, 7)
2026-05-16 15:25:47 | INFO     | __main__ | Sensor data timestamp range:
 2026-05-15 01:09:22.589270592 - 2026-05-15 01:10:27.804179907
2026-05-16 15:25:47 | INFO     | __main__ | Selected columns for inference:
 ['AccX', 'AccY', 'AccZ', 'GyroX', 'GyroY', 'GyroZ']
2026-05-16 15:25:47 | INFO     | __main__ | Sample of selected data:
                      timestamp      AccX      AccY      AccZ     GyroX     GyroY     GyroZ
0 2026-05-15 01:09:22.589270592  1.014740  9.260792  2.907254 -0.110443  0.096692  0.014891
1 2026-05-15 01:09:22.608391762  1.032553  9.243728  3.222050 -0.065550  0.174531 -0.007733
2 2026-05-15 01:09:22.627107382  0.893193  9.388027  3.456313  0.027219  0.165034 -0.014800
3 2026-05-15 01:09:22.646992922  0.738864  9.392818  3.569028  0.109604  0.167882  0.007504
4 2026-05-15 01:09:22.667497158  0.869841  9.244476  3.217858  0.124186  0.151594  0.044720
2026-05-16 15:25:47 | INFO     | __main__ | Created 7 data windows for inference.

2026-05-16 15:25:47 | INFO     | __main__ | Windows:
[(Timestamp('2026-05-15 01:09:22.589270592'), Timestamp('2026-05-15 01:09:45.676398993')), (Timestamp('2026-05-15 01:09:30.495979309'), Timestamp('2026-05-15 01:09:50.280507088')), (Timestamp('2026-05-15 01:09:38.878142118'), Timestamp('2026-05-15 01:09:55.672019482')), (Timestamp('2026-05-15 01:09:45.696481943'), Timestamp('2026-05-15 01:10:00.209364414')), (Timestamp('2026-05-15 01:09:50.301137447'), Timestamp('2026-05-15 01:10:05.794318914')), (Timestamp('2026-05-15 01:09:55.694080353'), Timestamp('2026-05-15 01:10:11.098289967')), (Timestamp('2026-05-15 01:10:00.232840776'), Timestamp('2026-05-15 01:10:25.146892071'))]
2026-05-16 15:25:47 | INFO     | __main__ | Predicted class: Normal

2026-05-16 15:25:47 | INFO     | __main__ | Predicted class: Normal

2026-05-16 15:25:47 | INFO     | __main__ | Predicted class: Normal

2026-05-16 15:25:47 | INFO     | __main__ | Predicted class: Normal

2026-05-16 15:25:47 | INFO     | __main__ | Predicted class: Normal

2026-05-16 15:25:47 | INFO     | __main__ | Predicted class: Normal

2026-05-16 15:25:47 | INFO     | __main__ | Predicted class: Normal

2026-05-16 15:30:36 | INFO     | __main__ | Loaded sensor data with shape:
 (912, 7)
2026-05-16 15:30:36 | INFO     | __main__ | Sensor data timestamp range:
 2026-05-16 18:28:52.234218836 - 2026-05-16 18:29:25.434938192
2026-05-16 15:30:36 | INFO     | __main__ | Selected columns for inference:
 ['AccX', 'AccY', 'AccZ', 'GyroX', 'GyroY', 'GyroZ']
2026-05-16 15:30:36 | INFO     | __main__ | Sample of selected data:
                      timestamp      AccX      AccY      AccZ     GyroX     GyroY     GyroZ
0 2026-05-16 18:28:52.234218836  0.593516  9.819430  0.151485  0.052101  0.006803 -0.023525
1 2026-05-16 18:28:52.256846905  0.755928  9.876761  0.185015  0.057088  0.005514 -0.030423
2 2026-05-16 18:28:52.277648926  0.940345  9.839339  0.088017  0.054649 -0.008459 -0.037801
3 2026-05-16 18:28:52.298151016  0.804427  9.839489  0.052391  0.044416 -0.013003 -0.051014
4 2026-05-16 18:28:52.318397522  0.507894  9.753867  0.183219  0.043393  0.031792 -0.039703
2026-05-16 15:30:36 | INFO     | __main__ | Created 2 data windows for inference.

2026-05-16 15:30:36 | INFO     | __main__ | Windows:
[(Timestamp('2026-05-16 18:28:52.234218836'), Timestamp('2026-05-16 18:29:11.953174829')), (Timestamp('2026-05-16 18:28:59.194956064'), Timestamp('2026-05-16 18:29:20.441446066'))]
2026-05-16 15:30:37 | INFO     | __main__ | Predicted class: Normal

2026-05-16 15:30:37 | INFO     | __main__ | Predicted class: Normal

2026-05-16 15:35:35 | INFO     | __main__ | Loaded sensor data with shape:
 (1484, 7)
2026-05-16 15:35:35 | INFO     | __main__ | Sensor data timestamp range:
 2026-05-16 18:33:15.402324438 - 2026-05-16 18:34:12.801818609
2026-05-16 15:35:35 | INFO     | __main__ | Selected columns for inference:
 ['AccX', 'AccY', 'AccZ', 'GyroX', 'GyroY', 'GyroZ']
2026-05-16 15:35:35 | INFO     | __main__ | Sample of selected data:
                      timestamp      AccX       AccY      AccZ     GyroX     GyroY     GyroZ
0 2026-05-16 18:33:15.402324438 -0.144749  -9.702374  0.989592 -0.091253 -0.033182  0.008673
1 2026-05-16 18:33:15.416430473 -0.147144  -9.797276  1.060844 -0.067290 -0.042870  0.022675
2 2026-05-16 18:33:15.431620598 -0.111368 -10.112970  1.194516 -0.078826 -0.026605  0.037527
3 2026-05-16 18:33:15.444839239 -0.220342 -10.189760  1.240770 -0.113134 -0.006884  0.012182
4 2026-05-16 18:33:15.457887888 -0.362396 -10.033934  1.156645 -0.166296 -0.025791 -0.089370
2026-05-16 15:35:35 | INFO     | __main__ | Created 5 data windows for inference.

2026-05-16 15:35:35 | INFO     | __main__ | Windows:
[(Timestamp('2026-05-16 18:33:15.402324438'), Timestamp('2026-05-16 18:33:46.626744509')), (Timestamp('2026-05-16 18:33:21.022208214'), Timestamp('2026-05-16 18:33:52.071664810')), (Timestamp('2026-05-16 18:33:41.526974201'), Timestamp('2026-05-16 18:33:59.108692646')), (Timestamp('2026-05-16 18:33:46.643372297'), Timestamp('2026-05-16 18:34:05.078973770')), (Timestamp('2026-05-16 18:33:52.087862968'), Timestamp('2026-05-16 18:34:11.309051752'))]
2026-05-16 15:35:35 | INFO     | __main__ | Predicted class: Normal

2026-05-16 15:35:35 | INFO     | __main__ | Fall detected in the current window.

2026-05-16 15:35:35 | INFO     | __main__ | Fall window (start, end): (Timestamp('2026-05-16 18:33:21.022208214'), Timestamp('2026-05-16 18:33:52.071664810'))
2026-05-16 15:35:35 | INFO     | __main__ | Sample of data in the fall window:
       AccX      AccY      AccZ     GyroX     GyroY     GyroZ
0  0.195658 -0.621183 -0.043603 -0.162845 -1.238035 -0.020380
1 -0.226963 -0.739466  0.093917 -0.302686 -1.360385 -0.038285
2 -0.489876 -0.735599  0.065708 -0.348810 -1.429594 -0.253926
3 -0.527310 -0.659939 -0.119137 -0.322018 -1.422474 -0.352389
4 -0.461888 -0.500562 -0.196342 -0.271630 -1.402216 -0.346299
2026-05-16 15:35:35 | INFO     | __main__ | Predicted class: Fall

2026-05-16 15:35:35 | INFO     | __main__ | Predicted class: Normal

2026-05-16 15:35:35 | INFO     | __main__ | Fall detected in the current window.

2026-05-16 15:35:35 | INFO     | __main__ | Fall window (start, end): (Timestamp('2026-05-16 18:33:46.643372297'), Timestamp('2026-05-16 18:34:05.078973770'))
2026-05-16 15:35:35 | INFO     | __main__ | Sample of data in the fall window:
       AccX      AccY      AccZ     GyroX     GyroY     GyroZ
0  1.193171 -0.048779 -0.261205  0.269289  1.524521 -0.958140
1  1.297864 -0.112756 -0.258838  0.209043  1.544068 -1.066928
2  1.472528 -0.519175 -0.258096 -0.068882  1.541172 -0.986424
3  1.606083 -0.621102 -0.276005 -0.087715  1.479119 -0.824052
4  0.335861 -0.580573  0.205362 -0.439460 -0.344839  0.428964
2026-05-16 15:35:35 | INFO     | __main__ | Predicted class: Fall

2026-05-16 15:35:35 | INFO     | __main__ | Predicted class: Normal

2026-05-16 15:40:42 | INFO     | __main__ | Loaded sensor data with shape:
 (1484, 7)
2026-05-16 15:40:42 | INFO     | __main__ | Sensor data timestamp range:
 2026-05-16 18:33:15.402324438 - 2026-05-16 18:34:12.801818609
2026-05-16 15:40:42 | INFO     | __main__ | Sample of loaded sensor data:
                      timestamp      AccX       AccY      AccZ     GyroX     GyroY     GyroZ
0 2026-05-16 18:33:15.402324438  0.144749   9.702374  0.989592  0.091253  0.033182  0.008673
1 2026-05-16 18:33:15.416430473  0.147144   9.797276  1.060844  0.067290  0.042870  0.022675
2 2026-05-16 18:33:15.431620598  0.111368  10.112970  1.194516  0.078826  0.026605  0.037527
3 2026-05-16 18:33:15.444839239  0.220342  10.189760  1.240770  0.113134  0.006884  0.012182
4 2026-05-16 18:33:15.457887888  0.362396  10.033934  1.156645  0.166296  0.025791 -0.089370
2026-05-16 15:40:42 | INFO     | __main__ | Applied rotation to sensor data to align with reference frame:
                      timestamp      AccX       AccY      AccZ     GyroX     GyroY     GyroZ
0 2026-05-16 18:33:15.402324438 -0.144749  -9.702374  0.989592 -0.091253 -0.033182  0.008673
1 2026-05-16 18:33:15.416430473 -0.147144  -9.797276  1.060844 -0.067290 -0.042870  0.022675
2 2026-05-16 18:33:15.431620598 -0.111368 -10.112970  1.194516 -0.078826 -0.026605  0.037527
3 2026-05-16 18:33:15.444839239 -0.220342 -10.189760  1.240770 -0.113134 -0.006884  0.012182
4 2026-05-16 18:33:15.457887888 -0.362396 -10.033934  1.156645 -0.166296 -0.025791 -0.089370
2026-05-16 15:40:42 | INFO     | __main__ | Selected columns for inference:
 ['AccX', 'AccY', 'AccZ', 'GyroX', 'GyroY', 'GyroZ']
2026-05-16 15:40:42 | INFO     | __main__ | Sample of selected data:
                      timestamp      AccX       AccY      AccZ     GyroX     GyroY     GyroZ
0 2026-05-16 18:33:15.402324438 -0.144749  -9.702374  0.989592 -0.091253 -0.033182  0.008673
1 2026-05-16 18:33:15.416430473 -0.147144  -9.797276  1.060844 -0.067290 -0.042870  0.022675
2 2026-05-16 18:33:15.431620598 -0.111368 -10.112970  1.194516 -0.078826 -0.026605  0.037527
3 2026-05-16 18:33:15.444839239 -0.220342 -10.189760  1.240770 -0.113134 -0.006884  0.012182
4 2026-05-16 18:33:15.457887888 -0.362396 -10.033934  1.156645 -0.166296 -0.025791 -0.089370
2026-05-16 15:40:42 | INFO     | __main__ | Created 5 data windows for inference.

2026-05-16 15:40:42 | INFO     | __main__ | Windows:
[(Timestamp('2026-05-16 18:33:15.402324438'), Timestamp('2026-05-16 18:33:46.626744509')), (Timestamp('2026-05-16 18:33:21.022208214'), Timestamp('2026-05-16 18:33:52.071664810')), (Timestamp('2026-05-16 18:33:41.526974201'), Timestamp('2026-05-16 18:33:59.108692646')), (Timestamp('2026-05-16 18:33:46.643372297'), Timestamp('2026-05-16 18:34:05.078973770')), (Timestamp('2026-05-16 18:33:52.087862968'), Timestamp('2026-05-16 18:34:11.309051752'))]
2026-05-16 15:40:43 | INFO     | __main__ | Predicted class: Normal

2026-05-16 15:40:43 | INFO     | __main__ | Fall detected in the current window.

2026-05-16 15:40:43 | INFO     | __main__ | Fall window (start, end): (Timestamp('2026-05-16 18:33:21.022208214'), Timestamp('2026-05-16 18:33:52.071664810'))
2026-05-16 15:40:43 | INFO     | __main__ | Sample of data in the fall window:
       AccX      AccY      AccZ     GyroX     GyroY     GyroZ
0  0.195658 -0.621183 -0.043603 -0.162845 -1.238035 -0.020380
1 -0.226963 -0.739466  0.093917 -0.302686 -1.360385 -0.038285
2 -0.489876 -0.735599  0.065708 -0.348810 -1.429594 -0.253926
3 -0.527310 -0.659939 -0.119137 -0.322018 -1.422474 -0.352389
4 -0.461888 -0.500562 -0.196342 -0.271630 -1.402216 -0.346299
2026-05-16 15:40:43 | INFO     | __main__ | Predicted class: Fall

2026-05-16 15:40:43 | INFO     | __main__ | Predicted class: Normal

2026-05-16 15:40:43 | INFO     | __main__ | Fall detected in the current window.

2026-05-16 15:40:43 | INFO     | __main__ | Fall window (start, end): (Timestamp('2026-05-16 18:33:46.643372297'), Timestamp('2026-05-16 18:34:05.078973770'))
2026-05-16 15:40:43 | INFO     | __main__ | Sample of data in the fall window:
       AccX      AccY      AccZ     GyroX     GyroY     GyroZ
0  1.193171 -0.048779 -0.261205  0.269289  1.524521 -0.958140
1  1.297864 -0.112756 -0.258838  0.209043  1.544068 -1.066928
2  1.472528 -0.519175 -0.258096 -0.068882  1.541172 -0.986424
3  1.606083 -0.621102 -0.276005 -0.087715  1.479119 -0.824052
4  0.335861 -0.580573  0.205362 -0.439460 -0.344839  0.428964
2026-05-16 15:40:43 | INFO     | __main__ | Predicted class: Fall

2026-05-16 15:40:43 | INFO     | __main__ | Predicted class: Normal

2026-05-16 15:47:14 | INFO     | __main__ | Loaded sensor data with shape:
 (956, 7)
2026-05-16 15:47:14 | INFO     | __main__ | Sensor data timestamp range:
 2026-05-16 18:45:18.071083784 - 2026-05-16 18:45:47.632263899
2026-05-16 15:47:14 | INFO     | __main__ | Sample of loaded sensor data:
                      timestamp      AccX      AccY      AccZ     GyroX     GyroY     GyroZ
0 2026-05-16 18:45:18.071083784  0.168400 -0.178728  1.820365  0.031792 -0.002326 -0.028821
1 2026-05-16 18:45:18.086339235  0.160017 -0.190404  1.830244  0.028544 -0.015739 -0.028598
2 2026-05-16 18:45:18.101767778  0.188907 -0.218396  1.809437  0.028907 -0.032390 -0.008746
3 2026-05-16 18:45:18.119379044  0.169597 -0.305664  1.843566  0.014644 -0.019877 -0.001523
4 2026-05-16 18:45:18.136048317  0.233365 -0.343386  1.887724  0.008262 -0.011215 -0.005345
2026-05-16 15:47:14 | INFO     | __main__ | Applied rotation to sensor data to align with reference frame:
                      timestamp      AccX      AccY      AccZ     GyroX     GyroY     GyroZ
0 2026-05-16 18:45:18.071083784 -0.168400  0.178728  1.820365 -0.031792  0.002326 -0.028821
1 2026-05-16 18:45:18.086339235 -0.160017  0.190404  1.830244 -0.028544  0.015739 -0.028598
2 2026-05-16 18:45:18.101767778 -0.188907  0.218396  1.809437 -0.028907  0.032390 -0.008746
3 2026-05-16 18:45:18.119379044 -0.169597  0.305664  1.843566 -0.014644  0.019877 -0.001523
4 2026-05-16 18:45:18.136048317 -0.233365  0.343386  1.887724 -0.008262  0.011215 -0.005345
2026-05-16 15:47:14 | INFO     | __main__ | Selected columns for inference:
['AccX', 'AccY', 'AccZ', 'GyroX', 'GyroY', 'GyroZ']
2026-05-16 15:47:14 | INFO     | __main__ | Sample of selected data:
                      timestamp      AccX      AccY      AccZ     GyroX     GyroY     GyroZ
0 2026-05-16 18:45:18.071083784 -0.168400  0.178728  1.820365 -0.031792  0.002326 -0.028821
1 2026-05-16 18:45:18.086339235 -0.160017  0.190404  1.830244 -0.028544  0.015739 -0.028598
2 2026-05-16 18:45:18.101767778 -0.188907  0.218396  1.809437 -0.028907  0.032390 -0.008746
3 2026-05-16 18:45:18.119379044 -0.169597  0.305664  1.843566 -0.014644  0.019877 -0.001523
4 2026-05-16 18:45:18.136048317 -0.233365  0.343386  1.887724 -0.008262  0.011215 -0.005345
2026-05-16 15:47:14 | INFO     | __main__ | Created 2 data windows for inference.

2026-05-16 15:47:14 | INFO     | __main__ | Windows:
[(Timestamp('2026-05-16 18:45:18.071083784'), Timestamp('2026-05-16 18:45:36.302976608')), (Timestamp('2026-05-16 18:45:24.216712713'), Timestamp('2026-05-16 18:45:41.913113356'))]
2026-05-16 15:47:15 | INFO     | __main__ | Predicted class: Normal

2026-05-16 15:47:15 | INFO     | __main__ | Predicted class: Normal

2026-05-16 15:52:22 | INFO     | __main__ | Loaded sensor data with shape:
 (956, 7)
2026-05-16 15:52:22 | INFO     | __main__ | Sensor data timestamp range:
 2026-05-16 18:45:18.071083784 - 2026-05-16 18:45:47.632263899
2026-05-16 15:52:22 | INFO     | __main__ | Sample of loaded sensor data:
                      timestamp      AccX      AccY      AccZ     GyroX     GyroY     GyroZ
0 2026-05-16 18:45:18.071083784  0.168400 -0.178728  1.820365  0.031792 -0.002326 -0.028821
1 2026-05-16 18:45:18.086339235  0.160017 -0.190404  1.830244  0.028544 -0.015739 -0.028598
2 2026-05-16 18:45:18.101767778  0.188907 -0.218396  1.809437  0.028907 -0.032390 -0.008746
3 2026-05-16 18:45:18.119379044  0.169597 -0.305664  1.843566  0.014644 -0.019877 -0.001523
4 2026-05-16 18:45:18.136048317  0.233365 -0.343386  1.887724  0.008262 -0.011215 -0.005345
2026-05-16 15:52:22 | INFO     | __main__ | Applied rotation to sensor data to align with reference frame:
                      timestamp      AccX      AccY      AccZ     GyroX     GyroY     GyroZ
0 2026-05-16 18:45:18.071083784 -0.168400  0.178728  1.820365 -0.031792  0.002326 -0.028821
1 2026-05-16 18:45:18.086339235 -0.160017  0.190404  1.830244 -0.028544  0.015739 -0.028598
2 2026-05-16 18:45:18.101767778 -0.188907  0.218396  1.809437 -0.028907  0.032390 -0.008746
3 2026-05-16 18:45:18.119379044 -0.169597  0.305664  1.843566 -0.014644  0.019877 -0.001523
4 2026-05-16 18:45:18.136048317 -0.233365  0.343386  1.887724 -0.008262  0.011215 -0.005345
2026-05-16 15:52:22 | INFO     | __main__ | Selected columns for inference:
['AccX', 'AccY', 'AccZ', 'GyroX', 'GyroY', 'GyroZ']
2026-05-16 15:52:22 | INFO     | __main__ | Sample of selected data:
                      timestamp      AccX      AccY      AccZ     GyroX     GyroY     GyroZ
0 2026-05-16 18:45:18.071083784 -0.168400  0.178728  1.820365 -0.031792  0.002326 -0.028821
1 2026-05-16 18:45:18.086339235 -0.160017  0.190404  1.830244 -0.028544  0.015739 -0.028598
2 2026-05-16 18:45:18.101767778 -0.188907  0.218396  1.809437 -0.028907  0.032390 -0.008746
3 2026-05-16 18:45:18.119379044 -0.169597  0.305664  1.843566 -0.014644  0.019877 -0.001523
4 2026-05-16 18:45:18.136048317 -0.233365  0.343386  1.887724 -0.008262  0.011215 -0.005345
2026-05-16 15:52:22 | INFO     | __main__ | Created 8 data windows for inference.

2026-05-16 15:52:22 | INFO     | __main__ | Windows:
[(Timestamp('2026-05-16 18:45:18.071083784'), Timestamp('2026-05-16 18:45:36.302976608')), (Timestamp('2026-05-16 18:45:18.921550512'), Timestamp('2026-05-16 18:45:38.315340042')), (Timestamp('2026-05-16 18:45:21.142644405'), Timestamp('2026-05-16 18:45:39.215562105')), (Timestamp('2026-05-16 18:45:22.224354506'), Timestamp('2026-05-16 18:45:41.125640391')), (Timestamp('2026-05-16 18:45:24.216712713'), Timestamp('2026-05-16 18:45:41.913113356')), (Timestamp('2026-05-16 18:45:25.086533785'), Timestamp('2026-05-16 18:45:44.920323372')), (Timestamp('2026-05-16 18:45:26.980265141'), Timestamp('2026-05-16 18:45:46.752595186')), (Timestamp('2026-05-16 18:45:28.916591883'), Timestamp('2026-05-16 18:45:47.538614035'))]
2026-05-16 15:52:23 | INFO     | __main__ | Predicted class: Normal

2026-05-16 15:52:23 | INFO     | __main__ | Predicted class: Normal

2026-05-16 15:52:23 | INFO     | __main__ | Predicted class: Normal

2026-05-16 15:52:23 | INFO     | __main__ | Predicted class: Normal

2026-05-16 15:52:23 | INFO     | __main__ | Predicted class: Normal

2026-05-16 15:52:23 | INFO     | __main__ | Predicted class: Normal

2026-05-16 15:52:23 | INFO     | __main__ | Predicted class: Normal

2026-05-16 15:52:23 | INFO     | __main__ | Predicted class: Normal

2026-05-16 15:53:55 | INFO     | __main__ | Loaded sensor data with shape:
 (956, 7)
2026-05-16 15:53:55 | INFO     | __main__ | Sensor data timestamp range:
 2026-05-16 18:45:18.071083784 - 2026-05-16 18:45:47.632263899
2026-05-16 15:53:55 | INFO     | __main__ | Sample of loaded sensor data:
                      timestamp      AccX      AccY      AccZ     GyroX     GyroY     GyroZ
0 2026-05-16 18:45:18.071083784  0.168400 -0.178728  1.820365  0.031792 -0.002326 -0.028821
1 2026-05-16 18:45:18.086339235  0.160017 -0.190404  1.830244  0.028544 -0.015739 -0.028598
2 2026-05-16 18:45:18.101767778  0.188907 -0.218396  1.809437  0.028907 -0.032390 -0.008746
3 2026-05-16 18:45:18.119379044  0.169597 -0.305664  1.843566  0.014644 -0.019877 -0.001523
4 2026-05-16 18:45:18.136048317  0.233365 -0.343386  1.887724  0.008262 -0.011215 -0.005345
2026-05-16 15:53:55 | INFO     | __main__ | Applied rotation to sensor data to align with reference frame:
                      timestamp      AccX      AccY      AccZ     GyroX     GyroY     GyroZ
0 2026-05-16 18:45:18.071083784 -0.168400  0.178728  1.820365 -0.031792  0.002326 -0.028821
1 2026-05-16 18:45:18.086339235 -0.160017  0.190404  1.830244 -0.028544  0.015739 -0.028598
2 2026-05-16 18:45:18.101767778 -0.188907  0.218396  1.809437 -0.028907  0.032390 -0.008746
3 2026-05-16 18:45:18.119379044 -0.169597  0.305664  1.843566 -0.014644  0.019877 -0.001523
4 2026-05-16 18:45:18.136048317 -0.233365  0.343386  1.887724 -0.008262  0.011215 -0.005345
2026-05-16 15:53:55 | INFO     | __main__ | Selected columns for inference:
['AccX', 'AccY', 'AccZ', 'GyroX', 'GyroY', 'GyroZ']
2026-05-16 15:53:55 | INFO     | __main__ | Sample of selected data:
                      timestamp      AccX      AccY      AccZ     GyroX     GyroY     GyroZ
0 2026-05-16 18:45:18.071083784 -0.168400  0.178728  1.820365 -0.031792  0.002326 -0.028821
1 2026-05-16 18:45:18.086339235 -0.160017  0.190404  1.830244 -0.028544  0.015739 -0.028598
2 2026-05-16 18:45:18.101767778 -0.188907  0.218396  1.809437 -0.028907  0.032390 -0.008746
3 2026-05-16 18:45:18.119379044 -0.169597  0.305664  1.843566 -0.014644  0.019877 -0.001523
4 2026-05-16 18:45:18.136048317 -0.233365  0.343386  1.887724 -0.008262  0.011215 -0.005345
2026-05-16 15:53:55 | INFO     | __main__ | Created 8 data windows for inference.

2026-05-16 15:53:55 | INFO     | __main__ | Windows:
[(Timestamp('2026-05-16 18:45:18.071083784'), Timestamp('2026-05-16 18:45:36.302976608')), (Timestamp('2026-05-16 18:45:18.921550512'), Timestamp('2026-05-16 18:45:38.315340042')), (Timestamp('2026-05-16 18:45:21.142644405'), Timestamp('2026-05-16 18:45:39.215562105')), (Timestamp('2026-05-16 18:45:22.224354506'), Timestamp('2026-05-16 18:45:41.125640391')), (Timestamp('2026-05-16 18:45:24.216712713'), Timestamp('2026-05-16 18:45:41.913113356')), (Timestamp('2026-05-16 18:45:25.086533785'), Timestamp('2026-05-16 18:45:44.920323372')), (Timestamp('2026-05-16 18:45:26.980265141'), Timestamp('2026-05-16 18:45:46.752595186')), (Timestamp('2026-05-16 18:45:28.916591883'), Timestamp('2026-05-16 18:45:47.538614035'))]
2026-05-16 15:53:57 | INFO     | __main__ | Fall detected in the current window.

2026-05-16 15:53:57 | INFO     | __main__ | Fall window (start, end): (Timestamp('2026-05-16 18:45:18.071083784'), Timestamp('2026-05-16 18:45:36.302976608'))
2026-05-16 15:53:57 | INFO     | __main__ | Sample of data in the fall window:
       AccX      AccY      AccZ     GyroX     GyroY     GyroZ
0  1.059132 -0.435232  0.720833  0.054665  0.282980 -0.208596
1  1.062692 -0.430631  0.723794  0.058511  0.299801 -0.208012
2  1.050423 -0.419603  0.717558  0.058080  0.320683 -0.156145
3  1.058623 -0.385218  0.727787  0.074968  0.304990 -0.137274
4  1.031543 -0.370356  0.741022  0.082523  0.294127 -0.147259
2026-05-16 15:53:57 | INFO     | __main__ | Predicted class: Normal

2026-05-16 15:53:57 | INFO     | __main__ | Fall detected in the current window.

2026-05-16 15:53:57 | INFO     | __main__ | Fall window (start, end): (Timestamp('2026-05-16 18:45:18.921550512'), Timestamp('2026-05-16 18:45:38.315340042'))
2026-05-16 15:53:57 | INFO     | __main__ | Sample of data in the fall window:
       AccX      AccY      AccZ     GyroX     GyroY     GyroZ
0  1.076041 -0.381975  0.706655 -0.195981  0.203565 -0.109311
1  1.071210 -0.391883  0.724018 -0.175414  0.254632 -0.122274
2  1.015270 -0.355789  0.731466 -0.171670  0.286157 -0.110995
3  0.954244 -0.280179  0.681037 -0.187605  0.280273 -0.116432
4  0.974141 -0.278705  0.667039 -0.224428  0.254318 -0.090142
2026-05-16 15:53:57 | INFO     | __main__ | Predicted class: Normal

2026-05-16 15:53:57 | INFO     | __main__ | Fall detected in the current window.

2026-05-16 15:53:57 | INFO     | __main__ | Fall window (start, end): (Timestamp('2026-05-16 18:45:21.142644405'), Timestamp('2026-05-16 18:45:39.215562105'))
2026-05-16 15:53:57 | INFO     | __main__ | Sample of data in the fall window:
       AccX      AccY      AccZ     GyroX     GyroY     GyroZ
0  0.754829 -0.413056  0.534461 -0.176484 -0.520397  0.222229
1  0.745612 -0.421313  0.550433 -0.211725 -0.531918  0.270537
2  0.717006 -0.392591  0.548594 -0.194805 -0.539002  0.328813
3  0.732135 -0.389170  0.542761 -0.165022 -0.540110  0.345772
4  0.714845 -0.397132  0.530468 -0.118166 -0.542992  0.431702
2026-05-16 15:53:57 | INFO     | __main__ | Predicted class: Normal

2026-05-16 15:53:57 | INFO     | __main__ | Fall detected in the current window.

2026-05-16 15:53:57 | INFO     | __main__ | Fall window (start, end): (Timestamp('2026-05-16 18:45:22.224354506'), Timestamp('2026-05-16 18:45:41.125640391'))
2026-05-16 15:53:57 | INFO     | __main__ | Sample of data in the fall window:
       AccX      AccY      AccZ     GyroX     GyroY     GyroZ
0  0.406219 -0.302709  0.066916  0.146171 -0.393923 -0.075807
1  0.415818 -0.324766  0.300307  0.226109 -0.315802 -0.031823
2  0.463431 -0.376431  0.317132  0.257084 -0.201770 -0.202151
3  0.406347 -0.802368  0.257102  0.025926 -0.193220 -0.197996
4  0.414038 -1.336824  0.062968 -0.084067 -0.207773 -0.092612
2026-05-16 15:53:57 | INFO     | __main__ | Predicted class: Normal

2026-05-16 15:53:57 | INFO     | __main__ | Fall detected in the current window.

2026-05-16 15:53:57 | INFO     | __main__ | Fall window (start, end): (Timestamp('2026-05-16 18:45:24.216712713'), Timestamp('2026-05-16 18:45:41.913113356'))
2026-05-16 15:53:57 | INFO     | __main__ | Sample of data in the fall window:
       AccX      AccY      AccZ     GyroX     GyroY     GyroZ
0  0.974967 -0.383449  0.364016 -0.038739 -1.161679  0.093829
1  0.998551 -0.484360  0.437282  0.043287 -1.300006  0.141574
2  1.014253 -0.520808  0.422387  0.066345 -1.444187  0.371014
3  1.070256 -0.443901  0.386853  0.055770 -1.484654  0.460985
4  1.192753 -0.285959  0.340327 -0.046049 -1.409288  0.314218
2026-05-16 15:53:57 | INFO     | __main__ | Predicted class: Normal

2026-05-16 15:53:57 | INFO     | __main__ | Fall detected in the current window.

2026-05-16 15:53:57 | INFO     | __main__ | Fall window (start, end): (Timestamp('2026-05-16 18:45:25.086533785'), Timestamp('2026-05-16 18:45:44.920323372'))
2026-05-16 15:53:57 | INFO     | __main__ | Sample of data in the fall window:
       AccX      AccY      AccZ     GyroX     GyroY     GyroZ
0  0.316778 -0.283836  0.380706 -0.018243 -1.088913 -0.662342
1  0.398655 -0.412879  0.372003  0.021233 -1.039012 -0.592301
2  0.352313 -0.550946  0.388648  0.043983 -0.962595 -0.516432
3  0.381555 -0.607270  0.381559  0.035431 -0.872696 -0.495935
4  0.404503 -0.723161  0.327541  0.035960 -0.808368 -0.473680
2026-05-16 15:53:57 | INFO     | __main__ | Predicted class: Normal

2026-05-16 15:53:57 | INFO     | __main__ | Fall detected in the current window.

2026-05-16 15:53:57 | INFO     | __main__ | Fall window (start, end): (Timestamp('2026-05-16 18:45:26.980265141'), Timestamp('2026-05-16 18:45:46.752595186'))
2026-05-16 15:53:57 | INFO     | __main__ | Sample of data in the fall window:
       AccX      AccY      AccZ     GyroX     GyroY     GyroZ
0  0.145843 -1.081863  0.117839  0.050181  0.546577 -0.365189
1  0.211318 -0.954294  0.131388  0.132173  0.499214 -0.405899
2  0.234966 -0.678869  0.176074  0.185459  0.491047 -0.424230
3  0.205279 -0.249393  0.224574  0.191143  0.488009 -0.425426
4  0.336930  0.102409  0.206583  0.177367  0.468371 -0.430782
2026-05-16 15:53:57 | INFO     | __main__ | Predicted class: Normal

2026-05-16 15:53:57 | INFO     | __main__ | Fall detected in the current window.

2026-05-16 15:53:57 | INFO     | __main__ | Fall window (start, end): (Timestamp('2026-05-16 18:45:28.916591883'), Timestamp('2026-05-16 18:45:47.538614035'))
2026-05-16 15:53:57 | INFO     | __main__ | Sample of data in the fall window:
       AccX      AccY      AccZ     GyroX     GyroY     GyroZ
0  0.975158 -0.574183  0.306544 -0.038214  0.136319 -0.243362
1  0.983613 -0.601077  0.257640  0.003567  0.160852 -0.291057
2  1.015015 -0.574419  0.172979  0.036306  0.167656 -0.306315
3  1.074134 -0.489963  0.203981  0.101030  0.190118 -0.323568
4  1.098481 -0.438298  0.258134  0.126823  0.178082 -0.279781
2026-05-16 15:53:57 | INFO     | __main__ | Predicted class: Normal

2026-05-16 16:01:52 | INFO     | __main__ | Loaded sensor data with shape:
 (845, 7)
2026-05-16 16:01:52 | INFO     | __main__ | Sensor data timestamp range:
 2026-05-16 18:59:51.474589109 - 2026-05-16 19:00:21.532880306
2026-05-16 16:01:52 | INFO     | __main__ | Sample of loaded sensor data:
                      timestamp      AccX      AccY      AccZ     GyroX     GyroY     GyroZ
0 2026-05-16 18:59:51.474589109 -0.479603 -0.422272  2.422562 -0.008014  0.046118 -0.037800
1 2026-05-16 18:59:51.507378101 -0.549507 -0.369132  2.625540 -0.026389 -0.015653  0.007923
2 2026-05-16 18:59:51.527257442 -0.540825 -0.362845  2.460434 -0.036419 -0.028134  0.012725
3 2026-05-16 18:59:51.543978453 -0.575853 -0.384101  2.476450  0.006981 -0.021620  0.005561
4 2026-05-16 18:59:51.565530777 -0.508792 -0.375270  2.387385  0.027290  0.004262 -0.007666
2026-05-16 16:01:52 | INFO     | __main__ | Applied rotation to sensor data to align with reference frame:
                      timestamp      AccX      AccY      AccZ     GyroX     GyroY     GyroZ
0 2026-05-16 18:59:51.474589109  0.479603  0.422272  2.422562  0.008014 -0.046118 -0.037800
1 2026-05-16 18:59:51.507378101  0.549507  0.369132  2.625540  0.026389  0.015653  0.007923
2 2026-05-16 18:59:51.527257442  0.540825  0.362845  2.460434  0.036419  0.028134  0.012725
3 2026-05-16 18:59:51.543978453  0.575853  0.384101  2.476450 -0.006981  0.021620  0.005561
4 2026-05-16 18:59:51.565530777  0.508792  0.375270  2.387385 -0.027290 -0.004262 -0.007666
2026-05-16 16:01:52 | INFO     | __main__ | Selected columns for inference:
['AccX', 'AccY', 'AccZ', 'GyroX', 'GyroY', 'GyroZ']
2026-05-16 16:01:52 | INFO     | __main__ | Sample of selected data:
                      timestamp      AccX      AccY      AccZ     GyroX     GyroY     GyroZ
0 2026-05-16 18:59:51.474589109  0.479603  0.422272  2.422562  0.008014 -0.046118 -0.037800
1 2026-05-16 18:59:51.507378101  0.549507  0.369132  2.625540  0.026389  0.015653  0.007923
2 2026-05-16 18:59:51.527257442  0.540825  0.362845  2.460434  0.036419  0.028134  0.012725
3 2026-05-16 18:59:51.543978453  0.575853  0.384101  2.476450 -0.006981  0.021620  0.005561
4 2026-05-16 18:59:51.565530777  0.508792  0.375270  2.387385 -0.027290 -0.004262 -0.007666
2026-05-16 16:01:52 | INFO     | __main__ | Created 5 data windows for inference.

2026-05-16 16:01:52 | INFO     | __main__ | Windows:
[(Timestamp('2026-05-16 18:59:51.474589109'), Timestamp('2026-05-16 19:00:13.988721371')), (Timestamp('2026-05-16 18:59:52.615576982'), Timestamp('2026-05-16 19:00:15.128199100')), (Timestamp('2026-05-16 18:59:56.279940367'), Timestamp('2026-05-16 19:00:17.279371500')), (Timestamp('2026-05-16 18:59:57.404384613'), Timestamp('2026-05-16 19:00:18.402436495')), (Timestamp('2026-05-16 18:59:59.857127905'), Timestamp('2026-05-16 19:00:20.455869913'))]
2026-05-16 16:01:53 | INFO     | __main__ | Predicted class: Normal

2026-05-16 16:01:53 | INFO     | __main__ | Predicted class: Fall

2026-05-16 16:01:53 | INFO     | __main__ | Predicted class: Fall

2026-05-16 16:01:53 | INFO     | __main__ | Predicted class: Normal

2026-05-16 16:01:53 | INFO     | __main__ | Predicted class: Normal

2026-05-16 16:03:13 | INFO     | __main__ | Loaded sensor data with shape:
 (845, 7)
2026-05-16 16:03:13 | INFO     | __main__ | Sensor data timestamp range:
 2026-05-16 18:59:51.474589109 - 2026-05-16 19:00:21.532880306
2026-05-16 16:03:13 | INFO     | __main__ | Sample of loaded sensor data:
                      timestamp      AccX      AccY      AccZ     GyroX     GyroY     GyroZ
0 2026-05-16 18:59:51.474589109 -0.479603 -0.422272  2.422562 -0.008014  0.046118 -0.037800
1 2026-05-16 18:59:51.507378101 -0.549507 -0.369132  2.625540 -0.026389 -0.015653  0.007923
2 2026-05-16 18:59:51.527257442 -0.540825 -0.362845  2.460434 -0.036419 -0.028134  0.012725
3 2026-05-16 18:59:51.543978453 -0.575853 -0.384101  2.476450  0.006981 -0.021620  0.005561
4 2026-05-16 18:59:51.565530777 -0.508792 -0.375270  2.387385  0.027290  0.004262 -0.007666
2026-05-16 16:03:13 | INFO     | __main__ | Applied rotation to sensor data to align with reference frame:
                      timestamp      AccX      AccY      AccZ     GyroX     GyroY     GyroZ
0 2026-05-16 18:59:51.474589109  0.479603  0.422272  2.422562  0.008014 -0.046118 -0.037800
1 2026-05-16 18:59:51.507378101  0.549507  0.369132  2.625540  0.026389  0.015653  0.007923
2 2026-05-16 18:59:51.527257442  0.540825  0.362845  2.460434  0.036419  0.028134  0.012725
3 2026-05-16 18:59:51.543978453  0.575853  0.384101  2.476450 -0.006981  0.021620  0.005561
4 2026-05-16 18:59:51.565530777  0.508792  0.375270  2.387385 -0.027290 -0.004262 -0.007666
2026-05-16 16:03:13 | INFO     | __main__ | Selected columns for inference:
['AccX', 'AccY', 'AccZ', 'GyroX', 'GyroY', 'GyroZ']
2026-05-16 16:03:13 | INFO     | __main__ | Sample of selected data:
                      timestamp      AccX      AccY      AccZ     GyroX     GyroY     GyroZ
0 2026-05-16 18:59:51.474589109  0.479603  0.422272  2.422562  0.008014 -0.046118 -0.037800
1 2026-05-16 18:59:51.507378101  0.549507  0.369132  2.625540  0.026389  0.015653  0.007923
2 2026-05-16 18:59:51.527257442  0.540825  0.362845  2.460434  0.036419  0.028134  0.012725
3 2026-05-16 18:59:51.543978453  0.575853  0.384101  2.476450 -0.006981  0.021620  0.005561
4 2026-05-16 18:59:51.565530777  0.508792  0.375270  2.387385 -0.027290 -0.004262 -0.007666
2026-05-16 16:03:13 | INFO     | __main__ | Created 5 data windows for inference.

2026-05-16 16:03:13 | INFO     | __main__ | Windows:
[(Timestamp('2026-05-16 18:59:51.474589109'), Timestamp('2026-05-16 19:00:13.988721371')), (Timestamp('2026-05-16 18:59:52.615576982'), Timestamp('2026-05-16 19:00:15.128199100')), (Timestamp('2026-05-16 18:59:56.279940367'), Timestamp('2026-05-16 19:00:17.279371500')), (Timestamp('2026-05-16 18:59:57.404384613'), Timestamp('2026-05-16 19:00:18.402436495')), (Timestamp('2026-05-16 18:59:59.857127905'), Timestamp('2026-05-16 19:00:20.455869913'))]
2026-05-16 16:03:14 | INFO     | __main__ | Predicted class: Normal

2026-05-16 16:03:14 | INFO     | __main__ | Fall detected in the current window.

2026-05-16 16:03:14 | INFO     | __main__ | Fall window (start, end): (Timestamp('2026-05-16 18:59:52.615576982'), Timestamp('2026-05-16 19:00:15.128199100'))
2026-05-16 16:03:14 | INFO     | __main__ | Sample of data in the fall window:
       AccX      AccY      AccZ     GyroX     GyroY     GyroZ
0 -0.137310 -0.956649  0.255670  0.070907  0.442384 -0.332863
1 -0.135299 -1.152807  0.079484 -0.027679  0.058433 -0.436855
2  0.040361 -1.286723  0.205719 -0.251711 -0.059882 -0.174909
3  0.004749 -1.107645  0.288797 -0.155528  0.092185  0.106358
4 -0.252708 -0.764996  0.026616  0.300619  0.347944  0.281986
2026-05-16 16:03:14 | INFO     | __main__ | Predicted class: Fall

2026-05-16 16:03:14 | INFO     | __main__ | Fall detected in the current window.

2026-05-16 16:03:14 | INFO     | __main__ | Fall window (start, end): (Timestamp('2026-05-16 18:59:56.279940367'), Timestamp('2026-05-16 19:00:17.279371500'))
2026-05-16 16:03:14 | INFO     | __main__ | Sample of data in the fall window:
       AccX      AccY      AccZ     GyroX     GyroY     GyroZ
0  0.163348 -0.210942 -0.342700  0.175025 -1.421717  0.805592
1  0.181381 -0.071368 -0.338104  0.261831 -1.515954  0.730710
2  0.269925 -0.068591 -0.246994  0.255945 -1.484612  0.698523
3  0.263697 -0.098664 -0.200720  0.284291 -1.400265  0.581843
4  0.200063 -0.226188 -0.203917  0.277332 -1.359001  0.544985
2026-05-16 16:03:14 | INFO     | __main__ | Predicted class: Fall

2026-05-16 16:03:14 | INFO     | __main__ | Predicted class: Normal

2026-05-16 16:03:14 | INFO     | __main__ | Predicted class: Normal

2026-05-16 16:05:02 | INFO     | __main__ | Loaded sensor data with shape:
 (845, 7)
2026-05-16 16:05:02 | INFO     | __main__ | Sensor data timestamp range:
 2026-05-16 18:59:51.474589109 - 2026-05-16 19:00:21.532880306
2026-05-16 16:05:02 | INFO     | __main__ | Sample of loaded sensor data:
                      timestamp      AccX      AccY      AccZ     GyroX     GyroY     GyroZ
0 2026-05-16 18:59:51.474589109 -0.479603 -0.422272  2.422562 -0.008014  0.046118 -0.037800
1 2026-05-16 18:59:51.507378101 -0.549507 -0.369132  2.625540 -0.026389 -0.015653  0.007923
2 2026-05-16 18:59:51.527257442 -0.540825 -0.362845  2.460434 -0.036419 -0.028134  0.012725
3 2026-05-16 18:59:51.543978453 -0.575853 -0.384101  2.476450  0.006981 -0.021620  0.005561
4 2026-05-16 18:59:51.565530777 -0.508792 -0.375270  2.387385  0.027290  0.004262 -0.007666
2026-05-16 16:05:02 | INFO     | __main__ | Applied rotation to sensor data to align with reference frame:
                      timestamp      AccX      AccY      AccZ     GyroX     GyroY     GyroZ
0 2026-05-16 18:59:51.474589109  0.479603  0.422272  2.422562  0.008014 -0.046118 -0.037800
1 2026-05-16 18:59:51.507378101  0.549507  0.369132  2.625540  0.026389  0.015653  0.007923
2 2026-05-16 18:59:51.527257442  0.540825  0.362845  2.460434  0.036419  0.028134  0.012725
3 2026-05-16 18:59:51.543978453  0.575853  0.384101  2.476450 -0.006981  0.021620  0.005561
4 2026-05-16 18:59:51.565530777  0.508792  0.375270  2.387385 -0.027290 -0.004262 -0.007666
2026-05-16 16:05:02 | INFO     | __main__ | Selected columns for inference:
['AccX', 'AccY', 'AccZ', 'GyroX', 'GyroY', 'GyroZ']
2026-05-16 16:05:02 | INFO     | __main__ | Sample of selected data:
                      timestamp      AccX      AccY      AccZ     GyroX     GyroY     GyroZ
0 2026-05-16 18:59:51.474589109  0.479603  0.422272  2.422562  0.008014 -0.046118 -0.037800
1 2026-05-16 18:59:51.507378101  0.549507  0.369132  2.625540  0.026389  0.015653  0.007923
2 2026-05-16 18:59:51.527257442  0.540825  0.362845  2.460434  0.036419  0.028134  0.012725
3 2026-05-16 18:59:51.543978453  0.575853  0.384101  2.476450 -0.006981  0.021620  0.005561
4 2026-05-16 18:59:51.565530777  0.508792  0.375270  2.387385 -0.027290 -0.004262 -0.007666
2026-05-16 16:05:02 | INFO     | __main__ | Created 3 data windows for inference.

2026-05-16 16:05:02 | INFO     | __main__ | Windows:
[(Timestamp('2026-05-16 18:59:51.474589109'), Timestamp('2026-05-16 19:00:13.988721371')), (Timestamp('2026-05-16 18:59:56.279940367'), Timestamp('2026-05-16 19:00:17.279371500')), (Timestamp('2026-05-16 18:59:59.857127905'), Timestamp('2026-05-16 19:00:20.455869913'))]
2026-05-16 16:05:03 | INFO     | __main__ | Predicted class: Normal

2026-05-16 16:05:03 | INFO     | __main__ | Predicted class: Fall

2026-05-16 16:05:03 | INFO     | __main__ | Predicted class: Normal

2026-05-16 16:06:25 | INFO     | __main__ | Loaded sensor data with shape:
 (845, 7)
2026-05-16 16:06:26 | INFO     | __main__ | Sensor data timestamp range:
 2026-05-16 18:59:51.474589109 - 2026-05-16 19:00:21.532880306
2026-05-16 16:06:26 | INFO     | __main__ | Sample of loaded sensor data:
                      timestamp      AccX      AccY      AccZ     GyroX     GyroY     GyroZ
0 2026-05-16 18:59:51.474589109 -0.479603 -0.422272  2.422562 -0.008014  0.046118 -0.037800
1 2026-05-16 18:59:51.507378101 -0.549507 -0.369132  2.625540 -0.026389 -0.015653  0.007923
2 2026-05-16 18:59:51.527257442 -0.540825 -0.362845  2.460434 -0.036419 -0.028134  0.012725
3 2026-05-16 18:59:51.543978453 -0.575853 -0.384101  2.476450  0.006981 -0.021620  0.005561
4 2026-05-16 18:59:51.565530777 -0.508792 -0.375270  2.387385  0.027290  0.004262 -0.007666
2026-05-16 16:06:26 | INFO     | __main__ | Applied rotation to sensor data to align with reference frame:
                      timestamp      AccX      AccY      AccZ     GyroX     GyroY     GyroZ
0 2026-05-16 18:59:51.474589109  0.479603  0.422272  2.422562  0.008014 -0.046118 -0.037800
1 2026-05-16 18:59:51.507378101  0.549507  0.369132  2.625540  0.026389  0.015653  0.007923
2 2026-05-16 18:59:51.527257442  0.540825  0.362845  2.460434  0.036419  0.028134  0.012725
3 2026-05-16 18:59:51.543978453  0.575853  0.384101  2.476450 -0.006981  0.021620  0.005561
4 2026-05-16 18:59:51.565530777  0.508792  0.375270  2.387385 -0.027290 -0.004262 -0.007666
2026-05-16 16:06:26 | INFO     | __main__ | Selected columns for inference:
['AccX', 'AccY', 'AccZ', 'GyroX', 'GyroY', 'GyroZ']
2026-05-16 16:06:26 | INFO     | __main__ | Sample of selected data:
                      timestamp      AccX      AccY      AccZ     GyroX     GyroY     GyroZ
0 2026-05-16 18:59:51.474589109  0.479603  0.422272  2.422562  0.008014 -0.046118 -0.037800
1 2026-05-16 18:59:51.507378101  0.549507  0.369132  2.625540  0.026389  0.015653  0.007923
2 2026-05-16 18:59:51.527257442  0.540825  0.362845  2.460434  0.036419  0.028134  0.012725
3 2026-05-16 18:59:51.543978453  0.575853  0.384101  2.476450 -0.006981  0.021620  0.005561
4 2026-05-16 18:59:51.565530777  0.508792  0.375270  2.387385 -0.027290 -0.004262 -0.007666
2026-05-16 16:06:26 | INFO     | __main__ | Created 3 data windows for inference.

2026-05-16 16:06:26 | INFO     | __main__ | Windows:
[(Timestamp('2026-05-16 18:59:51.474589109'), Timestamp('2026-05-16 19:00:13.988721371')), (Timestamp('2026-05-16 18:59:56.279940367'), Timestamp('2026-05-16 19:00:17.279371500')), (Timestamp('2026-05-16 18:59:59.857127905'), Timestamp('2026-05-16 19:00:20.455869913'))]
2026-05-16 16:06:27 | INFO     | __main__ | Predicted class: Normal

2026-05-16 16:06:27 | INFO     | __main__ | Fall detected in the current window.

2026-05-16 16:06:27 | INFO     | __main__ | Fall window (start, end): (Timestamp('2026-05-16 18:59:56.279940367'), Timestamp('2026-05-16 19:00:17.279371500'))
2026-05-16 16:06:27 | INFO     | __main__ | Sample of data in the fall window:
       AccX      AccY      AccZ     GyroX     GyroY     GyroZ
0  0.172708 -0.215013 -0.350198  0.186498 -1.439925  0.817334
1  0.190734 -0.076577 -0.345663  0.274259 -1.534114  0.742324
2  0.279240 -0.073823 -0.255750  0.268308 -1.502788  0.710082
3  0.273016 -0.103651 -0.210084  0.296966 -1.418484  0.593203
4  0.209408 -0.230135 -0.213239  0.289931 -1.377241  0.556282
2026-05-16 16:06:27 | INFO     | __main__ | Predicted class: Fall

2026-05-16 16:06:27 | INFO     | __main__ | Predicted class: Normal

2026-05-16 16:13:32 | INFO     | __main__ | Loaded sensor data with shape:
 (3308, 7)
2026-05-16 16:13:32 | INFO     | __main__ | Sensor data timestamp range:
 2026-05-16 19:09:22.640547752 - 2026-05-16 19:11:28.406032562
2026-05-16 16:13:32 | INFO     | __main__ | Sample of loaded sensor data:
                      timestamp      AccX      AccY      AccZ     GyroX     GyroY     GyroZ
0 2026-05-16 19:09:22.640547752  0.516127 -0.037572  1.349144  0.033395 -0.039844 -0.029847
1 2026-05-16 19:09:22.660329103  0.763113 -0.098196  1.376987  0.141648 -0.036884 -0.089730
2 2026-05-16 19:09:22.682010889  0.788410 -0.310005  1.486409  0.166944 -0.052203 -0.084989
3 2026-05-16 19:09:22.704690456  0.727337 -0.517624  1.456322  0.160875 -0.063093 -0.048552
4 2026-05-16 19:09:22.729171991  0.722547 -0.449964  1.486858  0.042829 -0.088765  0.012982
2026-05-16 16:13:32 | INFO     | __main__ | Applied rotation to sensor data to align with reference frame:
                      timestamp      AccX      AccY      AccZ     GyroX     GyroY     GyroZ
0 2026-05-16 19:09:22.640547752 -0.516127  0.037572  1.349144 -0.033395  0.039844 -0.029847
1 2026-05-16 19:09:22.660329103 -0.763113  0.098196  1.376987 -0.141648  0.036884 -0.089730
2 2026-05-16 19:09:22.682010889 -0.788410  0.310005  1.486409 -0.166944  0.052203 -0.084989
3 2026-05-16 19:09:22.704690456 -0.727337  0.517624  1.456322 -0.160875  0.063093 -0.048552
4 2026-05-16 19:09:22.729171991 -0.722547  0.449964  1.486858 -0.042829  0.088765  0.012982
2026-05-16 16:13:32 | INFO     | __main__ | Selected columns for inference:
['AccX', 'AccY', 'AccZ', 'GyroX', 'GyroY', 'GyroZ']
2026-05-16 16:13:32 | INFO     | __main__ | Sample of selected data:
                      timestamp      AccX      AccY      AccZ     GyroX     GyroY     GyroZ
0 2026-05-16 19:09:22.640547752 -0.516127  0.037572  1.349144 -0.033395  0.039844 -0.029847
1 2026-05-16 19:09:22.660329103 -0.763113  0.098196  1.376987 -0.141648  0.036884 -0.089730
2 2026-05-16 19:09:22.682010889 -0.788410  0.310005  1.486409 -0.166944  0.052203 -0.084989
3 2026-05-16 19:09:22.704690456 -0.727337  0.517624  1.456322 -0.160875  0.063093 -0.048552
4 2026-05-16 19:09:22.729171991 -0.722547  0.449964  1.486858 -0.042829  0.088765  0.012982
2026-05-16 16:13:32 | INFO     | __main__ | Created 28 data windows for inference.

2026-05-16 16:13:32 | INFO     | __main__ | Windows:
[(Timestamp('2026-05-16 19:09:22.640547752'), Timestamp('2026-05-16 19:09:47.059794903')), (Timestamp('2026-05-16 19:09:25.961245537'), Timestamp('2026-05-16 19:09:50.541763783')), (Timestamp('2026-05-16 19:09:29.848026514'), Timestamp('2026-05-16 19:09:54.038429976')), (Timestamp('2026-05-16 19:09:33.132678509'), Timestamp('2026-05-16 19:09:57.826901436')), (Timestamp('2026-05-16 19:09:36.982614994'), Timestamp('2026-05-16 19:10:02.042310238')), (Timestamp('2026-05-16 19:09:42.352195263'), Timestamp('2026-05-16 19:10:05.591131926')), (Timestamp('2026-05-16 19:09:47.080532551'), Timestamp('2026-05-16 19:10:09.900670052')), (Timestamp('2026-05-16 19:09:50.593742371'), Timestamp('2026-05-16 19:10:15.219519138')), (Timestamp('2026-05-16 19:09:54.058666706'), Timestamp('2026-05-16 19:10:20.906068087')), (Timestamp('2026-05-16 19:09:57.849130869'), Timestamp('2026-05-16 19:10:24.157829285')), (Timestamp('2026-05-16 19:10:02.061092615'), Timestamp('2026-05-16 19:10:27.917795420')), (Timestamp('2026-05-16 19:10:05.616225481'), Timestamp('2026-05-16 19:10:31.190294504')), (Timestamp('2026-05-16 19:10:09.918634892'), Timestamp('2026-05-16 19:10:35.818282843')), (Timestamp('2026-05-16 19:10:15.269675493'), Timestamp('2026-05-16 19:10:39.161344290')), (Timestamp('2026-05-16 19:10:20.925382853'), Timestamp('2026-05-16 19:10:41.678456068')), (Timestamp('2026-05-16 19:10:24.179231405'), Timestamp('2026-05-16 19:10:45.986178160')), (Timestamp('2026-05-16 19:10:27.936348438'), Timestamp('2026-05-16 19:10:49.471533298')), (Timestamp('2026-05-16 19:10:31.212373257'), Timestamp('2026-05-16 19:10:53.613801718')), (Timestamp('2026-05-16 19:10:35.870471239'), Timestamp('2026-05-16 19:10:57.198307753')), (Timestamp('2026-05-16 19:10:39.183646441'), Timestamp('2026-05-16 19:11:01.371292114')), (Timestamp('2026-05-16 19:10:41.698503494'), Timestamp('2026-05-16 19:11:06.206509590')), (Timestamp('2026-05-16 19:10:46.006848574'), Timestamp('2026-05-16 19:11:10.120063543')), (Timestamp('2026-05-16 19:10:49.492892742'), Timestamp('2026-05-16 19:11:13.538949013')), (Timestamp('2026-05-16 19:10:53.634481192'), Timestamp('2026-05-16 19:11:17.101100445')), (Timestamp('2026-05-16 19:10:57.217141390'), Timestamp('2026-05-16 19:11:20.485783100')), (Timestamp('2026-05-16 19:11:01.391372442'), Timestamp('2026-05-16 19:11:23.734265566')), (Timestamp('2026-05-16 19:11:06.224564314'), Timestamp('2026-05-16 19:11:26.031795502')), (Timestamp('2026-05-16 19:11:10.181755543'), Timestamp('2026-05-16 19:11:28.268315077'))]
2026-05-16 16:13:33 | INFO     | __main__ | Predicted class: Normal

2026-05-16 16:13:33 | INFO     | __main__ | Predicted class: Fall

2026-05-16 16:13:33 | INFO     | __main__ | Predicted class: Fall

2026-05-16 16:13:33 | INFO     | __main__ | Predicted class: Fall

2026-05-16 16:13:33 | INFO     | __main__ | Predicted class: Fall

2026-05-16 16:13:33 | INFO     | __main__ | Predicted class: Normal

2026-05-16 16:13:33 | INFO     | __main__ | Predicted class: Normal

2026-05-16 16:13:33 | INFO     | __main__ | Predicted class: Normal

2026-05-16 16:13:33 | INFO     | __main__ | Predicted class: Normal

2026-05-16 16:13:33 | INFO     | __main__ | Predicted class: Normal

2026-05-16 16:13:33 | INFO     | __main__ | Predicted class: Normal

2026-05-16 16:13:33 | INFO     | __main__ | Predicted class: Normal

2026-05-16 16:13:33 | INFO     | __main__ | Predicted class: Fall

2026-05-16 16:13:33 | INFO     | __main__ | Predicted class: Fall

2026-05-16 16:13:33 | INFO     | __main__ | Predicted class: Normal

2026-05-16 16:13:33 | INFO     | __main__ | Predicted class: Normal

2026-05-16 16:13:33 | INFO     | __main__ | Predicted class: Normal

2026-05-16 16:13:33 | INFO     | __main__ | Predicted class: Normal

2026-05-16 16:13:33 | INFO     | __main__ | Predicted class: Normal

2026-05-16 16:13:33 | INFO     | __main__ | Predicted class: Fall

2026-05-16 16:13:33 | INFO     | __main__ | Predicted class: Normal

2026-05-16 16:13:33 | INFO     | __main__ | Predicted class: Normal

2026-05-16 16:13:33 | INFO     | __main__ | Predicted class: Normal

2026-05-16 16:13:33 | INFO     | __main__ | Predicted class: Normal

2026-05-16 16:13:33 | INFO     | __main__ | Predicted class: Normal

2026-05-16 16:13:33 | INFO     | __main__ | Predicted class: Normal

2026-05-16 16:13:33 | INFO     | __main__ | Predicted class: Normal

2026-05-16 16:13:33 | INFO     | __main__ | Predicted class: Normal

2026-05-16 16:15:03 | INFO     | __main__ | Loaded sensor data with shape:
 (3308, 7)
2026-05-16 16:15:03 | INFO     | __main__ | Sensor data timestamp range:
 2026-05-16 19:09:22.640547752 - 2026-05-16 19:11:28.406032562
2026-05-16 16:15:03 | INFO     | __main__ | Sample of loaded sensor data:
                      timestamp      AccX      AccY      AccZ     GyroX     GyroY     GyroZ
0 2026-05-16 19:09:22.640547752  0.516127 -0.037572  1.349144  0.033395 -0.039844 -0.029847
1 2026-05-16 19:09:22.660329103  0.763113 -0.098196  1.376987  0.141648 -0.036884 -0.089730
2 2026-05-16 19:09:22.682010889  0.788410 -0.310005  1.486409  0.166944 -0.052203 -0.084989
3 2026-05-16 19:09:22.704690456  0.727337 -0.517624  1.456322  0.160875 -0.063093 -0.048552
4 2026-05-16 19:09:22.729171991  0.722547 -0.449964  1.486858  0.042829 -0.088765  0.012982
2026-05-16 16:15:03 | INFO     | __main__ | Applied rotation to sensor data to align with reference frame:
                      timestamp      AccX      AccY      AccZ     GyroX     GyroY     GyroZ
0 2026-05-16 19:09:22.640547752 -0.516127  0.037572  1.349144 -0.033395  0.039844 -0.029847
1 2026-05-16 19:09:22.660329103 -0.763113  0.098196  1.376987 -0.141648  0.036884 -0.089730
2 2026-05-16 19:09:22.682010889 -0.788410  0.310005  1.486409 -0.166944  0.052203 -0.084989
3 2026-05-16 19:09:22.704690456 -0.727337  0.517624  1.456322 -0.160875  0.063093 -0.048552
4 2026-05-16 19:09:22.729171991 -0.722547  0.449964  1.486858 -0.042829  0.088765  0.012982
2026-05-16 16:15:03 | INFO     | __main__ | Selected columns for inference:
['AccX', 'AccY', 'AccZ', 'GyroX', 'GyroY', 'GyroZ']
2026-05-16 16:15:03 | INFO     | __main__ | Sample of selected data:
                      timestamp      AccX      AccY      AccZ     GyroX     GyroY     GyroZ
0 2026-05-16 19:09:22.640547752 -0.516127  0.037572  1.349144 -0.033395  0.039844 -0.029847
1 2026-05-16 19:09:22.660329103 -0.763113  0.098196  1.376987 -0.141648  0.036884 -0.089730
2 2026-05-16 19:09:22.682010889 -0.788410  0.310005  1.486409 -0.166944  0.052203 -0.084989
3 2026-05-16 19:09:22.704690456 -0.727337  0.517624  1.456322 -0.160875  0.063093 -0.048552
4 2026-05-16 19:09:22.729171991 -0.722547  0.449964  1.486858 -0.042829  0.088765  0.012982
2026-05-16 16:15:03 | INFO     | __main__ | Created 28 data windows for inference.

2026-05-16 16:15:03 | INFO     | __main__ | Windows:
[(Timestamp('2026-05-16 19:09:22.640547752'), Timestamp('2026-05-16 19:09:47.059794903')), (Timestamp('2026-05-16 19:09:25.961245537'), Timestamp('2026-05-16 19:09:50.541763783')), (Timestamp('2026-05-16 19:09:29.848026514'), Timestamp('2026-05-16 19:09:54.038429976')), (Timestamp('2026-05-16 19:09:33.132678509'), Timestamp('2026-05-16 19:09:57.826901436')), (Timestamp('2026-05-16 19:09:36.982614994'), Timestamp('2026-05-16 19:10:02.042310238')), (Timestamp('2026-05-16 19:09:42.352195263'), Timestamp('2026-05-16 19:10:05.591131926')), (Timestamp('2026-05-16 19:09:47.080532551'), Timestamp('2026-05-16 19:10:09.900670052')), (Timestamp('2026-05-16 19:09:50.593742371'), Timestamp('2026-05-16 19:10:15.219519138')), (Timestamp('2026-05-16 19:09:54.058666706'), Timestamp('2026-05-16 19:10:20.906068087')), (Timestamp('2026-05-16 19:09:57.849130869'), Timestamp('2026-05-16 19:10:24.157829285')), (Timestamp('2026-05-16 19:10:02.061092615'), Timestamp('2026-05-16 19:10:27.917795420')), (Timestamp('2026-05-16 19:10:05.616225481'), Timestamp('2026-05-16 19:10:31.190294504')), (Timestamp('2026-05-16 19:10:09.918634892'), Timestamp('2026-05-16 19:10:35.818282843')), (Timestamp('2026-05-16 19:10:15.269675493'), Timestamp('2026-05-16 19:10:39.161344290')), (Timestamp('2026-05-16 19:10:20.925382853'), Timestamp('2026-05-16 19:10:41.678456068')), (Timestamp('2026-05-16 19:10:24.179231405'), Timestamp('2026-05-16 19:10:45.986178160')), (Timestamp('2026-05-16 19:10:27.936348438'), Timestamp('2026-05-16 19:10:49.471533298')), (Timestamp('2026-05-16 19:10:31.212373257'), Timestamp('2026-05-16 19:10:53.613801718')), (Timestamp('2026-05-16 19:10:35.870471239'), Timestamp('2026-05-16 19:10:57.198307753')), (Timestamp('2026-05-16 19:10:39.183646441'), Timestamp('2026-05-16 19:11:01.371292114')), (Timestamp('2026-05-16 19:10:41.698503494'), Timestamp('2026-05-16 19:11:06.206509590')), (Timestamp('2026-05-16 19:10:46.006848574'), Timestamp('2026-05-16 19:11:10.120063543')), (Timestamp('2026-05-16 19:10:49.492892742'), Timestamp('2026-05-16 19:11:13.538949013')), (Timestamp('2026-05-16 19:10:53.634481192'), Timestamp('2026-05-16 19:11:17.101100445')), (Timestamp('2026-05-16 19:10:57.217141390'), Timestamp('2026-05-16 19:11:20.485783100')), (Timestamp('2026-05-16 19:11:01.391372442'), Timestamp('2026-05-16 19:11:23.734265566')), (Timestamp('2026-05-16 19:11:06.224564314'), Timestamp('2026-05-16 19:11:26.031795502')), (Timestamp('2026-05-16 19:11:10.181755543'), Timestamp('2026-05-16 19:11:28.268315077'))]
2026-05-16 16:15:05 | INFO     | __main__ | Predicted class: Normal

2026-05-16 16:15:05 | INFO     | __main__ | Fall detected in the current window.

2026-05-16 16:15:05 | INFO     | __main__ | Fall window (start, end): (Timestamp('2026-05-16 19:09:25.961245537'), Timestamp('2026-05-16 19:09:50.541763783'))
2026-05-16 16:15:05 | INFO     | __main__ | Sample of data in the fall window:
       AccX      AccY      AccZ     GyroX     GyroY     GyroZ
0  0.451029 -0.407609  0.259549 -0.683799 -0.146265  0.258565
1  0.465011 -0.502447  0.248458 -0.730842 -0.184415  0.300445
2  0.521006 -0.491809  0.267002 -0.726279 -0.261561  0.494651
3  0.498487 -0.444024  0.311279 -0.601130 -0.308674  0.613286
4  0.203318 -0.919003 -0.014441 -0.236431 -0.036662  0.730264
2026-05-16 16:15:05 | INFO     | __main__ | Predicted class: Fall

2026-05-16 16:15:05 | INFO     | __main__ | Fall detected in the current window.

2026-05-16 16:15:05 | INFO     | __main__ | Fall window (start, end): (Timestamp('2026-05-16 19:09:29.848026514'), Timestamp('2026-05-16 19:09:54.038429976'))
2026-05-16 16:15:05 | INFO     | __main__ | Sample of data in the fall window:
       AccX      AccY      AccZ     GyroX     GyroY     GyroZ
0  0.423468 -0.429166  0.035316  0.270855  1.451369 -0.195648
1  0.538080 -0.417852  0.038604  0.212194  1.324279  0.061039
2  0.483698 -0.361006  0.085029  0.232436  1.260464  0.259322
3  0.374531 -0.313052  0.107430  0.243621  1.230706  0.353681
4  0.595016 -0.310182  0.110543  0.232109  1.184315  0.437182
2026-05-16 16:15:05 | INFO     | __main__ | Predicted class: Fall

2026-05-16 16:15:05 | INFO     | __main__ | Fall detected in the current window.

2026-05-16 16:15:05 | INFO     | __main__ | Fall window (start, end): (Timestamp('2026-05-16 19:09:33.132678509'), Timestamp('2026-05-16 19:09:57.826901436'))
2026-05-16 16:15:05 | INFO     | __main__ | Sample of data in the fall window:
       AccX      AccY      AccZ     GyroX     GyroY     GyroZ
0 -0.219503 -0.421736 -0.046224 -0.126246  0.133988  0.163155
1 -0.253719 -0.357010  0.014975 -0.146721  0.067758  0.114255
2 -0.243905 -0.289075  0.052895 -0.154950  0.068347  0.046409
3 -0.235771 -0.288963  0.100547 -0.142038  0.240398 -0.213132
4 -0.250492 -0.354421  0.083319 -0.082302  0.342447 -0.315739
2026-05-16 16:15:05 | INFO     | __main__ | Predicted class: Fall

2026-05-16 16:15:05 | INFO     | __main__ | Fall detected in the current window.

2026-05-16 16:15:05 | INFO     | __main__ | Fall window (start, end): (Timestamp('2026-05-16 19:09:36.982614994'), Timestamp('2026-05-16 19:10:02.042310238'))
2026-05-16 16:15:05 | INFO     | __main__ | Sample of data in the fall window:
       AccX      AccY      AccZ     GyroX     GyroY     GyroZ
0 -0.436494 -0.301458 -0.003437 -0.457187 -2.344032  0.275047
1 -0.375927 -0.277931  0.046144 -0.414270 -2.280644  0.164769
2 -0.330889 -0.320369  0.101599 -0.390918 -2.250809  0.077282
3 -0.451551 -0.339449  0.121283 -0.260566 -2.130287 -0.061717
4 -0.480994 -0.302471  0.129919 -0.180915 -2.058966 -0.220624
2026-05-16 16:15:05 | INFO     | __main__ | Predicted class: Fall

2026-05-16 16:15:05 | INFO     | __main__ | Predicted class: Normal

2026-05-16 16:15:05 | INFO     | __main__ | Predicted class: Normal

2026-05-16 16:15:05 | INFO     | __main__ | Predicted class: Normal

2026-05-16 16:15:05 | INFO     | __main__ | Predicted class: Normal

2026-05-16 16:15:05 | INFO     | __main__ | Predicted class: Normal

2026-05-16 16:15:05 | INFO     | __main__ | Predicted class: Normal

2026-05-16 16:15:05 | INFO     | __main__ | Predicted class: Normal

2026-05-16 16:15:05 | INFO     | __main__ | Fall detected in the current window.

2026-05-16 16:15:05 | INFO     | __main__ | Fall window (start, end): (Timestamp('2026-05-16 19:10:09.918634892'), Timestamp('2026-05-16 19:10:35.818282843'))
2026-05-16 16:15:05 | INFO     | __main__ | Sample of data in the fall window:
       AccX      AccY      AccZ     GyroX     GyroY     GyroZ
0  0.539962 -0.381662  0.369759  0.253690 -0.886662  0.329747
1  0.529207 -0.408453  0.393914  0.258994 -0.835799  0.400990
2  0.565910 -0.426970  0.392073  0.219145 -0.795100  0.509661
3  0.584597 -0.436539  0.377869  0.229356 -0.771442  0.512969
4  0.579690 -0.414813  0.342623  0.257933 -0.683267  0.464863
2026-05-16 16:15:05 | INFO     | __main__ | Predicted class: Fall

2026-05-16 16:15:05 | INFO     | __main__ | Fall detected in the current window.

2026-05-16 16:15:05 | INFO     | __main__ | Fall window (start, end): (Timestamp('2026-05-16 19:10:15.269675493'), Timestamp('2026-05-16 19:10:39.161344290'))
2026-05-16 16:15:05 | INFO     | __main__ | Sample of data in the fall window:
       AccX      AccY      AccZ     GyroX     GyroY     GyroZ
0  0.428039 -0.512184  0.029047  0.158495  0.562060  0.223487
1  0.351272 -0.626440  0.017254  0.171583  0.704564  0.140710
2  0.362565 -0.549613  0.013221  0.175425  0.700681  0.152311
3  0.406528 -0.481960  0.019665  0.176956  0.775592  0.228313
4  0.330702 -0.403838  0.005856  0.147767  0.798374  0.324401
2026-05-16 16:15:05 | INFO     | __main__ | Predicted class: Fall

2026-05-16 16:15:05 | INFO     | __main__ | Predicted class: Normal

2026-05-16 16:15:05 | INFO     | __main__ | Predicted class: Normal

2026-05-16 16:15:05 | INFO     | __main__ | Predicted class: Normal

2026-05-16 16:15:05 | INFO     | __main__ | Predicted class: Normal

2026-05-16 16:15:05 | INFO     | __main__ | Predicted class: Normal

2026-05-16 16:15:05 | INFO     | __main__ | Fall detected in the current window.

2026-05-16 16:15:05 | INFO     | __main__ | Fall window (start, end): (Timestamp('2026-05-16 19:10:39.183646441'), Timestamp('2026-05-16 19:11:01.371292114'))
2026-05-16 16:15:05 | INFO     | __main__ | Sample of data in the fall window:
       AccX      AccY      AccZ     GyroX     GyroY     GyroZ
0 -1.243552  0.922377 -2.059898  0.849490  0.189099 -1.729178
1 -1.290472  0.999823 -1.841407  0.793917  0.176344 -1.662599
2 -1.034964  0.941513 -1.581884  0.913936 -0.015035 -2.031343
3 -1.314672  1.099727 -1.458084  1.421197  0.027892 -2.272097
4 -1.475465  1.437993 -1.677802  1.594828 -0.007788 -2.078163
2026-05-16 16:15:05 | INFO     | __main__ | Predicted class: Fall

2026-05-16 16:15:05 | INFO     | __main__ | Predicted class: Normal

2026-05-16 16:15:05 | INFO     | __main__ | Predicted class: Normal

2026-05-16 16:15:05 | INFO     | __main__ | Predicted class: Normal

2026-05-16 16:15:05 | INFO     | __main__ | Predicted class: Normal

2026-05-16 16:15:05 | INFO     | __main__ | Predicted class: Normal

2026-05-16 16:15:05 | INFO     | __main__ | Predicted class: Normal

2026-05-16 16:15:05 | INFO     | __main__ | Predicted class: Normal

2026-05-16 16:15:05 | INFO     | __main__ | Predicted class: Normal

2026-05-16 16:19:23 | INFO     | __main__ | Loaded sensor data with shape:
 (3308, 7)
2026-05-16 16:19:23 | INFO     | __main__ | Sensor data timestamp range:
 2026-05-16 19:09:22.640547752 - 2026-05-16 19:11:28.406032562
2026-05-16 16:19:23 | INFO     | __main__ | Sample of loaded sensor data:
                      timestamp      AccX      AccY      AccZ     GyroX     GyroY     GyroZ
0 2026-05-16 19:09:22.640547752  0.516127 -0.037572  1.349144  0.033395 -0.039844 -0.029847
1 2026-05-16 19:09:22.660329103  0.763113 -0.098196  1.376987  0.141648 -0.036884 -0.089730
2 2026-05-16 19:09:22.682010889  0.788410 -0.310005  1.486409  0.166944 -0.052203 -0.084989
3 2026-05-16 19:09:22.704690456  0.727337 -0.517624  1.456322  0.160875 -0.063093 -0.048552
4 2026-05-16 19:09:22.729171991  0.722547 -0.449964  1.486858  0.042829 -0.088765  0.012982
2026-05-16 16:19:23 | INFO     | __main__ | Applied rotation to sensor data to align with reference frame:
                      timestamp      AccX      AccY      AccZ     GyroX     GyroY     GyroZ
0 2026-05-16 19:09:22.640547752 -0.516127  0.037572  1.349144 -0.033395  0.039844 -0.029847
1 2026-05-16 19:09:22.660329103 -0.763113  0.098196  1.376987 -0.141648  0.036884 -0.089730
2 2026-05-16 19:09:22.682010889 -0.788410  0.310005  1.486409 -0.166944  0.052203 -0.084989
3 2026-05-16 19:09:22.704690456 -0.727337  0.517624  1.456322 -0.160875  0.063093 -0.048552
4 2026-05-16 19:09:22.729171991 -0.722547  0.449964  1.486858 -0.042829  0.088765  0.012982
2026-05-16 16:19:23 | INFO     | __main__ | Selected columns for inference:
['AccX', 'AccY', 'AccZ', 'GyroX', 'GyroY', 'GyroZ']
2026-05-16 16:19:23 | INFO     | __main__ | Sample of selected data:
                      timestamp      AccX      AccY      AccZ     GyroX     GyroY     GyroZ
0 2026-05-16 19:09:22.640547752 -0.516127  0.037572  1.349144 -0.033395  0.039844 -0.029847
1 2026-05-16 19:09:22.660329103 -0.763113  0.098196  1.376987 -0.141648  0.036884 -0.089730
2 2026-05-16 19:09:22.682010889 -0.788410  0.310005  1.486409 -0.166944  0.052203 -0.084989
3 2026-05-16 19:09:22.704690456 -0.727337  0.517624  1.456322 -0.160875  0.063093 -0.048552
4 2026-05-16 19:09:22.729171991 -0.722547  0.449964  1.486858 -0.042829  0.088765  0.012982
2026-05-16 16:19:23 | INFO     | __main__ | Created 14 data windows for inference.

2026-05-16 16:19:23 | INFO     | __main__ | Windows:
[(Timestamp('2026-05-16 19:09:22.640547752'), Timestamp('2026-05-16 19:09:47.059794903')), (Timestamp('2026-05-16 19:09:29.848026514'), Timestamp('2026-05-16 19:09:54.038429976')), (Timestamp('2026-05-16 19:09:36.982614994'), Timestamp('2026-05-16 19:10:02.042310238')), (Timestamp('2026-05-16 19:09:47.080532551'), Timestamp('2026-05-16 19:10:09.900670052')), (Timestamp('2026-05-16 19:09:54.058666706'), Timestamp('2026-05-16 19:10:20.906068087')), (Timestamp('2026-05-16 19:10:02.061092615'), Timestamp('2026-05-16 19:10:27.917795420')), (Timestamp('2026-05-16 19:10:09.918634892'), Timestamp('2026-05-16 19:10:35.818282843')), (Timestamp('2026-05-16 19:10:20.925382853'), Timestamp('2026-05-16 19:10:41.678456068')), (Timestamp('2026-05-16 19:10:27.936348438'), Timestamp('2026-05-16 19:10:49.471533298')), (Timestamp('2026-05-16 19:10:35.870471239'), Timestamp('2026-05-16 19:10:57.198307753')), (Timestamp('2026-05-16 19:10:41.698503494'), Timestamp('2026-05-16 19:11:06.206509590')), (Timestamp('2026-05-16 19:10:49.492892742'), Timestamp('2026-05-16 19:11:13.538949013')), (Timestamp('2026-05-16 19:10:57.217141390'), Timestamp('2026-05-16 19:11:20.485783100')), (Timestamp('2026-05-16 19:11:06.224564314'), Timestamp('2026-05-16 19:11:26.031795502'))]
2026-05-16 16:19:24 | INFO     | __main__ | Predicted class: Normal

2026-05-16 16:19:24 | INFO     | __main__ | Predicted class: Fall

2026-05-16 16:19:24 | INFO     | __main__ | Predicted class: Fall

2026-05-16 16:19:24 | INFO     | __main__ | Predicted class: Normal

2026-05-16 16:19:24 | INFO     | __main__ | Predicted class: Normal

2026-05-16 16:19:24 | INFO     | __main__ | Predicted class: Normal

2026-05-16 16:19:24 | INFO     | __main__ | Predicted class: Fall

2026-05-16 16:19:24 | INFO     | __main__ | Predicted class: Normal

2026-05-16 16:19:24 | INFO     | __main__ | Predicted class: Normal

2026-05-16 16:19:24 | INFO     | __main__ | Predicted class: Normal

2026-05-16 16:19:24 | INFO     | __main__ | Predicted class: Normal

2026-05-16 16:19:24 | INFO     | __main__ | Predicted class: Normal

2026-05-16 16:19:24 | INFO     | __main__ | Predicted class: Normal

2026-05-16 16:19:24 | INFO     | __main__ | Predicted class: Normal

2026-05-16 16:20:52 | INFO     | __main__ | Loaded sensor data with shape:
 (3308, 7)
2026-05-16 16:20:52 | INFO     | __main__ | Sensor data timestamp range:
 2026-05-16 19:09:22.640547752 - 2026-05-16 19:11:28.406032562
2026-05-16 16:20:52 | INFO     | __main__ | Sample of loaded sensor data:
                      timestamp      AccX      AccY      AccZ     GyroX     GyroY     GyroZ
0 2026-05-16 19:09:22.640547752  0.516127 -0.037572  1.349144  0.033395 -0.039844 -0.029847
1 2026-05-16 19:09:22.660329103  0.763113 -0.098196  1.376987  0.141648 -0.036884 -0.089730
2 2026-05-16 19:09:22.682010889  0.788410 -0.310005  1.486409  0.166944 -0.052203 -0.084989
3 2026-05-16 19:09:22.704690456  0.727337 -0.517624  1.456322  0.160875 -0.063093 -0.048552
4 2026-05-16 19:09:22.729171991  0.722547 -0.449964  1.486858  0.042829 -0.088765  0.012982
2026-05-16 16:20:52 | INFO     | __main__ | Applied rotation to sensor data to align with reference frame:
                      timestamp      AccX      AccY      AccZ     GyroX     GyroY     GyroZ
0 2026-05-16 19:09:22.640547752 -0.516127  0.037572  1.349144 -0.033395  0.039844 -0.029847
1 2026-05-16 19:09:22.660329103 -0.763113  0.098196  1.376987 -0.141648  0.036884 -0.089730
2 2026-05-16 19:09:22.682010889 -0.788410  0.310005  1.486409 -0.166944  0.052203 -0.084989
3 2026-05-16 19:09:22.704690456 -0.727337  0.517624  1.456322 -0.160875  0.063093 -0.048552
4 2026-05-16 19:09:22.729171991 -0.722547  0.449964  1.486858 -0.042829  0.088765  0.012982
2026-05-16 16:20:52 | INFO     | __main__ | Selected columns for inference:
['AccX', 'AccY', 'AccZ', 'GyroX', 'GyroY', 'GyroZ']
2026-05-16 16:20:52 | INFO     | __main__ | Sample of selected data:
                      timestamp      AccX      AccY      AccZ     GyroX     GyroY     GyroZ
0 2026-05-16 19:09:22.640547752 -0.516127  0.037572  1.349144 -0.033395  0.039844 -0.029847
1 2026-05-16 19:09:22.660329103 -0.763113  0.098196  1.376987 -0.141648  0.036884 -0.089730
2 2026-05-16 19:09:22.682010889 -0.788410  0.310005  1.486409 -0.166944  0.052203 -0.084989
3 2026-05-16 19:09:22.704690456 -0.727337  0.517624  1.456322 -0.160875  0.063093 -0.048552
4 2026-05-16 19:09:22.729171991 -0.722547  0.449964  1.486858 -0.042829  0.088765  0.012982
2026-05-16 16:20:52 | INFO     | __main__ | Created 14 data windows for inference.

2026-05-16 16:20:52 | INFO     | __main__ | Windows:
[(Timestamp('2026-05-16 19:09:22.640547752'), Timestamp('2026-05-16 19:09:47.059794903')), (Timestamp('2026-05-16 19:09:29.848026514'), Timestamp('2026-05-16 19:09:54.038429976')), (Timestamp('2026-05-16 19:09:36.982614994'), Timestamp('2026-05-16 19:10:02.042310238')), (Timestamp('2026-05-16 19:09:47.080532551'), Timestamp('2026-05-16 19:10:09.900670052')), (Timestamp('2026-05-16 19:09:54.058666706'), Timestamp('2026-05-16 19:10:20.906068087')), (Timestamp('2026-05-16 19:10:02.061092615'), Timestamp('2026-05-16 19:10:27.917795420')), (Timestamp('2026-05-16 19:10:09.918634892'), Timestamp('2026-05-16 19:10:35.818282843')), (Timestamp('2026-05-16 19:10:20.925382853'), Timestamp('2026-05-16 19:10:41.678456068')), (Timestamp('2026-05-16 19:10:27.936348438'), Timestamp('2026-05-16 19:10:49.471533298')), (Timestamp('2026-05-16 19:10:35.870471239'), Timestamp('2026-05-16 19:10:57.198307753')), (Timestamp('2026-05-16 19:10:41.698503494'), Timestamp('2026-05-16 19:11:06.206509590')), (Timestamp('2026-05-16 19:10:49.492892742'), Timestamp('2026-05-16 19:11:13.538949013')), (Timestamp('2026-05-16 19:10:57.217141390'), Timestamp('2026-05-16 19:11:20.485783100')), (Timestamp('2026-05-16 19:11:06.224564314'), Timestamp('2026-05-16 19:11:26.031795502'))]
2026-05-16 16:20:54 | INFO     | __main__ | Predicted class: Normal

2026-05-16 16:20:54 | INFO     | __main__ | Fall detected in the current window.

2026-05-16 16:20:54 | INFO     | __main__ | Fall window (start, end): (Timestamp('2026-05-16 19:09:29.848026514'), Timestamp('2026-05-16 19:09:54.038429976'))
2026-05-16 16:20:54 | INFO     | __main__ | Sample of data in the fall window:
       AccX      AccY      AccZ     GyroX     GyroY     GyroZ
0  0.426375 -0.425105  0.047769  0.275038  1.445279 -0.195215
1  0.541022 -0.413787  0.051091  0.216490  1.318587  0.061417
2  0.486624 -0.356915  0.097999  0.236693  1.254972  0.259658
3  0.377423 -0.308940  0.120633  0.247856  1.225308  0.353997
4  0.597976 -0.306068  0.123778  0.236367  1.179061  0.437479
2026-05-16 16:20:54 | INFO     | __main__ | Predicted class: Fall

2026-05-16 16:20:54 | INFO     | __main__ | Fall detected in the current window.

2026-05-16 16:20:54 | INFO     | __main__ | Fall window (start, end): (Timestamp('2026-05-16 19:09:36.982614994'), Timestamp('2026-05-16 19:10:02.042310238'))
2026-05-16 16:20:54 | INFO     | __main__ | Sample of data in the fall window:
       AccX      AccY      AccZ     GyroX     GyroY     GyroZ
0 -0.433850 -0.297340  0.008613 -0.451604 -2.338234  0.275379
1 -0.373265 -0.273803  0.058710 -0.408769 -2.275044  0.165124
2 -0.328213 -0.316260  0.114742 -0.385462 -2.245303  0.077656
3 -0.448912 -0.335349  0.134630 -0.255360 -2.125158 -0.061313
4 -0.478364 -0.298354  0.143356 -0.175863 -2.054061 -0.220186
2026-05-16 16:20:54 | INFO     | __main__ | Predicted class: Fall

2026-05-16 16:20:54 | INFO     | __main__ | Predicted class: Normal

2026-05-16 16:20:54 | INFO     | __main__ | Predicted class: Normal

2026-05-16 16:20:54 | INFO     | __main__ | Predicted class: Normal

2026-05-16 16:20:54 | INFO     | __main__ | Fall detected in the current window.

2026-05-16 16:20:54 | INFO     | __main__ | Fall window (start, end): (Timestamp('2026-05-16 19:10:09.918634892'), Timestamp('2026-05-16 19:10:35.818282843'))
2026-05-16 16:20:54 | INFO     | __main__ | Sample of data in the fall window:
       AccX      AccY      AccZ     GyroX     GyroY     GyroZ
0  0.542905 -0.377580  0.385690  0.257906 -0.885429  0.330067
1  0.532147 -0.404383  0.410097  0.263200 -0.834725  0.401296
2  0.568861 -0.422909  0.408236  0.223428 -0.794154  0.509944
3  0.587554 -0.432481  0.393885  0.233619 -0.770569  0.513251
4  0.582645 -0.410746  0.358272  0.262141 -0.682671  0.465155
2026-05-16 16:20:54 | INFO     | __main__ | Predicted class: Fall

2026-05-16 16:20:54 | INFO     | __main__ | Predicted class: Normal

2026-05-16 16:20:54 | INFO     | __main__ | Predicted class: Normal

2026-05-16 16:20:54 | INFO     | __main__ | Predicted class: Normal

2026-05-16 16:20:54 | INFO     | __main__ | Predicted class: Normal

2026-05-16 16:20:54 | INFO     | __main__ | Predicted class: Normal

2026-05-16 16:20:54 | INFO     | __main__ | Predicted class: Normal

2026-05-16 16:20:54 | INFO     | __main__ | Predicted class: Normal

2026-05-16 16:24:16 | INFO     | __main__ | Loaded sensor data with shape:
 (3308, 7)
2026-05-16 16:24:16 | INFO     | __main__ | Sensor data timestamp range:
 2026-05-16 19:09:22.640547752 - 2026-05-16 19:11:28.406032562
2026-05-16 16:24:16 | INFO     | __main__ | Sample of loaded sensor data:
                      timestamp      AccX      AccY      AccZ     GyroX     GyroY     GyroZ
0 2026-05-16 19:09:22.640547752  0.516127 -0.037572  1.349144  0.033395 -0.039844 -0.029847
1 2026-05-16 19:09:22.660329103  0.763113 -0.098196  1.376987  0.141648 -0.036884 -0.089730
2 2026-05-16 19:09:22.682010889  0.788410 -0.310005  1.486409  0.166944 -0.052203 -0.084989
3 2026-05-16 19:09:22.704690456  0.727337 -0.517624  1.456322  0.160875 -0.063093 -0.048552
4 2026-05-16 19:09:22.729171991  0.722547 -0.449964  1.486858  0.042829 -0.088765  0.012982
2026-05-16 16:24:16 | INFO     | __main__ | Applied rotation to sensor data to align with reference frame:
                      timestamp      AccX      AccY      AccZ     GyroX     GyroY     GyroZ
0 2026-05-16 19:09:22.640547752 -0.516127  0.037572  1.349144 -0.033395  0.039844 -0.029847
1 2026-05-16 19:09:22.660329103 -0.763113  0.098196  1.376987 -0.141648  0.036884 -0.089730
2 2026-05-16 19:09:22.682010889 -0.788410  0.310005  1.486409 -0.166944  0.052203 -0.084989
3 2026-05-16 19:09:22.704690456 -0.727337  0.517624  1.456322 -0.160875  0.063093 -0.048552
4 2026-05-16 19:09:22.729171991 -0.722547  0.449964  1.486858 -0.042829  0.088765  0.012982
2026-05-16 16:24:16 | INFO     | __main__ | Selected columns for inference:
['AccX', 'AccY', 'AccZ', 'GyroX', 'GyroY', 'GyroZ']
2026-05-16 16:24:16 | INFO     | __main__ | Sample of selected data:
                      timestamp      AccX      AccY      AccZ     GyroX     GyroY     GyroZ
0 2026-05-16 19:09:22.640547752 -0.516127  0.037572  1.349144 -0.033395  0.039844 -0.029847
1 2026-05-16 19:09:22.660329103 -0.763113  0.098196  1.376987 -0.141648  0.036884 -0.089730
2 2026-05-16 19:09:22.682010889 -0.788410  0.310005  1.486409 -0.166944  0.052203 -0.084989
3 2026-05-16 19:09:22.704690456 -0.727337  0.517624  1.456322 -0.160875  0.063093 -0.048552
4 2026-05-16 19:09:22.729171991 -0.722547  0.449964  1.486858 -0.042829  0.088765  0.012982
2026-05-16 16:24:16 | INFO     | __main__ | Created 14 data windows for inference.

2026-05-16 16:24:16 | INFO     | __main__ | Windows:
[(Timestamp('2026-05-16 19:09:22.640547752'), Timestamp('2026-05-16 19:09:47.059794903')), (Timestamp('2026-05-16 19:09:29.848026514'), Timestamp('2026-05-16 19:09:54.038429976')), (Timestamp('2026-05-16 19:09:36.982614994'), Timestamp('2026-05-16 19:10:02.042310238')), (Timestamp('2026-05-16 19:09:47.080532551'), Timestamp('2026-05-16 19:10:09.900670052')), (Timestamp('2026-05-16 19:09:54.058666706'), Timestamp('2026-05-16 19:10:20.906068087')), (Timestamp('2026-05-16 19:10:02.061092615'), Timestamp('2026-05-16 19:10:27.917795420')), (Timestamp('2026-05-16 19:10:09.918634892'), Timestamp('2026-05-16 19:10:35.818282843')), (Timestamp('2026-05-16 19:10:20.925382853'), Timestamp('2026-05-16 19:10:41.678456068')), (Timestamp('2026-05-16 19:10:27.936348438'), Timestamp('2026-05-16 19:10:49.471533298')), (Timestamp('2026-05-16 19:10:35.870471239'), Timestamp('2026-05-16 19:10:57.198307753')), (Timestamp('2026-05-16 19:10:41.698503494'), Timestamp('2026-05-16 19:11:06.206509590')), (Timestamp('2026-05-16 19:10:49.492892742'), Timestamp('2026-05-16 19:11:13.538949013')), (Timestamp('2026-05-16 19:10:57.217141390'), Timestamp('2026-05-16 19:11:20.485783100')), (Timestamp('2026-05-16 19:11:06.224564314'), Timestamp('2026-05-16 19:11:26.031795502'))]
2026-05-16 16:24:17 | INFO     | __main__ | Fall detected in the current window.

2026-05-16 16:24:17 | INFO     | __main__ | Fall window (start, end): (Timestamp('2026-05-16 19:09:22.640547752'), Timestamp('2026-05-16 19:09:47.059794903'))
2026-05-16 16:24:17 | INFO     | __main__ | Sample of data in the fall window:
       AccX      AccY      AccZ     GyroX     GyroY     GyroZ
0  0.289269 -0.452246  0.438711 -0.077026  0.373598 -0.102642
1  0.178320 -0.429441  0.446949 -0.312202  0.368923 -0.293087
2  0.166956 -0.349764  0.479329 -0.367156  0.393111 -0.278010
3  0.194391 -0.271664  0.470425 -0.353971  0.410306 -0.162128
4  0.196542 -0.297115  0.479461 -0.097520  0.450840  0.033565
2026-05-16 16:24:17 | INFO     | __main__ | Predicted class: Normal

2026-05-16 16:24:17 | INFO     | __main__ | Predicted class: Fall

2026-05-16 16:24:17 | INFO     | __main__ | Predicted class: Fall

2026-05-16 16:24:17 | INFO     | __main__ | Fall detected in the current window.

2026-05-16 16:24:17 | INFO     | __main__ | Fall window (start, end): (Timestamp('2026-05-16 19:09:47.080532551'), Timestamp('2026-05-16 19:10:09.900670052'))
2026-05-16 16:24:17 | INFO     | __main__ | Sample of data in the fall window:
       AccX      AccY      AccZ     GyroX     GyroY     GyroZ
0  0.556354 -0.542396  0.344231  0.116393 -0.422323  0.597951
1  0.407682 -0.688123  0.322615  0.077559 -0.452140  0.477456
2  0.272257 -0.927886  0.156777 -0.036310 -0.350791  0.376828
3  0.312266 -0.859021 -0.166615 -0.229811 -0.256131  0.410082
4  0.424560 -1.019613 -0.194521 -0.262229 -0.187426  0.188623
2026-05-16 16:24:17 | INFO     | __main__ | Predicted class: Normal

2026-05-16 16:24:17 | INFO     | __main__ | Fall detected in the current window.

2026-05-16 16:24:17 | INFO     | __main__ | Fall window (start, end): (Timestamp('2026-05-16 19:09:54.058666706'), Timestamp('2026-05-16 19:10:20.906068087'))
2026-05-16 16:24:17 | INFO     | __main__ | Sample of data in the fall window:
       AccX      AccY      AccZ     GyroX     GyroY     GyroZ
0 -1.723146  1.528360 -1.946050 -1.485483 -0.101533  1.044265
1 -1.875112  1.545816 -2.117115 -1.734173 -0.019095  1.060594
2 -1.745470  1.625718 -2.001595 -2.014698  0.062558  1.337908
3 -1.897235  1.849771 -1.938786 -2.191475 -0.570738  1.488755
4 -1.824681  1.840255 -1.857240 -2.190224 -0.959533  1.010507
2026-05-16 16:24:17 | INFO     | __main__ | Predicted class: Normal

2026-05-16 16:24:17 | INFO     | __main__ | Fall detected in the current window.

2026-05-16 16:24:17 | INFO     | __main__ | Fall window (start, end): (Timestamp('2026-05-16 19:10:02.061092615'), Timestamp('2026-05-16 19:10:27.917795420'))
2026-05-16 16:24:17 | INFO     | __main__ | Sample of data in the fall window:
       AccX      AccY      AccZ     GyroX     GyroY     GyroZ
0  0.628370  0.008642 -0.012294 -0.131758  0.688304 -0.915950
1  0.323764 -0.608615 -0.295157  0.164213 -0.732996 -1.421022
2  0.479698 -0.568186 -0.323196  0.479871 -2.128500 -1.839412
3  0.407211 -0.419756  0.068588  0.783354 -1.983736 -1.561339
4  0.895118 -0.553658  1.209122 -0.479455  0.228578  0.710968
2026-05-16 16:24:17 | INFO     | __main__ | Predicted class: Normal

2026-05-16 16:24:17 | INFO     | __main__ | Predicted class: Fall

2026-05-16 16:24:17 | INFO     | __main__ | Fall detected in the current window.

2026-05-16 16:24:17 | INFO     | __main__ | Fall window (start, end): (Timestamp('2026-05-16 19:10:20.925382853'), Timestamp('2026-05-16 19:10:41.678456068'))
2026-05-16 16:24:17 | INFO     | __main__ | Sample of data in the fall window:
       AccX      AccY      AccZ     GyroX     GyroY     GyroZ
0  0.485548 -0.611206  0.138838  0.343533  0.351580 -0.211975
1  0.515807 -0.575562  0.136624  0.334816  0.335595 -0.286522
2  0.536853 -0.552476  0.124177  0.345684  0.370692 -0.378964
3  0.583990 -0.590090  0.047282  0.105622  0.322485 -0.224439
4  0.635094 -0.554559  0.043428  0.196272  0.406335 -0.145320
2026-05-16 16:24:17 | INFO     | __main__ | Predicted class: Normal

2026-05-16 16:24:17 | INFO     | __main__ | Fall detected in the current window.

2026-05-16 16:24:17 | INFO     | __main__ | Fall window (start, end): (Timestamp('2026-05-16 19:10:27.936348438'), Timestamp('2026-05-16 19:10:49.471533298'))
2026-05-16 16:24:17 | INFO     | __main__ | Sample of data in the fall window:
       AccX      AccY      AccZ     GyroX     GyroY     GyroZ
0  0.024538 -0.439914  0.105928 -0.105293 -0.978647  0.475644
1  0.155659 -0.373808  0.116558  0.021798 -0.985707  0.369005
2  0.102269 -0.370767  0.066373  0.080896 -0.979899  0.341006
3  0.030522 -0.388335  0.054413  0.058534 -0.960477  0.350101
4 -0.020716 -0.388335  0.039265 -0.039434 -0.971740  0.299363
2026-05-16 16:24:17 | INFO     | __main__ | Predicted class: Normal

2026-05-16 16:24:17 | INFO     | __main__ | Fall detected in the current window.

2026-05-16 16:24:17 | INFO     | __main__ | Fall window (start, end): (Timestamp('2026-05-16 19:10:35.870471239'), Timestamp('2026-05-16 19:10:57.198307753'))
2026-05-16 16:24:17 | INFO     | __main__ | Sample of data in the fall window:
       AccX      AccY      AccZ     GyroX     GyroY     GyroZ
0 -0.611974  1.089264  2.212033 -0.683178  0.338606 -1.168230
1 -0.702952  1.028507  2.235598 -0.729692  0.758316 -1.220612
2 -0.912545  0.911385  2.061477 -1.001136  0.918996 -1.271545
3 -1.021813  0.861326  2.233294 -0.878698  0.938445 -1.039633
4 -1.081255  0.904459  1.915881 -1.105448  0.898753 -1.071732
2026-05-16 16:24:17 | INFO     | __main__ | Predicted class: Normal

2026-05-16 16:24:17 | INFO     | __main__ | Fall detected in the current window.

2026-05-16 16:24:17 | INFO     | __main__ | Fall window (start, end): (Timestamp('2026-05-16 19:10:41.698503494'), Timestamp('2026-05-16 19:11:06.206509590'))
2026-05-16 16:24:17 | INFO     | __main__ | Sample of data in the fall window:
       AccX      AccY      AccZ     GyroX     GyroY     GyroZ
0  0.000465 -0.343345  0.124576  0.043414  1.006940 -0.615959
1 -0.034837 -0.374427  0.112882  0.153878  1.106368 -0.444633
2 -0.056758 -0.367952  0.109471  0.211149  1.116250 -0.566527
3 -0.062473 -0.403201  0.121032  0.206476  1.118621 -0.774171
4 -0.115662 -0.437831  0.132726  0.195528  1.161281 -0.837063
2026-05-16 16:24:17 | INFO     | __main__ | Predicted class: Normal

2026-05-16 16:24:17 | INFO     | __main__ | Fall detected in the current window.

2026-05-16 16:24:17 | INFO     | __main__ | Fall window (start, end): (Timestamp('2026-05-16 19:10:49.492892742'), Timestamp('2026-05-16 19:11:13.538949013'))
2026-05-16 16:24:17 | INFO     | __main__ | Sample of data in the fall window:
       AccX      AccY      AccZ     GyroX     GyroY     GyroZ
0 -0.340989 -0.380508  0.038202  0.145590  0.601785 -0.001510
1 -0.340855 -0.374089  0.044757  0.092681  0.562081  0.047663
2 -0.313151 -0.343119  0.058754  0.154111  0.539089  0.070286
3 -0.455435 -0.214623  0.059817  0.267073  0.502920 -0.025371
4 -0.393236 -0.234612  0.045422  0.141353  0.476713 -0.069631
2026-05-16 16:24:17 | INFO     | __main__ | Predicted class: Normal

2026-05-16 16:24:17 | INFO     | __main__ | Fall detected in the current window.

2026-05-16 16:24:17 | INFO     | __main__ | Fall window (start, end): (Timestamp('2026-05-16 19:10:57.217141390'), Timestamp('2026-05-16 19:11:20.485783100'))
2026-05-16 16:24:17 | INFO     | __main__ | Sample of data in the fall window:
       AccX      AccY      AccZ     GyroX     GyroY     GyroZ
0 -0.505328  2.768674  2.341373  1.162988 -0.031215 -0.805540
1 -0.844295  2.741871  4.154117  4.220776 -0.600179  0.502899
2 -3.438082  2.490340  1.776222  3.373002 -1.027326  2.631969
3 -3.848796  1.756129  0.963554  2.410458 -0.436894  0.736057
4 -2.193032  1.632644  1.960264  1.279072 -0.372004 -0.532150
2026-05-16 16:24:18 | INFO     | __main__ | Predicted class: Normal

2026-05-16 16:24:18 | INFO     | __main__ | Fall detected in the current window.

2026-05-16 16:24:18 | INFO     | __main__ | Fall window (start, end): (Timestamp('2026-05-16 19:11:06.224564314'), Timestamp('2026-05-16 19:11:26.031795502'))
2026-05-16 16:24:18 | INFO     | __main__ | Sample of data in the fall window:
       AccX      AccY      AccZ     GyroX     GyroY     GyroZ
0 -0.227619 -0.437437  0.154829  0.101920  0.105303 -0.474124
1 -0.369769 -0.421051  0.162004  0.090129  0.226339 -0.357651
2 -0.081503 -0.399147  0.199920  0.147011  0.167487 -0.577256
3  0.074028 -0.407086  0.215999  0.162786  0.090005 -0.636090
4  0.055940 -0.384675  0.233362  0.135424  0.036074 -0.590156
2026-05-16 16:24:18 | INFO     | __main__ | Predicted class: Normal

2026-05-16 16:26:11 | INFO     | __main__ | Loaded sensor data with shape:
 (3308, 7)
2026-05-16 16:26:11 | INFO     | __main__ | Sensor data timestamp range:
 2026-05-16 19:09:22.640547752 - 2026-05-16 19:11:28.406032562
2026-05-16 16:26:11 | INFO     | __main__ | Sample of loaded sensor data:
                      timestamp      AccX      AccY      AccZ     GyroX     GyroY     GyroZ
0 2026-05-16 19:09:22.640547752  0.516127 -0.037572  1.349144  0.033395 -0.039844 -0.029847
1 2026-05-16 19:09:22.660329103  0.763113 -0.098196  1.376987  0.141648 -0.036884 -0.089730
2 2026-05-16 19:09:22.682010889  0.788410 -0.310005  1.486409  0.166944 -0.052203 -0.084989
3 2026-05-16 19:09:22.704690456  0.727337 -0.517624  1.456322  0.160875 -0.063093 -0.048552
4 2026-05-16 19:09:22.729171991  0.722547 -0.449964  1.486858  0.042829 -0.088765  0.012982
2026-05-16 16:26:11 | INFO     | __main__ | Applied rotation to sensor data to align with reference frame:
                      timestamp      AccX      AccY      AccZ     GyroX     GyroY     GyroZ
0 2026-05-16 19:09:22.640547752 -0.516127  0.037572  1.349144 -0.033395  0.039844 -0.029847
1 2026-05-16 19:09:22.660329103 -0.763113  0.098196  1.376987 -0.141648  0.036884 -0.089730
2 2026-05-16 19:09:22.682010889 -0.788410  0.310005  1.486409 -0.166944  0.052203 -0.084989
3 2026-05-16 19:09:22.704690456 -0.727337  0.517624  1.456322 -0.160875  0.063093 -0.048552
4 2026-05-16 19:09:22.729171991 -0.722547  0.449964  1.486858 -0.042829  0.088765  0.012982
2026-05-16 16:26:11 | INFO     | __main__ | Selected columns for inference:
['AccX', 'AccY', 'AccZ', 'GyroX', 'GyroY', 'GyroZ']
2026-05-16 16:26:11 | INFO     | __main__ | Sample of selected data:
                      timestamp      AccX      AccY      AccZ     GyroX     GyroY     GyroZ
0 2026-05-16 19:09:22.640547752 -0.516127  0.037572  1.349144 -0.033395  0.039844 -0.029847
1 2026-05-16 19:09:22.660329103 -0.763113  0.098196  1.376987 -0.141648  0.036884 -0.089730
2 2026-05-16 19:09:22.682010889 -0.788410  0.310005  1.486409 -0.166944  0.052203 -0.084989
3 2026-05-16 19:09:22.704690456 -0.727337  0.517624  1.456322 -0.160875  0.063093 -0.048552
4 2026-05-16 19:09:22.729171991 -0.722547  0.449964  1.486858 -0.042829  0.088765  0.012982
2026-05-16 16:26:11 | INFO     | __main__ | Created 28 data windows for inference.

2026-05-16 16:26:11 | INFO     | __main__ | Windows:
[(Timestamp('2026-05-16 19:09:22.640547752'), Timestamp('2026-05-16 19:09:47.059794903')), (Timestamp('2026-05-16 19:09:25.961245537'), Timestamp('2026-05-16 19:09:50.541763783')), (Timestamp('2026-05-16 19:09:29.848026514'), Timestamp('2026-05-16 19:09:54.038429976')), (Timestamp('2026-05-16 19:09:33.132678509'), Timestamp('2026-05-16 19:09:57.826901436')), (Timestamp('2026-05-16 19:09:36.982614994'), Timestamp('2026-05-16 19:10:02.042310238')), (Timestamp('2026-05-16 19:09:42.352195263'), Timestamp('2026-05-16 19:10:05.591131926')), (Timestamp('2026-05-16 19:09:47.080532551'), Timestamp('2026-05-16 19:10:09.900670052')), (Timestamp('2026-05-16 19:09:50.593742371'), Timestamp('2026-05-16 19:10:15.219519138')), (Timestamp('2026-05-16 19:09:54.058666706'), Timestamp('2026-05-16 19:10:20.906068087')), (Timestamp('2026-05-16 19:09:57.849130869'), Timestamp('2026-05-16 19:10:24.157829285')), (Timestamp('2026-05-16 19:10:02.061092615'), Timestamp('2026-05-16 19:10:27.917795420')), (Timestamp('2026-05-16 19:10:05.616225481'), Timestamp('2026-05-16 19:10:31.190294504')), (Timestamp('2026-05-16 19:10:09.918634892'), Timestamp('2026-05-16 19:10:35.818282843')), (Timestamp('2026-05-16 19:10:15.269675493'), Timestamp('2026-05-16 19:10:39.161344290')), (Timestamp('2026-05-16 19:10:20.925382853'), Timestamp('2026-05-16 19:10:41.678456068')), (Timestamp('2026-05-16 19:10:24.179231405'), Timestamp('2026-05-16 19:10:45.986178160')), (Timestamp('2026-05-16 19:10:27.936348438'), Timestamp('2026-05-16 19:10:49.471533298')), (Timestamp('2026-05-16 19:10:31.212373257'), Timestamp('2026-05-16 19:10:53.613801718')), (Timestamp('2026-05-16 19:10:35.870471239'), Timestamp('2026-05-16 19:10:57.198307753')), (Timestamp('2026-05-16 19:10:39.183646441'), Timestamp('2026-05-16 19:11:01.371292114')), (Timestamp('2026-05-16 19:10:41.698503494'), Timestamp('2026-05-16 19:11:06.206509590')), (Timestamp('2026-05-16 19:10:46.006848574'), Timestamp('2026-05-16 19:11:10.120063543')), (Timestamp('2026-05-16 19:10:49.492892742'), Timestamp('2026-05-16 19:11:13.538949013')), (Timestamp('2026-05-16 19:10:53.634481192'), Timestamp('2026-05-16 19:11:17.101100445')), (Timestamp('2026-05-16 19:10:57.217141390'), Timestamp('2026-05-16 19:11:20.485783100')), (Timestamp('2026-05-16 19:11:01.391372442'), Timestamp('2026-05-16 19:11:23.734265566')), (Timestamp('2026-05-16 19:11:06.224564314'), Timestamp('2026-05-16 19:11:26.031795502')), (Timestamp('2026-05-16 19:11:10.181755543'), Timestamp('2026-05-16 19:11:28.268315077'))]
2026-05-16 16:26:12 | INFO     | __main__ | Predicted class: Normal

2026-05-16 16:26:12 | INFO     | __main__ | Fall detected in the current window.

2026-05-16 16:26:12 | INFO     | __main__ | Fall window (start, end): (Timestamp('2026-05-16 19:09:25.961245537'), Timestamp('2026-05-16 19:09:50.541763783'))
2026-05-16 16:26:12 | INFO     | __main__ | Sample of data in the fall window:
       AccX      AccY      AccZ     GyroX     GyroY     GyroZ
0  0.451029 -0.407609  0.259549 -0.683799 -0.146265  0.258565
1  0.465011 -0.502447  0.248458 -0.730842 -0.184415  0.300445
2  0.521006 -0.491809  0.267002 -0.726279 -0.261561  0.494651
3  0.498487 -0.444024  0.311279 -0.601130 -0.308674  0.613286
4  0.203318 -0.919003 -0.014441 -0.236431 -0.036662  0.730264
2026-05-16 16:26:12 | INFO     | __main__ | Predicted class: Fall

2026-05-16 16:26:12 | INFO     | __main__ | Fall detected in the current window.

2026-05-16 16:26:12 | INFO     | __main__ | Fall window (start, end): (Timestamp('2026-05-16 19:09:29.848026514'), Timestamp('2026-05-16 19:09:54.038429976'))
2026-05-16 16:26:12 | INFO     | __main__ | Sample of data in the fall window:
       AccX      AccY      AccZ     GyroX     GyroY     GyroZ
0  0.423468 -0.429166  0.035316  0.270855  1.451369 -0.195648
1  0.538080 -0.417852  0.038604  0.212194  1.324279  0.061039
2  0.483698 -0.361006  0.085029  0.232436  1.260464  0.259322
3  0.374531 -0.313052  0.107430  0.243621  1.230706  0.353681
4  0.595016 -0.310182  0.110543  0.232109  1.184315  0.437182
2026-05-16 16:26:12 | INFO     | __main__ | Predicted class: Fall

2026-05-16 16:26:12 | INFO     | __main__ | Fall detected in the current window.

2026-05-16 16:26:12 | INFO     | __main__ | Fall window (start, end): (Timestamp('2026-05-16 19:09:33.132678509'), Timestamp('2026-05-16 19:09:57.826901436'))
2026-05-16 16:26:12 | INFO     | __main__ | Sample of data in the fall window:
       AccX      AccY      AccZ     GyroX     GyroY     GyroZ
0 -0.219503 -0.421736 -0.046224 -0.126246  0.133988  0.163155
1 -0.253719 -0.357010  0.014975 -0.146721  0.067758  0.114255
2 -0.243905 -0.289075  0.052895 -0.154950  0.068347  0.046409
3 -0.235771 -0.288963  0.100547 -0.142038  0.240398 -0.213132
4 -0.250492 -0.354421  0.083319 -0.082302  0.342447 -0.315739
2026-05-16 16:26:12 | INFO     | __main__ | Predicted class: Fall

2026-05-16 16:26:12 | INFO     | __main__ | Fall detected in the current window.

2026-05-16 16:26:12 | INFO     | __main__ | Fall window (start, end): (Timestamp('2026-05-16 19:09:36.982614994'), Timestamp('2026-05-16 19:10:02.042310238'))
2026-05-16 16:26:12 | INFO     | __main__ | Sample of data in the fall window:
       AccX      AccY      AccZ     GyroX     GyroY     GyroZ
0 -0.436494 -0.301458 -0.003437 -0.457187 -2.344032  0.275047
1 -0.375927 -0.277931  0.046144 -0.414270 -2.280644  0.164769
2 -0.330889 -0.320369  0.101599 -0.390918 -2.250809  0.077282
3 -0.451551 -0.339449  0.121283 -0.260566 -2.130287 -0.061717
4 -0.480994 -0.302471  0.129919 -0.180915 -2.058966 -0.220624
2026-05-16 16:26:12 | INFO     | __main__ | Predicted class: Fall

2026-05-16 16:26:12 | INFO     | __main__ | Predicted class: Normal

2026-05-16 16:26:12 | INFO     | __main__ | Predicted class: Normal

2026-05-16 16:26:12 | INFO     | __main__ | Predicted class: Normal

2026-05-16 16:26:12 | INFO     | __main__ | Predicted class: Normal

2026-05-16 16:26:12 | INFO     | __main__ | Predicted class: Normal

2026-05-16 16:26:12 | INFO     | __main__ | Predicted class: Normal

2026-05-16 16:26:12 | INFO     | __main__ | Predicted class: Normal

2026-05-16 16:26:12 | INFO     | __main__ | Fall detected in the current window.

2026-05-16 16:26:12 | INFO     | __main__ | Fall window (start, end): (Timestamp('2026-05-16 19:10:09.918634892'), Timestamp('2026-05-16 19:10:35.818282843'))
2026-05-16 16:26:12 | INFO     | __main__ | Sample of data in the fall window:
       AccX      AccY      AccZ     GyroX     GyroY     GyroZ
0  0.539962 -0.381662  0.369759  0.253690 -0.886662  0.329747
1  0.529207 -0.408453  0.393914  0.258994 -0.835799  0.400990
2  0.565910 -0.426970  0.392073  0.219145 -0.795100  0.509661
3  0.584597 -0.436539  0.377869  0.229356 -0.771442  0.512969
4  0.579690 -0.414813  0.342623  0.257933 -0.683267  0.464863
2026-05-16 16:26:12 | INFO     | __main__ | Predicted class: Fall

2026-05-16 16:26:12 | INFO     | __main__ | Fall detected in the current window.

2026-05-16 16:26:12 | INFO     | __main__ | Fall window (start, end): (Timestamp('2026-05-16 19:10:15.269675493'), Timestamp('2026-05-16 19:10:39.161344290'))
2026-05-16 16:26:12 | INFO     | __main__ | Sample of data in the fall window:
       AccX      AccY      AccZ     GyroX     GyroY     GyroZ
0  0.428039 -0.512184  0.029047  0.158495  0.562060  0.223487
1  0.351272 -0.626440  0.017254  0.171583  0.704564  0.140710
2  0.362565 -0.549613  0.013221  0.175425  0.700681  0.152311
3  0.406528 -0.481960  0.019665  0.176956  0.775592  0.228313
4  0.330702 -0.403838  0.005856  0.147767  0.798374  0.324401
2026-05-16 16:26:12 | INFO     | __main__ | Predicted class: Fall

2026-05-16 16:26:12 | INFO     | __main__ | Predicted class: Normal

2026-05-16 16:26:12 | INFO     | __main__ | Predicted class: Normal

2026-05-16 16:26:12 | INFO     | __main__ | Predicted class: Normal

2026-05-16 16:26:12 | INFO     | __main__ | Predicted class: Normal

2026-05-16 16:26:12 | INFO     | __main__ | Predicted class: Normal

2026-05-16 16:26:12 | INFO     | __main__ | Fall detected in the current window.

2026-05-16 16:26:12 | INFO     | __main__ | Fall window (start, end): (Timestamp('2026-05-16 19:10:39.183646441'), Timestamp('2026-05-16 19:11:01.371292114'))
2026-05-16 16:26:12 | INFO     | __main__ | Sample of data in the fall window:
       AccX      AccY      AccZ     GyroX     GyroY     GyroZ
0 -1.243552  0.922377 -2.059898  0.849490  0.189099 -1.729178
1 -1.290472  0.999823 -1.841407  0.793917  0.176344 -1.662599
2 -1.034964  0.941513 -1.581884  0.913936 -0.015035 -2.031343
3 -1.314672  1.099727 -1.458084  1.421197  0.027892 -2.272097
4 -1.475465  1.437993 -1.677802  1.594828 -0.007788 -2.078163
2026-05-16 16:26:12 | INFO     | __main__ | Predicted class: Fall

2026-05-16 16:26:12 | INFO     | __main__ | Predicted class: Normal

2026-05-16 16:26:12 | INFO     | __main__ | Predicted class: Normal

2026-05-16 16:26:12 | INFO     | __main__ | Predicted class: Normal

2026-05-16 16:26:12 | INFO     | __main__ | Predicted class: Normal

2026-05-16 16:26:12 | INFO     | __main__ | Predicted class: Normal

2026-05-16 16:26:12 | INFO     | __main__ | Predicted class: Normal

2026-05-16 16:26:12 | INFO     | __main__ | Predicted class: Normal

2026-05-16 16:26:12 | INFO     | __main__ | Predicted class: Normal

2026-05-16 16:31:07 | INFO     | __main__ | Loaded sensor data with shape:
 (3308, 7)
2026-05-16 16:31:08 | INFO     | __main__ | Sensor data timestamp range:
 2026-05-16 19:09:22.640547752 - 2026-05-16 19:11:28.406032562
2026-05-16 16:31:08 | INFO     | __main__ | Sample of loaded sensor data:
                      timestamp      AccX      AccY      AccZ     GyroX     GyroY     GyroZ
0 2026-05-16 19:09:22.640547752  0.516127 -0.037572  1.349144  0.033395 -0.039844 -0.029847
1 2026-05-16 19:09:22.660329103  0.763113 -0.098196  1.376987  0.141648 -0.036884 -0.089730
2 2026-05-16 19:09:22.682010889  0.788410 -0.310005  1.486409  0.166944 -0.052203 -0.084989
3 2026-05-16 19:09:22.704690456  0.727337 -0.517624  1.456322  0.160875 -0.063093 -0.048552
4 2026-05-16 19:09:22.729171991  0.722547 -0.449964  1.486858  0.042829 -0.088765  0.012982
2026-05-16 16:31:08 | INFO     | __main__ | Applied rotation to sensor data to align with reference frame:
                      timestamp      AccX      AccY      AccZ     GyroX     GyroY     GyroZ
0 2026-05-16 19:09:22.640547752 -0.516127  0.037572  1.349144 -0.033395  0.039844 -0.029847
1 2026-05-16 19:09:22.660329103 -0.763113  0.098196  1.376987 -0.141648  0.036884 -0.089730
2 2026-05-16 19:09:22.682010889 -0.788410  0.310005  1.486409 -0.166944  0.052203 -0.084989
3 2026-05-16 19:09:22.704690456 -0.727337  0.517624  1.456322 -0.160875  0.063093 -0.048552
4 2026-05-16 19:09:22.729171991 -0.722547  0.449964  1.486858 -0.042829  0.088765  0.012982
2026-05-16 16:31:08 | INFO     | __main__ | Selected columns for inference:
['AccX', 'AccY', 'AccZ', 'GyroX', 'GyroY', 'GyroZ']
2026-05-16 16:31:08 | INFO     | __main__ | Sample of selected data:
                      timestamp      AccX      AccY      AccZ     GyroX     GyroY     GyroZ
0 2026-05-16 19:09:22.640547752 -0.516127  0.037572  1.349144 -0.033395  0.039844 -0.029847
1 2026-05-16 19:09:22.660329103 -0.763113  0.098196  1.376987 -0.141648  0.036884 -0.089730
2 2026-05-16 19:09:22.682010889 -0.788410  0.310005  1.486409 -0.166944  0.052203 -0.084989
3 2026-05-16 19:09:22.704690456 -0.727337  0.517624  1.456322 -0.160875  0.063093 -0.048552
4 2026-05-16 19:09:22.729171991 -0.722547  0.449964  1.486858 -0.042829  0.088765  0.012982
2026-05-16 16:31:08 | INFO     | __main__ | Created 28 data windows for inference.

2026-05-16 16:31:08 | INFO     | __main__ | Windows:
[(Timestamp('2026-05-16 19:09:22.640547752'), Timestamp('2026-05-16 19:09:47.059794903')), (Timestamp('2026-05-16 19:09:25.961245537'), Timestamp('2026-05-16 19:09:50.541763783')), (Timestamp('2026-05-16 19:09:29.848026514'), Timestamp('2026-05-16 19:09:54.038429976')), (Timestamp('2026-05-16 19:09:33.132678509'), Timestamp('2026-05-16 19:09:57.826901436')), (Timestamp('2026-05-16 19:09:36.982614994'), Timestamp('2026-05-16 19:10:02.042310238')), (Timestamp('2026-05-16 19:09:42.352195263'), Timestamp('2026-05-16 19:10:05.591131926')), (Timestamp('2026-05-16 19:09:47.080532551'), Timestamp('2026-05-16 19:10:09.900670052')), (Timestamp('2026-05-16 19:09:50.593742371'), Timestamp('2026-05-16 19:10:15.219519138')), (Timestamp('2026-05-16 19:09:54.058666706'), Timestamp('2026-05-16 19:10:20.906068087')), (Timestamp('2026-05-16 19:09:57.849130869'), Timestamp('2026-05-16 19:10:24.157829285')), (Timestamp('2026-05-16 19:10:02.061092615'), Timestamp('2026-05-16 19:10:27.917795420')), (Timestamp('2026-05-16 19:10:05.616225481'), Timestamp('2026-05-16 19:10:31.190294504')), (Timestamp('2026-05-16 19:10:09.918634892'), Timestamp('2026-05-16 19:10:35.818282843')), (Timestamp('2026-05-16 19:10:15.269675493'), Timestamp('2026-05-16 19:10:39.161344290')), (Timestamp('2026-05-16 19:10:20.925382853'), Timestamp('2026-05-16 19:10:41.678456068')), (Timestamp('2026-05-16 19:10:24.179231405'), Timestamp('2026-05-16 19:10:45.986178160')), (Timestamp('2026-05-16 19:10:27.936348438'), Timestamp('2026-05-16 19:10:49.471533298')), (Timestamp('2026-05-16 19:10:31.212373257'), Timestamp('2026-05-16 19:10:53.613801718')), (Timestamp('2026-05-16 19:10:35.870471239'), Timestamp('2026-05-16 19:10:57.198307753')), (Timestamp('2026-05-16 19:10:39.183646441'), Timestamp('2026-05-16 19:11:01.371292114')), (Timestamp('2026-05-16 19:10:41.698503494'), Timestamp('2026-05-16 19:11:06.206509590')), (Timestamp('2026-05-16 19:10:46.006848574'), Timestamp('2026-05-16 19:11:10.120063543')), (Timestamp('2026-05-16 19:10:49.492892742'), Timestamp('2026-05-16 19:11:13.538949013')), (Timestamp('2026-05-16 19:10:53.634481192'), Timestamp('2026-05-16 19:11:17.101100445')), (Timestamp('2026-05-16 19:10:57.217141390'), Timestamp('2026-05-16 19:11:20.485783100')), (Timestamp('2026-05-16 19:11:01.391372442'), Timestamp('2026-05-16 19:11:23.734265566')), (Timestamp('2026-05-16 19:11:06.224564314'), Timestamp('2026-05-16 19:11:26.031795502')), (Timestamp('2026-05-16 19:11:10.181755543'), Timestamp('2026-05-16 19:11:28.268315077'))]
2026-05-16 16:31:09 | INFO     | __main__ | Predicted class: Normal

2026-05-16 16:31:09 | INFO     | __main__ | Fall detected in the current window.

2026-05-16 16:31:09 | INFO     | __main__ | Fall window (start, end): (Timestamp('2026-05-16 19:09:25.961245537'), Timestamp('2026-05-16 19:09:50.541763783'))
2026-05-16 16:31:09 | INFO     | __main__ | Sample of data in the fall window:
       AccX      AccY      AccZ     GyroX     GyroY     GyroZ
0  0.451029 -0.407609  0.259549 -0.683799 -0.146265  0.258565
1  0.465011 -0.502447  0.248458 -0.730842 -0.184415  0.300445
2  0.521006 -0.491809  0.267002 -0.726279 -0.261561  0.494651
3  0.498487 -0.444024  0.311279 -0.601130 -0.308674  0.613286
4  0.203318 -0.919003 -0.014441 -0.236431 -0.036662  0.730264
2026-05-16 16:31:09 | INFO     | __main__ | Predicted class: Fall

2026-05-16 16:31:09 | INFO     | __main__ | Fall detected in the current window.

2026-05-16 16:31:09 | INFO     | __main__ | Fall window (start, end): (Timestamp('2026-05-16 19:09:29.848026514'), Timestamp('2026-05-16 19:09:54.038429976'))
2026-05-16 16:31:09 | INFO     | __main__ | Sample of data in the fall window:
       AccX      AccY      AccZ     GyroX     GyroY     GyroZ
0  0.423468 -0.429166  0.035316  0.270855  1.451369 -0.195648
1  0.538080 -0.417852  0.038604  0.212194  1.324279  0.061039
2  0.483698 -0.361006  0.085029  0.232436  1.260464  0.259322
3  0.374531 -0.313052  0.107430  0.243621  1.230706  0.353681
4  0.595016 -0.310182  0.110543  0.232109  1.184315  0.437182
2026-05-16 16:31:09 | INFO     | __main__ | Predicted class: Fall

2026-05-16 16:31:09 | INFO     | __main__ | Fall detected in the current window.

2026-05-16 16:31:09 | INFO     | __main__ | Fall window (start, end): (Timestamp('2026-05-16 19:09:33.132678509'), Timestamp('2026-05-16 19:09:57.826901436'))
2026-05-16 16:31:09 | INFO     | __main__ | Sample of data in the fall window:
       AccX      AccY      AccZ     GyroX     GyroY     GyroZ
0 -0.219503 -0.421736 -0.046224 -0.126246  0.133988  0.163155
1 -0.253719 -0.357010  0.014975 -0.146721  0.067758  0.114255
2 -0.243905 -0.289075  0.052895 -0.154950  0.068347  0.046409
3 -0.235771 -0.288963  0.100547 -0.142038  0.240398 -0.213132
4 -0.250492 -0.354421  0.083319 -0.082302  0.342447 -0.315739
2026-05-16 16:31:09 | INFO     | __main__ | Predicted class: Fall

2026-05-16 16:31:09 | INFO     | __main__ | Fall detected in the current window.

2026-05-16 16:31:09 | INFO     | __main__ | Fall window (start, end): (Timestamp('2026-05-16 19:09:36.982614994'), Timestamp('2026-05-16 19:10:02.042310238'))
2026-05-16 16:31:09 | INFO     | __main__ | Sample of data in the fall window:
       AccX      AccY      AccZ     GyroX     GyroY     GyroZ
0 -0.436494 -0.301458 -0.003437 -0.457187 -2.344032  0.275047
1 -0.375927 -0.277931  0.046144 -0.414270 -2.280644  0.164769
2 -0.330889 -0.320369  0.101599 -0.390918 -2.250809  0.077282
3 -0.451551 -0.339449  0.121283 -0.260566 -2.130287 -0.061717
4 -0.480994 -0.302471  0.129919 -0.180915 -2.058966 -0.220624
2026-05-16 16:31:09 | INFO     | __main__ | Predicted class: Fall

2026-05-16 16:31:09 | INFO     | __main__ | Predicted class: Normal

2026-05-16 16:31:09 | INFO     | __main__ | Predicted class: Normal

2026-05-16 16:31:09 | INFO     | __main__ | Predicted class: Normal

2026-05-16 16:31:09 | INFO     | __main__ | Predicted class: Normal

2026-05-16 16:31:09 | INFO     | __main__ | Predicted class: Normal

2026-05-16 16:31:09 | INFO     | __main__ | Predicted class: Normal

2026-05-16 16:31:09 | INFO     | __main__ | Predicted class: Normal

2026-05-16 16:31:09 | INFO     | __main__ | Fall detected in the current window.

2026-05-16 16:31:09 | INFO     | __main__ | Fall window (start, end): (Timestamp('2026-05-16 19:10:09.918634892'), Timestamp('2026-05-16 19:10:35.818282843'))
2026-05-16 16:31:09 | INFO     | __main__ | Sample of data in the fall window:
       AccX      AccY      AccZ     GyroX     GyroY     GyroZ
0  0.539962 -0.381662  0.369759  0.253690 -0.886662  0.329747
1  0.529207 -0.408453  0.393914  0.258994 -0.835799  0.400990
2  0.565910 -0.426970  0.392073  0.219145 -0.795100  0.509661
3  0.584597 -0.436539  0.377869  0.229356 -0.771442  0.512969
4  0.579690 -0.414813  0.342623  0.257933 -0.683267  0.464863
2026-05-16 16:31:09 | INFO     | __main__ | Predicted class: Fall

2026-05-16 16:31:09 | INFO     | __main__ | Fall detected in the current window.

2026-05-16 16:31:09 | INFO     | __main__ | Fall window (start, end): (Timestamp('2026-05-16 19:10:15.269675493'), Timestamp('2026-05-16 19:10:39.161344290'))
2026-05-16 16:31:09 | INFO     | __main__ | Sample of data in the fall window:
       AccX      AccY      AccZ     GyroX     GyroY     GyroZ
0  0.428039 -0.512184  0.029047  0.158495  0.562060  0.223487
1  0.351272 -0.626440  0.017254  0.171583  0.704564  0.140710
2  0.362565 -0.549613  0.013221  0.175425  0.700681  0.152311
3  0.406528 -0.481960  0.019665  0.176956  0.775592  0.228313
4  0.330702 -0.403838  0.005856  0.147767  0.798374  0.324401
2026-05-16 16:31:09 | INFO     | __main__ | Predicted class: Fall

2026-05-16 16:31:09 | INFO     | __main__ | Predicted class: Normal

2026-05-16 16:31:09 | INFO     | __main__ | Predicted class: Normal

2026-05-16 16:31:09 | INFO     | __main__ | Predicted class: Normal

2026-05-16 16:31:09 | INFO     | __main__ | Predicted class: Normal

2026-05-16 16:31:09 | INFO     | __main__ | Predicted class: Normal

2026-05-16 16:31:09 | INFO     | __main__ | Fall detected in the current window.

2026-05-16 16:31:09 | INFO     | __main__ | Fall window (start, end): (Timestamp('2026-05-16 19:10:39.183646441'), Timestamp('2026-05-16 19:11:01.371292114'))
2026-05-16 16:31:09 | INFO     | __main__ | Sample of data in the fall window:
       AccX      AccY      AccZ     GyroX     GyroY     GyroZ
0 -1.243552  0.922377 -2.059898  0.849490  0.189099 -1.729178
1 -1.290472  0.999823 -1.841407  0.793917  0.176344 -1.662599
2 -1.034964  0.941513 -1.581884  0.913936 -0.015035 -2.031343
3 -1.314672  1.099727 -1.458084  1.421197  0.027892 -2.272097
4 -1.475465  1.437993 -1.677802  1.594828 -0.007788 -2.078163
2026-05-16 16:31:09 | INFO     | __main__ | Predicted class: Fall

2026-05-16 16:31:09 | INFO     | __main__ | Predicted class: Normal

2026-05-16 16:31:09 | INFO     | __main__ | Predicted class: Normal

2026-05-16 16:31:09 | INFO     | __main__ | Predicted class: Normal

2026-05-16 16:31:09 | INFO     | __main__ | Predicted class: Normal

2026-05-16 16:31:09 | INFO     | __main__ | Predicted class: Normal

2026-05-16 16:31:09 | INFO     | __main__ | Predicted class: Normal

2026-05-16 16:31:09 | INFO     | __main__ | Predicted class: Normal

2026-05-16 16:31:09 | INFO     | __main__ | Predicted class: Normal

2026-05-16 16:31:29 | INFO     | src.app.plot | [OK] Timeseries plot saved to /mnt/c/Users/Samuel Oliveira/Desktop/CS/fall-anomaly-detection/results-inference/inference_plot_sampling_rate_26.30Hz.png
