timestamp,AccX,AccY,AccZ,GyroX,GyroY,GyroZ
1778958562.6405478,0.5161267089843751,-0.03757186889648523,1.3491444396972656,0.03339534252882004,-0.03984414041042328,-0.029846804216504097
1778958562.660329,0.7631130981445313,-0.09819580078124979,1.376986541748047,0.14164848625659943,-0.0368838757276535,-0.08972981572151184
1778958562.6820107,0.7884104919433594,-0.310005340576172,1.4864089965820313,0.1669437438249588,-0.052202966064214706,-0.08498915284872055
1778958562.7046905,0.7273374938964844,-0.517623596191406,1.4563215637207032,0.16087479889392853,-0.06309285014867783,-0.048551566898822784
1778958562.729172,0.7225474548339844,-0.44996429443359354,1.4868580627441408,0.04282910004258156,-0.08876475691795349,0.012981580570340157
1778958562.7496128,0.6710545349121094,-0.2628533935546873,1.5425422668457032,-0.02789674699306488,-0.05266784876585007,0.03053848072886467
1778958562.7709408,0.6966513061523438,-0.09639953613281271,1.5447875976562502,-0.06188313663005829,-0.021475305780768394,0.024346571415662766
1778958562.79267,0.6876699829101562,0.014669494628906321,1.5260765075683596,-0.06803827732801437,0.008265916258096695,-0.005331332329660654
1778958562.8125207,0.63947021484375,0.11645782470703203,1.5144007873535157,-0.04375534877181053,0.012163080275058746,-0.017981961369514465
1778958562.8312387,0.5604345703125,-0.054486694335937,1.354084167480469,-0.04718390852212906,0.010999171063303947,-0.048092134296894073
1778958562.8484342,0.4890330505371094,-0.1766326904296882,1.1969110107421876,-0.052507590502500534,-0.0014602686278522015,-0.04606284201145172
1778958562.8666046,0.4273612976074219,-0.22079086303710938,1.1629316711425781,-0.042397912591695786,-0.011193269863724709,-0.03845897316932678
1778958562.8859358,0.37736526489257816,-0.18291961669921797,1.1817924499511718,-0.009577520191669464,-0.008401266299188137,-0.04088857024908066
1778958562.9051409,0.27872039794921877,-0.06481521606445284,1.2671150207519533,0.040217719972133636,0.003976311068981886,-0.02109387144446373
1778958562.924847,0.6027964782714844,-0.14624588012695305,1.2841795349121095,0.07145805656909943,-0.020652763545513153,-0.02633916772902012
1778958562.949748,0.6324348449707031,-0.3957769775390627,1.666783905029297,-0.02138655073940754,0.02760845609009266,-0.15731240808963776
1778958562.9698782,0.5357359313964845,-0.32078292846679624,1.8215620422363281,-0.10036984086036682,0.039755504578351974,-0.09465430676937103
1778958562.9882102,0.8387059020996094,-0.25491989135742266,1.4665003967285157,-0.07828955352306366,0.008021226152777672,-0.05533972382545471
1778958563.0120938,0.5921685791015625,-0.22692810058593693,1.5226336669921876,-0.03566155582666397,0.03442726656794548,-0.1226814016699791
1778958563.0317776,0.5035528564453126,-0.14235397338867273,1.7905764770507813,0.005441728048026562,0.04948882758617401,-0.10658497363328934
1778958563.0506046,0.51971923828125,-0.16241226196289027,1.9809805297851564,0.0813649520277977,0.06300346553325653,-0.06449508666992188
1778958563.071063,0.6643185424804687,-0.2884501647949218,1.870360565185547,0.15562403202056885,0.044697266072034836,-0.06826959550380707
1778958563.088884,0.6291416931152344,-0.3498225402832027,1.7019607543945314,0.14261576533317566,-0.007836035452783108,-0.0597839280962944
1778958563.1086326,0.47571075439453125,-0.4411326599121086,1.4108161926269531,0.06947971135377884,-0.07075326889753342,0.0005376781336963177
1778958563.127199,0.5282514953613282,-0.6436614990234375,1.3269905090332033,0.08466078341007233,-0.09705139696598053,0.017403284087777138
1778958563.1420593,0.4340972900390625,-0.6084846496582035,1.4048286437988282,0.10045161098241806,-0.0964035615324974,0.010837242007255554
1778958563.1585112,0.1675016784667969,-0.3242257690429682,1.534010009765625,0.11503972113132477,-0.08198483288288116,0.01658249832689762
1778958563.175362,0.11406280517578125,-0.07604187011718722,1.3659095764160156,0.1985495388507843,-0.07762129604816437,-3.996165469288826e-05
1778958563.1956558,0.3016227722167969,0.14923965454101484,1.1850856018066407,0.297762930393219,-0.0728134885430336,-0.027610601857304573
1778958563.2160683,0.32482452392578126,0.3059637451171877,1.1156300354003907,0.3581213355064392,-0.11276298761367798,-0.045557353645563126
1778958563.2357,0.24474105834960938,-0.3562591552734382,0.8190966796875,0.3711317181587219,-0.1280040442943573,-0.14332489669322968
1778958563.255568,0.08861572265625,-0.5188211059570307,1.0401869201660157,0.5402373671531677,-0.06255233287811279,-0.13432234525680542
1778958563.2764935,0.16136444091796875,-0.3011737060546871,1.252445526123047,0.5872688889503479,-0.04429289698600769,-0.03101510927081108
1778958563.324231,0.5941145324707031,-0.18576370239257756,1.169817352294922,0.62964928150177,-0.05705935135483742,-0.07181477546691895
1778958563.3452203,0.5026547241210938,-0.40341110229492116,1.0747650146484375,0.713318943977356,-0.09159824252128601,-0.06532029807567596
1778958563.3702874,0.38589752197265625,-0.5887257385253903,1.0496173095703125,0.7443885207176208,-0.12562189996242523,-0.004796845838427544
1778958563.3911233,0.1742376708984375,-0.8180488586425785,0.8590635681152344,0.7660217881202698,-0.13334259390830994,-0.0012329118326306343
1778958563.4119487,0.011825408935546875,-0.6650669860839837,0.6243516540527344,0.7198302149772644,-0.12884347140789032,0.009607936255633831
1778958563.4339502,0.43110351562500004,-0.06152206420898487,0.36898269653320315,0.7918232679367065,-0.1359979510307312,0.06039736419916153
1778958563.4536808,0.5481600952148438,0.02694396972656321,0.22049148559570314,0.8323693871498108,-0.1736862063407898,0.046841345727443695
1778958563.4730237,0.5007087707519532,0.07259902954101527,-0.19354751586914062,0.8524216413497925,-0.19902697205543518,0.03286267817020416
1778958563.4915884,0.4236190795898438,0.1523831176757806,-0.446671142578125,0.8615691661834717,-0.2772158980369568,0.014360894449055195
1778958563.5126219,0.295784912109375,0.5149291992187504,-1.0744656372070314,0.8993110656738281,-0.3265632688999176,-0.0004854220896959305
1778958563.5322104,0.06541397094726563,0.7349716186523434,-1.4847624206542969,1.2498981952667236,-0.2666350305080414,-0.04049089550971985
1778958563.554063,0.23441253662109376,0.22632934570312457,-1.36037109375,1.5031592845916748,-0.12293199449777603,-0.08532711118459702
1778958563.5734172,0.6947053527832031,-0.26584716796875085,-0.9352551269531251,1.5510708093643188,0.017630714923143387,-0.07968248426914215
1778958563.5952108,0.5062472534179687,-0.5508544921875007,-0.6647676086425781,1.346949577331543,0.04688010737299919,0.009119551628828049
1778958563.6150563,0.4393363952636719,-0.08217910766601477,-1.2361294555664064,1.2142343521118164,0.08922255039215088,0.01640540361404419
1778958563.636915,0.8580157470703126,0.14519805908203054,-1.878743133544922,1.2651857137680054,0.06986020505428314,0.0240444615483284
1778958563.65623,0.7427554321289063,0.0050894165039068184,-2.1644989013671876,1.3827530145645142,0.05525776743888855,0.044507332146167755
1778958563.67716,0.19788848876953127,-0.13980926513671932,-2.2897883605957032,1.3521428108215332,0.06339303404092789,0.08262970298528671
1778958563.6978135,0.07993377685546875,-0.4161346435546882,-2.4397764587402344,1.2204793691635132,0.06515701115131378,0.12447704374790192
1778958563.7167325,0.045056304931640624,-0.22528152465820384,-3.1522947692871095,1.120875358581543,0.09059031307697296,0.14592161774635315
1778958563.7361567,0.40086639404296875,0.3647914123535152,-3.7440142822265625,1.1281988620758057,0.11385956406593323,0.145898699760437
1778958563.785909,0.5182223510742188,0.614621887207031,-3.8923558044433597,1.2327518463134766,0.16309432685375214,0.14131486415863037
1778958563.8052845,0.3683839416503906,0.3296145629882812,-5.563929748535156,0.8269519209861755,-0.07210986316204071,0.03900640457868576
1778958563.8266656,0.13561798095703126,-0.09400451660156328,-6.338568878173828,0.8189836740493774,-0.08666139841079712,-0.05481259524822235
1778958563.8475976,0.09086105346679688,0.28111541748046953,-6.148314514160156,0.8940663933753967,-0.016463756561279297,-0.07966886460781097
1778958563.8680155,0.27078689575195314,0.938697967529297,-5.967939605712891,0.7492925524711609,-0.013121111318469048,-0.06366431713104248
1778958563.8857398,0.6062393188476562,0.6879693603515626,-6.27061019897461,0.5856723189353943,-0.023925606161355972,-0.08096446841955185
1778958563.9040108,0.9608518981933595,0.27273284912109297,-5.931864624023437,0.46313050389289856,0.02022416889667511,-0.16168621182441711
1778958563.924935,1.1753558349609377,-0.11930191040038984,-5.477259979248047,0.26810652017593384,0.03889009729027748,-0.1666051149368286
1778958563.9448848,1.0294093322753908,-0.8280780029296881,-5.248535614013672,0.19197723269462585,0.12859345972537994,-0.12038032710552216
1778958563.966069,0.6990463256835938,-1.0225236511230467,-5.144052886962891,0.07828711718320847,0.20384405553340912,-0.023246614262461662
1778958564.0158415,0.7372169494628906,-0.3541635131835932,-6.033652954101563,-0.16497182846069336,0.3038425147533417,0.018736813217401505
1778958564.0351362,0.43649230957031254,0.044158172607421164,-5.889203338623047,-0.1977759450674057,0.3141906261444092,-0.00957917608320713
1778958564.0546944,0.3555107116699219,-0.10014175415039084,-5.968538360595703,-0.26927450299263,0.2911769151687622,-0.041139889508485794
1778958564.073345,0.47571075439453125,-0.44128234863281257,-5.98036376953125,-0.265365332365036,0.2744244635105133,-0.03737485781311989
1778958564.0955234,0.5343887329101563,-0.6529421997070308,-5.733527069091797,-0.28625479340553284,0.26524460315704346,-0.026242371648550034
1778958564.1152077,0.61552001953125,-0.7120692443847663,-5.383105773925782,-0.41775402426719666,0.24984024465084076,-0.0130307050421834
1778958564.1340404,0.7476951599121094,-0.5328918457031246,-5.0850755310058595,-0.5492894053459167,0.21236254274845123,-0.007673915475606918
1778958564.1582043,0.880019989013672,-0.1535806274414071,-5.134772186279297,-0.5215274095535278,0.19931013882160187,-0.046477049589157104
1778958564.1799846,0.6216572570800781,-0.2857557678222662,-4.842430114746094,-0.461519718170166,0.21508607268333435,-0.06839298456907272
1778958564.2279055,0.6243516540527344,-0.9517208862304685,-4.568799133300781,-0.4931023418903351,0.27490729093551636,-0.02968364953994751
1778958564.2499626,0.988993377685547,-1.262774047851563,-4.037404174804688,-0.7352539300918579,0.32117703557014465,-0.028785647824406624
1778958564.270199,1.0301577758789062,-1.299447784423828,-4.0091130065917975,-0.7125346660614014,0.33322980999946594,-0.010211463086307049
1778958564.288203,0.7565267944335938,-1.250349884033204,-3.9505847167968753,-0.6766799092292786,0.4162203371524811,0.0032884017564356327
1778958564.3100815,0.6599775695800781,-1.274898834228516,-3.583697662353516,-0.7366896867752075,0.48565414547920227,-0.010154688730835915
1778958564.3338358,0.8798703002929688,-1.3097763061523438,-3.1853759765625003,-0.8342875242233276,0.4766952097415924,-0.006204415112733841
1778958564.353545,0.9825567626953126,-1.4853611755371094,-2.970872039794922,-0.8918091058731079,0.4679690897464752,-0.020008180290460587
1778958564.3723073,1.0473719787597657,-1.493444366455078,-2.781964874267578,-0.9014599323272705,0.46409040689468384,0.020347386598587036
1778958564.3940365,0.9304650878906251,-1.6708255004882808,-2.5132736206054687,-0.8570452332496643,0.48457610607147217,0.05110788717865944
1778958564.414336,0.8927435302734376,-1.8556910705566407,-2.3836431884765625,-0.8410390019416809,0.5270909070968628,0.011405717581510544
1778958564.4631882,0.7705975341796876,-1.8345849609374998,-2.1906944274902345,-0.8073992133140564,0.43569549918174744,-0.11753490567207336
1778958564.4850183,0.661025390625,-1.773362274169921,-2.4192691040039063,-0.7494944334030151,0.4393700063228607,-0.08700792491436005
1778958564.5048347,1.0750643920898437,-1.7624349975585947,-2.4373814392089845,-0.7530208230018616,0.3706188201904297,-0.0035723885521292686
1778958564.5243013,1.1096424865722656,-1.3959970092773446,-2.232307891845703,-0.6644062399864197,0.32965004444122314,0.01432584784924984
1778958564.543373,1.4424005126953126,-1.3922547912597665,-2.232756958007813,-0.4612049460411072,0.2625197768211365,-0.0657806321978569
1778958564.5616918,1.3248948669433593,-1.7119898986816402,-2.340981903076172,-0.30108359456062317,0.21902091801166534,-0.11949767917394638
1778958564.5803068,0.9216334533691407,-1.4200968933105464,-1.9056871032714844,-0.39202243089675903,0.2311895191669464,-0.04146140441298485
1778958564.599599,1.0008187866210938,-0.931363220214843,-1.3202545166015627,-0.5551322102546692,0.2829676866531372,0.024926112964749336
1778958564.621509,1.1988569641113282,-0.7125183105468746,-0.9461824035644532,-0.6098894476890564,0.34439656138420105,-0.03126850724220276
1778958564.670469,1.4551240539550783,-0.8870553588867196,-0.8458909606933595,-0.45587077736854553,0.42518186569213867,-0.1963769942522049
1778958564.6897814,1.4385086059570313,-1.4114149475097655,-0.7948471069335938,-0.4804641008377075,0.5212324261665344,-0.010651297867298126
1778958564.7103643,1.5308665466308595,-1.5305671691894531,-1.0198292541503906,-0.5244548916816711,0.4891948103904724,-0.02421591430902481
1778958564.7320898,1.308728485107422,-1.2460089111328134,-0.880169677734375,-0.4728167951107025,0.46100282669067383,-0.10917097330093384
1778958564.7521114,0.9713301086425782,-0.9361532592773436,-0.8735833740234376,-0.4138191342353821,0.4401817321777344,-0.15820585191249847
1778958564.7712438,0.9490264892578125,-1.0867401123046871,-0.9361532592773438,-0.39484837651252747,0.39205268025398254,-0.11487674713134766
1778958564.7902923,1.4178515625,-1.119971008300782,-0.7827223205566407,-0.39095544815063477,0.3232194185256958,-0.06499067693948746
1778958564.8328183,1.6889378356933595,-0.8517288208007816,-0.4709207153320313,-0.38567304611206055,0.261554479598999,-0.09016584604978561
1778958565.9612455,0.14953903198242188,-0.16705261230468693,0.7936495971679688,0.3099258542060852,0.29009127616882324,0.08383551985025406
1778958565.9870162,0.11840377807617188,0.08517288208007834,0.7557783508300782,0.3315383493900299,0.31417787075042725,0.0970013216137886
1778958566.00897,-0.006286926269531251,0.05688171386718821,0.8190966796875,0.329441636800766,0.36288413405418396,0.15805406868457794
1778958566.267985,0.043858795166015624,-0.07020401000976584,0.9702822875976563,0.27194586396217346,0.3926287293434143,0.19534945487976074
1778958566.2855473,0.7011419677734375,1.1930191040039055,-0.14190490722656252,0.10439594835042953,0.22089359164237976,0.2321237176656723
1778958566.305919,0.030686187744140628,0.45774810791015597,-1.5368540954589844,0.14782235026359558,0.19687752425670624,0.2033153623342514
1778958566.381859,0.38993911743164067,-0.37916152954101534,0.20686981201171875,0.07381026446819305,-0.021077487617731094,0.2150920331478119
1778958566.4069734,-0.28800109863281254,0.07798782348632827,-0.3715274047851563,0.12220337241888046,-0.0841442346572876,0.20422153174877167
1778958566.4241567,-0.26764343261718754,0.17318984985351626,-0.6724017333984376,0.11794683337211609,-0.1193210631608963,0.17662055790424347
1778958566.441627,0.1722917175292969,0.013621673583983807,-1.069525909423828,0.07626425474882126,-0.1956929862499237,0.09613950550556183
1778958566.4583669,0.5144801330566406,-0.315394134521485,-1.0554551696777343,0.011760255321860313,-0.27506664395332336,0.05402904003858566
1778958566.4766192,0.6080355834960938,-0.38065841674804624,-0.8090675354003907,0.021191084757447243,-0.32737791538238525,0.031204987317323685
1778958566.4941635,0.8384065246582032,-0.2826123046875004,-0.6623725891113281,0.04402965307235718,-0.3527664244174957,0.018154244869947433
1778958566.5147488,1.154249725341797,-0.31674133300781193,-0.7322772216796876,0.033800553530454636,-0.3767421841621399,-0.012972056865692139
1778958566.5353127,1.2398716735839845,-0.3011737060546871,-0.9276210021972656,0.01078682392835617,-0.39939773082733154,-0.02196604385972023
1778958566.557825,1.2504995727539063,-0.30296997070312415,-1.1103909301757813,-0.021292556077241898,-0.4324388802051544,0.006709024775773287
1778958566.5773304,1.2698094177246095,-0.18381774902343828,-1.1064990234375,-0.03433457389473915,-0.44870391488075256,0.03337123245000839
1778958566.5967011,1.2283456420898438,-0.06122268676757869,-0.8807684326171875,-0.045483097434043884,-0.44353312253952026,0.046335235238075256
1778958566.6147244,1.2966036987304688,0.1441502380371098,-0.580642547607422,-0.0654333084821701,-0.44769707322120667,0.05151188373565674
1778958566.6338222,1.393751678466797,0.3647914123535152,-0.4309538269042969,-0.09728683531284332,-0.4914463460445404,0.05167299509048462
1778958566.6536252,1.3952485656738283,0.5071453857421879,-0.5610333251953126,-0.11096735298633575,-0.5289546847343445,0.07641107589006424
1778958566.6733818,1.400787048339844,0.18561401367187536,-0.7875123596191407,-0.08052024990320206,-0.5549770593643188,0.10791872441768646
1778958566.6927636,1.4229409790039063,-0.04909790039062578,-0.9141490173339845,-0.07028039544820786,-0.551074206829071,0.11441550403833389
1778958566.7143195,1.5167958068847658,-0.48948211669921804,-0.6623725891113281,-0.11021190881729126,-0.6032513380050659,0.10724787414073944
1778958566.7340076,1.6323554992675782,-0.49861312866210916,-0.2847079467773438,-0.145219624042511,-0.6536766886711121,0.10151544213294983
1778958566.7525935,1.5414944458007813,-0.5448669433593754,-0.22962249755859376,-0.1324961632490158,-0.6828697919845581,0.07766971737146378
1778958566.7714052,1.4760804748535157,-0.5147795104980464,-0.27273284912109375,-0.11473047733306885,-0.6947218775749207,0.07307256758213043
1778958566.7925005,1.4901512145996094,-0.2667453002929694,-0.5146298217773437,-0.10591457784175873,-0.7341119050979614,0.06001939997076988
1778958566.8115158,1.5730787658691407,-0.2216889953613279,-0.5780978393554688,-0.13102684915065765,-0.7474988102912903,0.04478319361805916
1778958566.8328006,1.6637901306152345,-0.18411712646484446,-0.5572911071777344,-0.14433753490447998,-0.7815674543380737,-0.025269651785492897
1778958566.853306,1.7292041015625002,-0.33964370727539084,-0.4451742553710938,-0.058919355273246765,-0.7475864887237549,-0.020895183086395264
1778958566.8729205,1.750609588623047,-0.5975573730468753,-0.5812413024902344,-0.1416797786951065,-0.7415574789047241,-0.03160875663161278
1778958566.8939416,1.8706599426269532,-0.4697232055664067,-0.544866943359375,-0.13953785598278046,-0.7197121977806091,-0.05041174590587616
1778958566.916047,2.036964111328125,-0.4150868225097657,-0.37137771606445313,-0.08005118370056152,-0.6870718002319336,-0.04035734385251999
1778958566.937164,2.245630187988281,-0.5162763977050773,-0.271834716796875,-0.07437540590763092,-0.6861024498939514,-0.03055129200220108
1778958566.9611328,2.289339294433594,-0.5810916137695319,-0.36479141235351564,-0.0808720737695694,-0.6761196851730347,-0.05658657103776932
1778958566.9815207,2.2411395263671876,-0.5557942199707036,-0.47331573486328127,-0.050131913274526596,-0.656051516532898,-0.06808269023895264
1778958567.0029354,2.1119581604003907,-0.5040019226074222,-0.32482452392578126,-0.030752088874578476,-0.6090251207351685,-0.07194080948829651
1778958567.0254238,2.0890557861328127,-0.3405418395996094,-0.2847079467773438,-0.05905632674694061,-0.5698058009147644,-0.07399111241102219
1778958567.0454257,2.195933532714844,-0.35610946655273423,-0.42242156982421875,-0.06378941237926483,-0.5459441542625427,-0.07696030288934708
1778958567.0658047,2.3275099182128907,-0.2664459228515632,-0.5728587341308594,-0.08005140721797943,-0.5658069252967834,-0.06426075845956802
1778958567.0840323,2.1607566833496095,-0.21001327514648516,-0.7125183105468751,-0.09832615405321121,-0.5988287925720215,-0.07200203090906143
1778958567.1051843,1.7696200561523439,-0.18202148437499943,-0.822689208984375,-0.09184131026268005,-0.577426016330719,-0.0894739031791687
1778958567.125301,1.6748670959472658,-0.030386810302735157,-0.6393205261230469,-0.06763821095228195,-0.538275957107544,-0.10040812194347382
1778958567.1482284,1.8134788513183595,0.05298980712890611,-0.4358935546875,-0.08963079750537872,-0.5508612394332886,-0.08262485265731812
1778958567.171212,1.9046392822265625,0.05658233642578203,-0.3764671325683594,-0.10557880997657776,-0.6224954128265381,-0.036025114357471466
1778958567.1931822,1.3678555297851562,0.3576063537597651,-0.7235952758789063,-0.09267633408308029,-0.721062958240509,0.040230803191661835
1778958567.2146535,0.91729248046875,0.13037887573242202,-1.5533198547363283,-0.0776466578245163,-0.810400128364563,0.06729599833488464
1778958567.2366662,0.5373825073242188,-0.32871643066406264,-1.909728698730469,0.025971826165914536,-0.7661027312278748,0.025869406759738922
1778958567.2592547,0.27872039794921877,-0.31479537963867266,-1.3418096923828127,0.043995484709739685,-0.7466573119163513,-0.0619935542345047
1778958567.281728,0.30386810302734374,-0.0763412475585934,-0.434696044921875,0.013456740416586399,-0.8092576265335083,-0.13629303872585297
1778958567.3020537,0.4098477172851563,-0.07035369873046804,-0.5459147644042969,0.034766633063554764,-0.9099127650260925,-0.18645690381526947
1778958567.3238719,0.2293231201171875,0.06601272583007756,-0.9403445434570313,0.07509694993495941,-0.9991520643234253,-0.26164862513542175
1778958567.3431714,0.030087432861328128,0.3216810607910148,-1.2175680541992189,0.11317615211009979,-1.0543954372406006,-0.3096608817577362
1778958567.3630822,-0.0209564208984375,0.3683839416503911,-1.3427078247070314,0.12241744250059128,-1.0865963697433472,-0.31911423802375793
1778958567.3838341,0.018411712646484377,0.2151026916503902,-1.2555889892578125,0.14755357801914215,-1.107032060623169,-0.3052200973033905
1778958567.4045343,0.10927276611328125,-0.18711090087890625,-1.0794053649902344,0.14452135562896729,-1.142994999885559,-0.3010016083717346
1778958567.4265184,-0.012723541259765625,-0.6054908752441399,-0.9087602233886719,0.11824869364500046,-1.164779782295227,-0.31451615691185
1778958567.5179343,-0.5930667114257813,-0.033679962158203125,-0.45101211547851566,0.0838257297873497,-1.1287297010421753,-0.15134714543819427
1778958567.5729473,-0.7949967956542969,-0.07649093627929737,-0.7705975341796876,0.0375310517847538,-1.1883231401443481,-0.1458364874124527
1778958567.6323476,-0.6514453125,0.4433779907226558,-0.8957373046875,-0.07189910858869553,-1.1223325729370117,-0.19667723774909973
1778958567.6841476,-0.6450086975097656,-0.2125579833984368,-0.7472460937500001,-0.0677337795495987,-1.0708726644515991,-0.1575632095336914
1778958567.7304156,-0.5896238708496094,-0.13980926513671932,-0.5312452697753907,-0.14605261385440826,-0.9475455284118652,-0.047655608505010605
1778958567.7523024,-0.5899232482910156,-0.29443771362304716,-0.6014492797851563,-0.16928011178970337,-0.8902978301048279,0.018896829336881638
1778958567.7720172,-0.6274951171875001,-0.29069549560546903,-0.6158193969726563,-0.19295740127563477,-0.8603518605232239,0.015039695426821709
1778958567.792458,-0.6511459350585938,-0.08637039184570305,-0.643062744140625,-0.21733765304088593,-0.8376286029815674,0.011088678613305092
1778958567.8118613,-0.6956034851074219,0.014220428466796164,-0.6816824340820313,-0.22237162292003632,-0.8175181150436401,0.04004654660820961
1778958567.8331456,-0.6487509155273438,-0.09400451660156328,-0.7110214233398438,-0.22635114192962646,-0.7809092998504639,0.08113551139831543
1778958567.8519695,-0.669407958984375,-0.19564315795898501,-0.6559359741210938,-0.250693678855896,-0.7458925843238831,0.10150968283414841
1778958567.870177,-0.5740562438964844,-0.21555175781250036,-0.5902226257324219,-0.2580956220626831,-0.7131270170211792,0.12011025100946426
1778958567.889731,-0.5272036743164062,-0.2541714477539063,-0.47990203857421876,-0.24927601218223572,-0.674139678478241,0.12764856219291687
1778958567.907844,-0.4123924255371094,-0.1972897338867181,-0.5643264770507813,-0.24337218701839447,-0.633648693561554,0.12507513165473938
1778958567.924152,-0.43379791259765627,-0.1483415222167963,-0.6122268676757813,-0.24479830265045166,-0.6170196533203125,0.12626157701015472
1778958567.9419935,-0.40206390380859375,-0.06242019653320341,-0.7614665222167969,-0.23793914914131165,-0.5848023295402527,0.145020991563797
1778958567.9574394,-0.2920426940917969,-0.1522334289550784,-0.7740403747558594,-0.20872579514980316,-0.5617079138755798,0.1759582906961441
1778958567.97252,-0.26494903564453126,-0.24983047485351584,-0.7060816955566407,-0.19669277966022491,-0.5454708337783813,0.18672364950180054
1778958567.9904146,-0.19145187377929687,-0.33709899902343743,-0.686173095703125,-0.21990182995796204,-0.5219131112098694,0.20127759873867035
1778958568.0099242,-0.24399261474609377,-0.3592529296875,-0.7664062500000001,-0.21216601133346558,-0.5065323710441589,0.19219642877578735
1778958568.030811,-0.3177891540527344,-0.20193008422851477,-0.7473957824707032,-0.12408660352230072,-0.4761033058166504,0.20207807421684265
1778958568.049602,-0.34203872680664066,-0.18067428588867251,-0.8210426330566407,-0.20490887761116028,-0.4802064001560211,0.2040908932685852
1778958568.0698106,-0.3147953796386719,-0.27018814086914134,-0.9336085510253906,-0.18486633896827698,-0.4575594365596771,0.1875646412372589
1778958568.091574,-0.20582199096679688,-0.1877096557617186,-0.8523275756835937,-0.11507546901702881,-0.4362737536430359,0.1999494582414627
1778958568.1103308,-0.029488677978515627,-0.23770568847656293,-0.7650590515136719,-0.10365922749042511,-0.4633713364601135,0.2243141531944275
1778958568.1298807,-0.124541015625,-0.2841091918945313,-0.9219328308105469,-0.11019521951675415,-0.4813431203365326,0.212405264377594
1778958568.1499484,-0.295784912109375,-0.19923568725585916,-0.9246272277832032,-0.07773575186729431,-0.41836923360824585,0.19336795806884766
1778958568.1706913,-0.12648696899414064,0.023501129150391264,-0.7137158203125,-0.041657909750938416,-0.35771769285202026,0.19222120940685272
1778958568.1880481,0.281414794921875,-0.11915222167968764,-0.6556365966796875,-0.008275794796645641,-0.32428014278411865,0.16829706728458405
1778958568.2098575,0.590372314453125,-0.4406835937500002,-0.6090834045410156,0.04102171212434769,-0.2859678864479065,0.1754249781370163
1778958568.2271736,0.6641688537597656,-0.6423143005371088,-0.5090913391113282,0.031064355745911598,-0.2469780147075653,0.26434311270713806
1778958568.2457616,0.8316705322265625,-0.708027648925782,-0.31569351196289064,0.046332791447639465,-0.21599817276000977,0.3400823771953583
1778958568.2629151,1.0969189453125001,-0.5795947265624992,-0.26105712890625,0.03919152170419693,-0.20236864686012268,0.3366471529006958
1778958568.2816107,1.159339141845703,-0.2636018371582036,-0.32826736450195315,0.019953321665525436,-0.20104846358299255,0.2773621678352356
1778958568.3001983,1.082548828125,-0.008083190917968608,-0.4197271728515625,0.06102811545133591,-0.17388862371444702,0.23178407549858093
1778958568.3198104,1.0988648986816407,0.03517684936523402,-0.49172744750976566,0.08693867176771164,-0.14843890070915222,0.1940215677022934
1778958568.3406484,1.2493020629882814,0.11241622924804773,-0.5469625854492188,0.08387677371501923,-0.11879707872867584,0.13207454979419708
1778958568.360917,1.312321014404297,0.43304946899414,-0.23905288696289065,0.07040524482727051,-0.07928234338760376,0.08333573490381241
1778958568.380496,1.4292279052734376,0.802930297851562,0.10612930297851562,0.0703260749578476,-0.034086450934410095,0.06359242647886276
1778958568.398518,1.627266082763672,0.8924441528320308,0.3944297790527344,0.08021139353513718,-0.003322932869195938,0.0891374871134758
1778958568.4191573,1.5751744079589844,0.8017327880859373,0.5501060485839844,0.07947064191102982,0.08259637653827667,0.1330615133047104
1778958568.440728,1.581760711669922,0.8915460205078123,0.484991455078125,0.08927313983440399,0.17621290683746338,0.20069432258605957
1778958569.8480265,0.21091140747070314,-0.10972183227539034,0.027991790771484375,-0.12866152822971344,-0.7185792326927185,-0.058955319225788116
1778958569.8694453,-0.044307861328125,-0.13980926513671932,0.039218444824218754,-0.1017114594578743,-0.6383407115936279,0.02173948660492897
1778958569.890716,0.07679031372070313,-0.2909948730468752,0.19773880004882813,-0.11101095378398895,-0.5980504155158997,0.08407371491193771
1778958569.911388,0.31988479614257814,-0.41852966308593764,0.27422973632812503,-0.11614946275949478,-0.5792631506919861,0.11373736709356308
1778958569.9317002,-0.17109420776367187,-0.4261637878417961,0.2848576354980469,-0.11086089164018631,-0.5499736666679382,0.13998736441135406
1778958569.9503593,-0.39712417602539063,-0.3799099731445317,0.17618362426757814,-0.07151047885417938,-0.48780134320259094,0.1478598564863205
1778958569.9708464,-0.45116180419921875,-0.22797592163085945,0.08906478881835939,-0.06395184248685837,-0.47049927711486816,0.17185020446777344
1778958569.99003,-0.24953109741210938,-0.3332070922851571,0.12034973144531251,-0.0800519809126854,-0.4767010807991028,0.14740079641342163
1778958570.0071795,-0.14609619140625002,-0.4668791198730471,0.23306533813476563,-0.10504540801048279,-0.44835543632507324,0.10838143527507782
1778958570.0244753,-0.16121475219726564,-0.35865417480468764,0.437091064453125,-0.10824006795883179,-0.41321736574172974,0.11344651132822037
1778958570.0407722,-0.2507286071777344,-0.21046234130859354,0.5346881103515625,-0.10954201966524124,-0.38274693489074707,0.10919530689716339
1778958570.0563104,-0.4848417663574219,-0.03727249145507727,0.602347412109375,-0.1209474727511406,-0.3438125252723694,0.0886189341545105
1778958570.0730927,-0.20178039550781252,0.046702880859374574,0.4213737487792969,-0.11441213637590408,-0.2910071313381195,0.11153537780046463
1778958570.0889397,-0.10867401123046876,0.035326538085938,0.35640884399414063,-0.11498897522687912,-0.26086974143981934,0.1370127648115158
1778958570.1072855,0.047900390625000004,0.003442840576171946,0.4309538269042969,-0.1142810583114624,-0.1918986439704895,0.15980181097984314
1778958570.1278005,-0.02185455322265625,-0.031734008789062074,0.5869294738769532,-0.11962181329727173,-0.12978574633598328,0.13908684253692627
1778958570.1485062,-0.11555969238281251,0.1431024169921873,0.6135740661621094,-0.09869176894426346,-0.052710868418216705,0.15770955383777618
1778958570.1683025,0.082628173828125,0.4312532043457029,0.4722679138183594,-0.03749087080359459,0.01293063536286354,0.17270831763744354
1778958570.1888747,0.27692413330078125,0.5096900939941413,0.01526824951171875,0.05423932522535324,0.058603983372449875,-0.06932412832975388
1778958570.2089155,0.6141728210449219,0.24773483276367259,-1.3452525329589844,0.10069809854030609,0.03471854329109192,-0.14685218036174774
1778958570.2288833,0.48379394531250003,0.37062927246093835,-1.6874409484863282,0.020664643496274948,-0.06528235226869583,0.035422373563051224
1778958570.251396,0.31404693603515627,-0.4990621948242193,0.12349319458007812,-0.13200639188289642,-0.04241473600268364,0.049709104001522064
1778958570.2700396,0.6953041076660157,-0.7274871826171871,1.1301498413085938,-0.06339775770902634,0.06444179266691208,0.02157355099916458
1778958570.2891452,0.7899073791503907,-0.5462141418457023,1.3970448303222658,0.011065821163356304,0.11889836937189102,0.05400152876973152
1778958570.3095713,0.7174580383300782,-0.08128097534179624,0.9469308471679688,0.005463988520205021,0.19639718532562256,0.17558632791042328
1778958570.3313768,0.3896397399902344,0.10148895263671953,0.20267852783203125,-0.07657541334629059,0.2681315541267395,0.22833473980426788
1778958570.3515317,0.35625915527343754,0.4342469787597665,-0.44307861328125003,-0.04724488779902458,0.36565765738487244,0.1609514057636261
1778958570.370885,0.5599855041503906,0.3712280273437507,-0.7442523193359375,-0.051238641142845154,0.3741920292377472,0.1142694503068924
1778958570.3907692,0.5752537536621094,0.4598437499999992,-0.6183641052246094,-0.07670118659734726,0.3523719310760498,0.1321491301059723
1778958570.4105127,0.5981561279296875,0.17528549194335952,-0.4878355407714844,-0.07137765735387802,0.3768151104450226,0.0880676656961441
1778958570.432255,0.6707551574707031,0.04191284179687571,-0.37137771606445313,-0.0408945232629776,0.4058683514595032,0.030312329530715942
1778958570.4537797,0.8939410400390625,0.1333726501464838,-0.20552261352539064,-0.02027466893196106,0.3930021822452545,0.07046744227409363
1778958570.4731953,0.9648934936523438,0.16106506347656335,-0.32572265625,-0.036643851548433304,0.38141924142837524,0.141738623380661
1778958570.4936728,0.8023315429687501,0.028889923095702486,-0.5043013000488281,-0.047231316566467285,0.38804465532302856,0.18428504467010498
1778958570.5149672,0.8622070312500001,-0.04161346435546953,-0.5237608337402344,-0.06783193349838257,0.37639084458351135,0.22899581491947174
1778958570.5343325,1.0674302673339844,-0.34353561401367116,-0.4640350341796875,-0.08173489570617676,0.34648990631103516,0.250624418258667
1778958570.5660834,1.2204121398925782,-0.5391787719726562,-0.2496807861328125,-0.0602080337703228,0.31715866923332214,0.2516944706439972
1778958570.5859349,1.2671150207519533,-0.6065386962890624,-0.25192611694335937,-0.046523384749889374,0.23888544738292694,0.22421780228614807
1778958570.6063392,1.2606784057617189,-0.5078938293457025,-0.37092864990234375,0.007585193961858749,0.20395468175411224,0.21245063841342926
1778958570.6259089,1.1478131103515625,-0.4652325439453122,-0.3975732421875,0.06579097360372543,0.18961450457572937,0.16700145602226257
1778958570.6452942,1.350641326904297,-0.44577301025390703,-0.33171020507812504,0.08532232791185379,0.2177129089832306,0.1297840178012848
1778958570.6652014,1.5271243286132814,-0.38963973999023516,-0.20582199096679688,0.07984420657157898,0.23287874460220337,0.12229491770267487
1778958570.690747,1.787882080078125,-0.37766464233398445,-0.0383203125,0.058343708515167236,0.22445960342884064,0.10394761711359024
1778958570.7119536,1.8696121215820314,-0.4460723876953132,0.008232879638671876,0.05635466054081917,0.2137281894683838,0.08898412436246872
1778958570.7345738,1.901346130371094,-0.30267059326171797,0.041912841796875,0.04359951987862587,0.22303937375545502,0.07636365294456482
1778958570.7538736,1.8949095153808595,-0.051343231201171236,0.10253677368164063,0.03172508627176285,0.22438885271549225,0.08473801612854004
1778958570.775811,1.9426602172851564,0.014519805908202343,0.15881973266601562,0.025384895503520966,0.25281375646591187,0.09904635697603226
1778958570.7992246,2.1514759826660157,-0.05209167480468757,0.2165995788574219,0.022238971665501595,0.24700531363487244,0.10750210285186768
1778958570.8186092,2.1236338806152344,-0.21734802246093743,0.2998265075683594,0.04911718890070915,0.2297448217868805,0.09379246830940247
1778958570.8362699,1.9666104125976565,-0.09894424438476612,0.16360977172851562,0.025611799210309982,0.21851880848407745,0.15417993068695068
1778958570.8539085,2.11480224609375,-0.07604187011718722,-0.0335302734375,0.002354677766561508,0.15482914447784424,0.18390479683876038
1778958570.8718438,2.2180874633789065,-0.424367523193359,-0.1824705505371094,0.04975102096796036,0.14654314517974854,0.15658020973205566
1778958570.8906045,1.701511688232422,-0.5391787719726562,0.1279838562011719,0.09478787332773209,0.2050783783197403,0.12356957793235779
1778958570.9147396,1.8004559326171876,-0.33156051635742223,0.16795074462890625,0.13438761234283447,0.1693418323993683,0.1715053766965866
1778958570.9340935,2.222278747558594,-0.4517605590820306,0.02604583740234375,0.16610611975193024,0.09723284095525742,0.1794879287481308
1778958570.9525135,1.6085549926757814,-0.6277944946289065,0.027393035888671875,0.16631419956684113,0.12403795123100281,0.10683193057775497
1778958570.973673,1.337468719482422,-0.3439846801757813,0.038020935058593754,0.15387621521949768,0.12400545924901962,0.10246667265892029
1778958570.9930477,1.7272581481933595,-0.24803421020507876,0.08412506103515625,0.19473397731781006,0.06728597730398178,0.07488402724266052
1778958571.0123756,1.6063096618652344,-0.4863386535644523,0.26105712890625,0.1959025263786316,0.07393206655979156,-0.017823191359639168
1778958571.0317187,1.5510745239257813,-0.45655059814453125,0.28410919189453127,0.18331900238990784,0.047766804695129395,-0.01017248909920454
1778958571.051555,1.749561767578125,-0.5149291992187504,0.18172210693359375,0.19885756075382233,0.0016122492961585522,-0.014453524723649025
1778958571.0703528,1.5964302062988283,-0.5129832458496093,0.2656974792480469,0.18081404268741608,-0.022907257080078125,-0.09666962921619415
1778958571.0882745,1.4377601623535157,-0.30267059326171797,0.38814285278320315,0.15046672523021698,-0.040836624801158905,-0.14326344430446625
1778958571.1080625,1.5962805175781252,-0.1866618347167961,0.4842430114746094,0.12125849723815918,-0.07168668508529663,-0.15154002606868744
1778958571.127485,1.7730628967285158,-0.33679962158203125,0.5457650756835938,0.07262790948152542,-0.11488387733697891,-0.165202334523201
1778958571.1499643,1.6600479125976564,-0.5276527404785156,0.5215155029296875,0.04063389450311661,-0.1329747438430786,-0.17936591804027557
1778958571.168791,1.7333953857421875,-0.5481600952148433,0.5325924682617188,0.002870675176382065,-0.17453595995903015,-0.1311047375202179
1778958571.1902769,1.9513421630859376,-0.505648498535157,0.5334906005859376,-0.03918669745326042,-0.24468772113323212,-0.11209803074598312
1778958571.2101138,1.7980609130859375,-0.17887802124023366,0.6924600219726563,-0.11836612969636917,-0.3101440966129303,-0.20856007933616638
1778958571.2322636,1.6040643310546876,0.06571334838867138,0.4764591979980469,-0.1762804239988327,-0.35055696964263916,-0.25666290521621704
1778958571.2510087,1.5396981811523438,-0.1212478637695309,0.15612533569335937,-0.16560329496860504,-0.35487625002861023,-0.24059712886810303
1778958571.272706,1.5395484924316407,-0.27003845214843736,0.14265335083007813,-0.13599181175231934,-0.33831122517585754,-0.23651987314224243
1778958571.2943556,1.4124627685546876,0.30955627441406186,0.6643185424804687,-0.13812918961048126,-0.30713674426078796,-0.24838398396968842
1778958571.317378,1.4682966613769532,1.2195140075683586,0.57240966796875,-0.1524045467376709,-0.30416563153266907,-0.22331565618515015
1778958571.337482,1.4352154541015625,0.8711883544921868,-0.35521133422851564,-0.039989642798900604,-0.2951936721801758,-0.13778822124004364
1778958571.360049,1.2639715576171875,0.05927673339843764,-0.9789642333984375,0.07457643002271652,-0.24083317816257477,-0.10136198252439499
1778958571.381623,1.413959655761719,-0.028590545654296307,-0.6595285034179688,0.09806244820356369,-0.2546307146549225,-0.12527424097061157
1778958571.4064035,1.3729449462890626,-0.1386117553710946,-0.3445834350585938,-0.016460809856653214,-0.3164755702018738,-0.14305485785007477
1778958571.491065,1.2457095336914064,0.18037490844726634,-0.908909912109375,0.07756441086530685,-0.17854225635528564,-0.235613614320755
1778958571.510416,1.2020004272460938,-0.16136444091796953,-1.0470726013183593,0.09477529674768448,-0.11123235523700714,-0.21905164420604706
1778958571.5274353,1.162781982421875,-0.3400927734374992,-0.9340576171875,0.07534376531839371,-0.07157494127750397,-0.1823505461215973
1778958571.546975,1.1264076232910156,-0.5815406799316403,-0.7957452392578125,0.062477678060531616,-0.04648952931165695,-0.15490248799324036
1778958571.5726364,0.899329833984375,-0.6258485412597654,-0.7421566772460938,0.11773815006017685,-0.01296650804579258,-0.10570079833269119
1778958571.5902054,0.7177574157714844,-0.5460644531250001,-0.7981402587890626,0.14153622090816498,0.0012846705503761768,-0.08935275673866272
1778958571.6116889,0.41388931274414065,-0.3212319946289064,-0.8469387817382813,0.11293914914131165,0.0203056912869215,-0.10198882967233658
1778958571.6323369,0.43499542236328126,-0.28366012573242116,-0.96998291015625,0.09252328425645828,0.0198841355741024,-0.11864906549453735
1778958571.6546552,0.28156448364257813,-0.20791763305664013,-1.1669732666015626,0.02563120238482952,0.01776954159140587,-0.08369719982147217
1778958571.6767879,0.15013778686523438,-0.1607656860351554,-1.1567944335937501,-0.03885958343744278,0.015201524831354618,-0.09050294011831284
1778958571.698551,0.0580792236328125,-0.280067596435547,-1.1886781311035157,-0.053200431168079376,0.02249361202120781,-0.12956082820892334
1778958571.723589,-0.052690429687500005,-0.2814147949218757,-1.1283535766601562,-0.03532944247126579,0.060957081615924835,-0.13439323008060455
1778958571.7444968,-0.2597099304199219,-0.1562750244140627,-0.7430548095703126,-0.03443052992224693,0.12457632273435593,-0.09099637717008591
1778958571.7630394,-0.239501953125,-0.13097763061523438,-0.6866221618652344,-0.04391925781965256,0.1451042890548706,-0.08440403640270233
1778958571.7831266,-0.18770965576171875,-0.07978408813476534,-0.7274871826171876,-0.014477811753749847,0.18050207197666168,-0.07981381565332413
1778958571.8058233,-0.23052062988281252,-0.09864486694335994,-0.6593788146972657,-0.013851089403033257,0.21634463965892792,-0.05996096879243851
1778958571.832225,-0.14938934326171877,0.25941055297851534,-0.46253814697265627,-0.015986356884241104,0.2399429827928543,-0.059917595237493515
1778958571.8521006,-0.15343093872070312,0.2528242492675776,-0.5465135192871095,-0.006321072578430176,0.247115820646286,-0.06875527650117874
1778958571.8737898,-0.22558090209960938,0.005837860107421378,-0.801134033203125,0.005327736027538776,0.27640190720558167,-0.06492215394973755
1778958571.8938594,-0.2549198913574219,-0.18980529785156186,-0.8672964477539062,-0.025698503479361534,0.2710997760295868,-0.07961831986904144
1778958571.9166653,-0.15283218383789063,-0.3115022277832029,-0.6357279968261719,0.031070638447999954,0.2820988595485687,-0.061497628688812256
1778958571.9366903,-0.08322692871093751,-0.3143463134765625,-0.44607238769531254,-0.014976867474615574,0.24981047213077545,-0.025649843737483025
1778958573.1326785,1.6426840209960938,-0.12948074340820348,-0.25042922973632814,0.05377471446990967,0.11315295845270157,0.05384155735373497
1778958573.1544583,1.7188755798339845,-0.30162277221679723,-0.04146377563476563,0.06318151950836182,0.15496760606765747,0.03846871107816696
1778958573.2087998,1.6970210266113281,-0.48229705810546797,0.08801696777343751,0.06696190685033798,0.1545957326889038,0.01714009791612625
1778958573.2302353,1.67890869140625,-0.48259643554687415,0.2507286071777344,0.06102994084358215,0.04597073048353195,-0.06445184350013733
1778958573.250685,1.7116905212402345,-0.3085084533691411,0.19190093994140625,0.03358585759997368,-0.018457992002367973,-0.09670835733413696
1778958573.2698424,1.5465838623046875,-0.3092568969726557,0.20312759399414063,5.6274235248565674e-05,-0.049771130084991455,-0.13621896505355835
1778958573.2960813,1.7333953857421875,-0.3592529296875,0.2851570129394531,-0.047794148325920105,-0.12906433641910553,-0.18132762610912323
1778958573.3150988,1.8154248046875001,-0.46044250488281335,0.501756591796875,-0.1434658169746399,-0.2097172886133194,-0.23942449688911438
1778958573.3356826,1.788929901123047,-0.3815565490722648,0.48618896484375,-0.1655532568693161,-0.2552756369113922,-0.2439877986907959
1778958573.354613,1.9633172607421876,-0.3200344848632817,0.40116577148437504,-0.17780500650405884,-0.3006265461444855,-0.23855894804000854
1778958573.3738987,1.8383271789550781,-0.3405418395996094,0.3933819580078125,-0.20142650604248047,-0.3212242126464844,-0.2406923770904541
1778958573.3910823,1.951791229248047,-0.22647903442382855,0.305364990234375,-0.2013782411813736,-0.35650500655174255,-0.22305268049240112
1778958573.4158332,1.760189666748047,-0.2857557678222662,0.39577697753906255,-0.21048326790332794,-0.3531668186187744,-0.23232103884220123
1778958573.4350235,1.755399627685547,-0.1510359191894537,0.5090913391113282,-0.22598430514335632,-0.3773001730442047,-0.21733936667442322
1778958573.4555838,1.7462686157226563,-0.08666976928710923,0.6652166748046875,-0.24938786029815674,-0.37462183833122253,-0.21544966101646423
1778958573.4759147,1.6078065490722657,0.4710704040527336,0.7095245361328125,-0.25311216711997986,-0.39507293701171875,-0.2023591697216034
1778958573.4956038,1.5850538635253908,0.9759704589843743,0.18651214599609375,-0.21866124868392944,-0.40993833541870117,-0.13303177058696747
1778958573.9337013,1.3498928833007813,0.25387207031250014,-0.5933660888671876,-0.13959157466888428,-0.3759392201900482,-0.07080459594726562
1778958574.1109273,0.50055908203125,-0.6068380737304686,0.13382171630859377,0.035766929388046265,0.7103652954101562,0.02977636829018593
1778958574.132406,0.49756530761718754,-0.44996429443359354,0.12244537353515626,-0.007123393472284079,0.6842694878578186,0.032018810510635376
1778958574.1557674,0.5056484985351563,-0.03412902832031328,0.19953506469726565,0.06450556218624115,0.699811577796936,0.04261653497815132
1778958574.1780853,0.5107379150390625,-0.02484832763671818,0.26764343261718754,-0.005258726421743631,0.6991965174674988,0.009315064176917076
1778958574.1997619,0.6613247680664063,-0.1851649475097652,0.23875350952148439,0.010433502495288849,0.7145189642906189,-0.01990802213549614
1778958574.222483,0.6894662475585938,-0.3113525390625007,0.3941304016113281,0.059694163501262665,0.7458264827728271,0.02405189909040928
1778958574.2411275,0.623902587890625,-0.3128494262695316,0.6381230163574219,0.07151775062084198,0.7858225703239441,0.0302139762789011
1778958574.261542,0.6436614990234375,-0.07738906860351591,0.6679110717773438,0.06747447699308395,0.8287543654441833,0.009957443922758102
1778958574.2821603,0.5659730529785156,0.015717315673828836,0.42107437133789066,0.11054295301437378,0.8743149638175964,0.027317699044942856
1778958574.3056915,0.4249662780761719,-0.16226257324218807,0.3629951477050781,0.1742599904537201,0.9636477828025818,0.06082357466220856
1778958574.3256793,0.2625540161132813,-0.35595977783203203,0.7044351196289063,0.17519955337047577,0.9778746962547302,0.03170749917626381
1778958574.3474405,0.2528242492675781,-0.35700759887695277,0.8286767578125,0.1732502281665802,0.9526514410972595,0.04904833436012268
1778958574.3681817,0.36134857177734375,-0.2872526550292971,0.8446934509277344,0.16867424547672272,0.9188276529312134,0.05988234281539917
1778958574.393285,0.2597099304199219,-0.39697448730468743,0.8381071472167969,0.1616254448890686,0.8854127526283264,0.06890829652547836
1778958574.4145703,0.11061996459960938,-0.3740721130371085,0.7917036437988282,0.14516831934452057,0.8672227263450623,0.10036291182041168
1778958574.4359176,0.02844085693359375,-0.07559280395507884,0.9211843872070313,0.10557759553194046,0.8118715882301331,0.06244490295648575
1778958574.4596229,-0.06721023559570313,0.00029937744140617895,0.7806266784667969,0.09095649421215057,0.7892432808876038,0.023369913920760155
1778958574.4785686,-0.09071136474609376,0.03742218017578125,0.7701484680175782,0.10969729721546173,0.7931655049324036,0.029647793620824814
1778958574.4986782,0.13157638549804687,0.239501953125,0.8770262145996094,0.13448145985603333,0.8024293780326843,0.029367610812187195
1778958574.5195854,0.28650421142578125,0.32078292846679624,1.06578369140625,0.14590124785900116,0.79311603307724,-0.008535021916031837
1778958574.5384614,0.2962339782714844,0.7340734863281249,1.0710227966308594,0.14840734004974365,0.7864620089530945,-0.04894902929663658
1778958574.5578237,0.12663665771484375,1.4694941711425784,-0.06750961303710938,0.10260777175426483,0.6993248462677002,-0.014911940321326256
1778958574.5758436,0.07095245361328126,1.2578343200683602,-1.7763560485839844,0.24489641189575195,0.6172116994857788,0.07264508306980133
1778958574.5961995,-0.3980223083496094,1.491498413085937,-1.2364288330078126,0.29252180457115173,0.6442888975143433,-0.007185561116784811
1778958574.6173542,0.062120819091796876,1.4364129638671876,0.3638932800292969,0.27635377645492554,0.6735534071922302,-0.11231499910354614
1778958574.638279,1.033450927734375,0.5777984619140621,1.1808943176269533,0.3779124319553375,0.723641574382782,-0.06630108505487442
1778958574.659857,1.2519964599609377,-0.49846343994140696,0.9586065673828126,0.27197980880737305,0.7772451043128967,0.03753123804926872
1778958574.7187476,1.1090437316894532,-0.8991801452636725,0.24519012451171876,0.11885150521993637,0.8286616206169128,0.1760474443435669
1778958574.7398326,1.114731903076172,-0.6105802917480467,-1.9690054321289063,0.16311746835708618,0.7389565706253052,0.18406055867671967
1778958574.760753,1.2409194946289064,-0.9485774230957027,-2.135309600830078,0.2078450322151184,0.7315406203269958,0.14426514506340027
1778958574.7830465,1.8872753906250002,-1.2693603515625007,-1.5834072875976564,0.1601731777191162,0.6596376299858093,0.11401833593845367
1778958574.8064077,2.166295166015625,-1.1099418640136722,-1.1689192199707032,0.08174073696136475,0.5732225179672241,0.0858386978507042
1778958574.8255637,2.362237701416016,-0.5417234802246096,-0.9862989807128907,0.02148423343896866,0.47730451822280884,0.11390945315361023
1778958574.8465142,2.109862518310547,0.04505630493164148,-0.9982740783691407,-0.009667898528277874,0.4190901517868042,0.14198341965675354
1778958576.0022767,0.32482452392578126,-0.016016693115235014,0.9087602233886719,-0.02269705757498741,0.7136356830596924,0.11221572011709213
1778958576.0318663,0.449066162109375,-0.144299926757812,0.9795629882812501,-0.041201151907444,0.7511175274848938,0.157378688454628
1778958576.0524154,0.14684463500976563,-0.2935395812988286,0.899329833984375,-0.03762025758624077,0.7979603409767151,0.18503309786319733
1778958576.0689728,0.19504440307617188,-0.34353561401367116,0.9455836486816407,-0.013268658891320229,0.8332040309906006,0.20390543341636658
1778958576.0850387,0.12903167724609377,-0.37227584838867145,1.1585906982421876,-0.013406418263912201,0.8993492126464844,0.20879286527633667
1778958576.104334,-0.010927276611328125,-0.30790969848632876,1.24541015625,-0.028295297175645828,0.9566404223442078,0.20859655737876892
1778958576.1247222,-0.09325607299804688,-0.19354751586913999,1.1253598022460938,-0.010798072442412376,1.0051792860031128,0.2215682715177536
1778958576.1440213,0.14400054931640627,-0.2218386840820319,0.9671388244628907,0.008691594935953617,1.0070871114730835,0.2548981010913849
1778958576.164625,0.17393829345703127,-0.4123924255371101,1.0136920166015626,-0.002397250384092331,1.0133873224258423,0.23901227116584778
1778958576.1860905,0.06571334838867188,-0.2902464294433589,1.265917510986328,-0.02262222394347191,1.0373491048812866,0.2081686109304428
1778958576.205869,0.13247451782226563,-0.08158035278320241,1.2732522583007813,-0.03041926771402359,1.058915376663208,0.2112797498703003
1778958576.2278137,0.07080276489257813,-0.07229965209960909,1.1346405029296875,0.062212489545345306,1.1071887016296387,0.2281300276517868
1778958576.2480512,0.05643264770507813,0.11481124877929716,1.1407777404785158,0.07662925124168396,1.1495829820632935,0.26241055130958557
1778958576.2682679,0.11316467285156251,-0.07424560546875014,1.0258168029785157,-0.025610022246837616,1.157895565032959,0.2545705735683441
1778958576.2875776,-0.053438873291015626,-0.13501922607421868,1.107846221923828,0.014075522311031818,1.2360988855361938,0.23394504189491272
1778958576.3074014,0.13516891479492188,0.762514343261719,1.2952565002441407,0.12206064909696579,1.281977891921997,0.19512680172920227
1778958576.3278425,0.4572990417480469,1.8377284240722656,0.5357359313964845,0.32332032918930054,1.2528146505355835,0.1199205070734024
1778958576.3491905,0.7330256652832031,0.539029083251954,-1.4419514465332033,0.5296944975852966,1.1793938875198364,0.16504991054534912
1778958576.3695881,0.49756530761718754,0.07978408813476534,-1.3477972412109376,0.35717499256134033,1.088156819343567,0.16949711740016937
1778958576.387711,0.9523196411132813,0.041463775634765554,-0.05673202514648438,0.1032797321677208,0.9953014850616455,0.11026577651500702
1778958576.4075007,1.1509565734863283,-0.13052856445312422,1.1518547058105468,0.1370973140001297,1.0551397800445557,0.05087520182132721
1778958576.4276686,0.7960446166992188,-0.06885681152343714,1.4926959228515626,0.28317248821258545,1.2548909187316895,0.10943616181612015
1778958576.4481535,0.5725593566894531,-0.0669108581542961,1.0183323669433595,0.35472866892814636,1.447133183479309,0.24065600335597992
1778958576.4667635,0.9389973449707032,0.011526031494140554,0.15088623046875002,0.3535725772380829,1.5185819864273071,0.3483179807662964
1778958576.48862,1.3733940124511719,-0.03487747192382784,-0.46418472290039064,0.2614167034626007,1.4510773420333862,0.3589980900287628
1778958576.5061855,1.375938720703125,-0.37511993408203104,-0.65863037109375,0.19614814221858978,1.3802685737609863,0.25409403443336487
1778958576.526041,1.2530442810058595,-0.42242156982421797,-0.6551875305175782,0.22534266114234924,1.3771417140960693,0.18204036355018616
1778958576.5482974,1.1386820983886718,-0.269589385986329,-0.4339476013183594,0.29223108291625977,1.442583680152893,0.18107996881008148
1778958576.568717,1.1752061462402343,-0.07604187011718722,-0.20806732177734377,0.3214876055717468,1.526003122329712,0.20146524906158447
1778958576.586959,1.4563215637207032,-0.045655059814453836,-0.22632934570312502,0.331635057926178,1.5911535024642944,0.21505233645439148
1778958576.6047695,1.7262103271484377,-0.16660354614257855,-0.37781433105468754,0.31898051500320435,1.635737419128418,0.22726458311080933
1778958576.6252441,1.8215620422363281,-0.4041595458984375,-0.5037025451660156,0.3067092299461365,1.689173936843872,0.2365897297859192
1778958576.64696,1.7709672546386719,-0.5125341796874991,-0.5164260864257812,0.3025818467140198,1.7548807859420776,0.23069579899311066
1778958576.6646252,1.781595153808594,-0.5295986938476567,-0.53887939453125,0.3308257758617401,1.7847851514816284,0.20359741151332855
1778958576.683536,2.0386106872558596,-0.505648498535157,-0.44442581176757817,0.3469025790691376,1.7937570810317993,0.20516249537467957
1778958576.714349,2.062860260009766,-0.19444564819335852,-0.23246658325195313,0.30906370282173157,1.8139806985855103,0.23180846869945526
1778958576.7345207,1.9478993225097658,-0.1184037780761713,-0.24863296508789065,0.29718467593193054,1.8487764596939087,0.20201699435710907
1778958576.755048,1.9178118896484375,-0.1580712890624998,-0.37661682128906254,0.3213033378124237,1.882354497909546,0.17900922894477844
1778958576.7741282,2.0851638793945315,-0.28231292724609425,-0.43349853515625003,0.32253292202949524,1.8697688579559326,0.18745963275432587
1778958576.7910054,2.3068528747558594,-0.30581405639648374,-0.34323623657226565,0.4005691409111023,1.8627654314041138,0.2197662889957428
1778958576.81531,2.125879211425781,-0.41463775634765554,-0.3823049926757813,0.2967509329319,1.8600313663482666,0.1992121785879135
1778958576.8370738,2.0853135681152346,-0.3647914123535152,-0.3543132019042969,0.2355089634656906,1.8515690565109253,0.20457856357097626
1778958576.857585,2.3572979736328126,-0.19085311889648438,-0.25237518310546875,0.2644658088684082,1.8161656856536865,0.23342372477054596
1778958576.8772237,2.115999755859375,-0.25506958007812486,-0.1383123779296875,0.28133097290992737,1.8136756420135498,0.21711423993110657
1778958576.895773,1.9892134094238283,-0.21630020141601491,-0.04460723876953125,0.25879427790641785,1.7976012229919434,0.2111188769340515
1778958576.9155316,1.9514918518066406,-0.19399658203125014,-0.130528564453125,0.20529155433177948,1.7799159288406372,0.19785161316394806
1778958576.9416964,1.9880158996582031,-0.10103988647460938,-0.1598675537109375,0.19151340425014496,1.7633788585662842,0.16951565444469452
1778958576.96134,1.9354751586914063,-0.26060806274414006,-0.16510665893554688,0.19907855987548828,1.726932168006897,0.1104205995798111
1778958576.982615,2.125879211425781,-0.4493655395507812,-0.10433303833007813,0.20581579208374023,1.6776574850082397,0.08901700377464294
1778958577.0058508,1.9910096740722658,-0.5119354248046868,0.06496490478515625,0.1860988736152649,1.6376372575759888,0.05434884503483772
1778958577.0273144,1.8907182312011719,-0.3990701293945307,0.2543211364746094,0.17537038028240204,1.6188008785247803,0.026845578104257584
1778958577.0492504,2.159409484863281,-0.3483256530761718,0.3215313720703125,0.11548379808664322,1.5427088737487793,-0.016851600259542465
1778958577.070153,2.22497314453125,-0.44667114257812557,0.35102005004882814,0.07889071106910706,1.4976801872253418,-0.06680716574192047
1778958577.0903697,2.0338206481933594,-0.3496728515625005,0.5140310668945313,0.04165206849575043,1.4837204217910767,-0.07776258885860443
1778958577.1121156,2.07169189453125,-0.23860382080078146,0.5686674499511719,0.021596651524305344,1.4262620210647583,-0.07386907190084457
1778958577.1310296,2.2745201110839846,-0.36808456420898494,0.46059219360351566,0.012407881207764149,1.3677690029144287,-0.08586874604225159
1778958577.1505182,2.0947439575195315,-0.5029541015624996,0.41269180297851565,-0.017761390656232834,1.3094059228897095,-0.06992953270673752
1778958577.1684759,2.009720764160156,-0.5312452697753898,0.4620890808105469,-0.029250741004943848,1.2447292804718018,-0.06064673513174057
1778958577.1859174,2.0026853942871097,-0.5379812622070315,0.5056484985351563,-0.02963636815547943,1.2098290920257568,-0.07289540767669678
1778958577.2018154,2.0050804138183596,-0.46762756347656165,0.6354286193847657,-0.012464266270399094,1.141889214515686,-0.12377514690160751
1778958577.2180977,2.040257263183594,-0.4177812194824213,0.6520440673828125,0.018062785267829895,1.0862666368484497,-0.15149319171905518
1778958577.2352078,2.0645068359375003,-0.4079017639160156,0.6439608764648438,0.024557072669267654,1.0529175996780396,-0.14613664150238037
1778958577.2515633,2.1444406127929687,-0.4833448791503905,0.609532470703125,0.021009163931012154,0.9735825657844543,-0.1556413471698761
1778958577.2698944,2.1875509643554687,-0.5435197448730467,0.6167175292968751,0.008982690051198006,0.8858441710472107,-0.1592937409877777
1778958577.2986479,2.108814697265625,-0.26315277099609347,0.8744815063476563,-0.04504627734422684,0.7565458416938782,-0.163138747215271
1778958578.4556057,0.6617738342285157,-0.14400054931640582,0.9836045837402344,0.04961676150560379,0.4706703722476959,0.17829054594039917
1778958578.4763508,0.5092410278320313,-0.34069152832031335,1.2258009338378908,0.010988431982696056,0.43745777010917664,0.18252374231815338
1778958578.4986448,0.2606080627441406,-0.473615112304687,1.2898677062988282,-0.002809894736856222,0.4441814422607422,0.20216958224773407
1778958578.5233037,0.5620811462402344,-0.27722351074218743,1.30049560546875,0.018567238003015518,0.39859941601753235,0.27600574493408203
1778958578.5476027,0.6090834045410156,-0.3617976379394534,1.2258009338378908,0.03673793375492096,0.3691219389438629,0.276624858379364
1778958578.5692842,0.39577697753906255,-0.2615061950683586,1.3612692260742187,0.06426703929901123,0.34581026434898376,0.3121432662010193
1778958578.5903237,0.2808160400390625,-0.09879455566406214,1.407223663330078,0.06098194420337677,0.3549802005290985,0.31240764260292053
1778958578.6093192,0.21151016235351563,0.021106109619140057,1.342408447265625,0.06609740853309631,0.3839726150035858,0.2471444457769394
1778958578.6283178,0.42152343750000004,-0.051193542480469034,1.1945159912109375,0.0862237885594368,0.3839462995529175,0.18948383629322052
1778958578.9511666,0.5959107971191406,-0.12693603515625007,1.129251708984375,0.12259570509195328,0.3440918028354645,0.2012082189321518
1778958579.1671422,2.1975801086425784,-0.6471043395996094,-0.1293310546875,-0.10019786655902863,0.16069021821022034,0.10551159083843231
1778958579.188294,1.9592756652832033,-0.7454498291015632,-0.22468276977539064,-0.10895335674285889,0.10665600001811981,0.07023680210113525
1778958579.3044956,1.9934046936035157,-0.3426374816894526,-0.17468673706054688,0.04457031562924385,0.029196565970778465,-0.0030194649007171392
1778958579.3245077,2.059417419433594,-0.4233197021484383,-0.08831634521484376,0.06316180527210236,0.03505061939358711,-0.03295156732201576
1778958579.3432157,1.9823277282714844,-0.43604324340820355,-0.044756927490234376,-0.0013533039018511772,0.033233437687158585,-0.04117411747574806
1778958579.3783824,1.9895127868652345,-0.45535308837890653,-0.030087432861328128,-0.013708677142858505,0.023448975756764412,-0.04389263689517975
1778958579.3999915,1.906285858154297,-0.4203259277343747,0.16495697021484376,-0.020955484360456467,0.04200474172830582,-0.057572513818740845
1778958579.4190004,1.888472900390625,-0.48514114379882756,0.26240432739257813,-0.012504128739237785,0.060293011367321014,-0.07182733714580536
1778958579.4391773,1.9591259765625002,-0.35311569213867244,0.3691323852539063,0.008479151874780655,0.04382280260324478,-0.06120143458247185
1778958579.4637926,1.7025595092773438,-0.3468287658691409,0.5060975646972656,-0.041217364370822906,0.012729494832456112,-0.06683500111103058
1778958579.5161574,1.640289001464844,-0.5289999389648443,0.5138813781738282,-0.0949530228972435,-0.0633670762181282,-0.16512447595596313
1778958579.536809,1.1779005432128906,-0.31479537963867266,0.590372314453125,-0.11961952596902847,-0.06796599179506302,-0.18877799808979034
1778958579.5559897,1.071471862792969,-0.18486557006835902,0.5528004455566407,-0.10390442609786987,-0.1083112582564354,-0.1825259029865265
1778958579.5754023,1.324146423339844,-0.38993911743164134,0.48993118286132814,-0.06372186541557312,-0.14847691357135773,-0.2493773102760315
1778958579.8728466,1.2653187561035157,-0.3725752258300776,0.6583309936523438,-0.0419030636548996,-0.16813227534294128,-0.2967832386493683
1778958579.8934493,1.4123130798339845,0.31883697509765696,0.6445596313476563,0.01889963634312153,-0.4728570580482483,-0.20085611939430237
1778958579.9151652,1.4277310180664062,-0.3004252624511725,0.98914306640625,-0.027216259390115738,-0.4199206233024597,-0.13809145987033844
1778958579.9612334,0.9195378112792969,-1.0165361022949213,0.5656736755371095,-0.0635809600353241,-0.3061663508415222,-0.046822112053632736
1778958579.982443,0.8132588195800782,-0.6366261291503914,0.12948074340820312,-0.07726798951625824,-0.33488357067108154,0.02619512565433979
1778958580.0025358,0.5284011840820313,-0.43724075317382827,-0.4165837097167969,-0.10596487671136856,-0.3851197063922882,0.05540355294942856
1778958580.2825317,0.14400054931640627,0.05658233642578203,-0.8053253173828125,-0.04926254227757454,-0.4141215980052948,0.028008785098791122
1778958580.3041162,0.18770965576171875,-0.7276368713378911,0.40356079101562503,0.0619315430521965,-0.3416776955127716,-0.0332486629486084
1778958580.3317845,0.052241363525390626,-0.3800596618652339,0.4397854614257813,0.12330663204193115,-0.3161098062992096,0.007583606988191605
1778958580.3546414,-0.00868194580078125,-0.05792953491210895,0.42107437133789066,0.06941575556993484,-0.32782959938049316,0.03781578689813614
1778958580.3754344,0.07738906860351563,-0.09879455566406214,0.41119491577148437,0.013756006956100464,-0.3256732225418091,0.007853418588638306
1778958580.3966613,-0.0149688720703125,-0.09460327148437564,0.5382806396484375,-0.024751784279942513,-0.3010859191417694,0.008776189759373665
1778958580.418904,0.08592132568359376,-0.25911117553710916,0.6066883850097656,0.001432962715625763,-0.28535202145576477,0.03277674317359924
1778958580.4414115,0.15118560791015626,-0.40760238647460945,0.6804849243164063,0.025594860315322876,-0.2674558758735657,0.048625923693180084
1778958580.4619493,0.08577163696289063,-0.48244674682617195,0.7749385070800782,0.01607866771519184,-0.24824030697345734,0.08382174372673035
1778958580.4816992,-0.09490264892578125,-0.512234802246093,0.7611671447753907,0.0019555147737264633,-0.21272753179073334,0.12432147562503815
1778958580.5022566,-0.0748443603515625,-0.5165757751464852,0.8104147338867188,0.009772568941116333,-0.18489888310432434,0.16764234006404877
1778958580.5206065,-0.09385482788085937,-0.5201683044433594,0.9662406921386719,0.01871059089899063,-0.16142958402633667,0.1769559234380722
1778958580.5381532,-0.16480728149414064,-0.5084925842285148,1.1427236938476564,-0.06745641678571701,-0.14362609386444092,0.15867309272289276
1778958580.5593946,-0.18456619262695315,-0.37332366943359396,1.3976435852050781,-0.058488693088293076,-0.10849921405315399,0.15728138387203217
1778958580.57978,-0.19893630981445312,-0.13367202758788999,1.458417205810547,-0.14565414190292358,-0.10188746452331543,0.20408347249031067
1778958580.6002674,-0.14534774780273438,-0.2026785278320311,1.2602293395996094,-0.2412315011024475,-0.09461021423339844,0.1969793736934662
1778958580.6186543,0.017812957763671877,-0.07918533325195298,1.0761122131347656,-0.22359327971935272,-0.0747821182012558,0.19446200132369995
1778958580.6403034,0.15971786499023438,0.15163467407226605,1.0565029907226564,-0.20763050019741058,-0.060896240174770355,0.2319936603307724
1778958580.6585479,0.1734892272949219,0.09639953613281271,1.1789483642578125,-0.2145785689353943,-0.026894867420196533,0.2146703600883484
1778958580.6789114,0.5141807556152344,0.5099894714355475,1.2975018310546875,-0.2117103636264801,0.0005716979503631592,0.1385514885187149
1778958580.7014444,0.7813751220703126,1.7624349975585947,0.7661068725585938,-0.0630938708782196,-0.03024432435631752,0.021240485832095146
1778958580.7223926,0.9060658264160156,1.4391073608398433,-1.2147239685058595,0.15456418693065643,-0.11029556393623352,-0.017395569011569023
1778958580.7437575,0.13516891479492188,0.9907896423339846,-1.4894027709960938,0.07044808566570282,-0.1976216733455658,-0.03287240117788315
1778958580.7636633,-0.0532891845703125,1.0563533020019538,-0.2998265075683594,-0.04993753135204315,-0.21811343729496002,0.02020172029733658
1778958580.7853692,0.3555107116699219,1.1403286743164056,0.88855224609375,0.0585600845515728,-0.09538178145885468,0.07086413353681564
1778958580.8039515,0.4700225830078125,1.0229727172851568,0.890797576904297,0.14218732714653015,-0.04209032654762268,0.07557446509599686
1778958580.823154,0.5141807556152344,0.37646713256835973,0.5587879943847657,0.16322901844978333,0.02341674081981182,0.10785675048828125
1778958580.8424604,0.45999343872070314,-0.36015106201171854,0.28261230468750004,0.019987348467111588,-0.010448209941387177,0.14946070313453674
1778958580.871178,0.2644999694824219,-1.389560394287109,0.06825805664062501,-0.14628542959690094,-0.13270016014575958,0.11294950544834137
1778958580.8892128,0.02185455322265625,-1.3156141662597651,-0.17109420776367187,-0.13051532208919525,-0.1859641820192337,0.07801875472068787
1778958580.916527,0.002245330810546875,-0.4472698974609379,-0.6189628601074219,-0.058561623096466064,-0.22793418169021606,-0.009035507217049599
1778958580.94189,0.513731689453125,-0.2365081787109382,-0.6822811889648438,-0.06663956493139267,-0.26584410667419434,-0.09744997322559357
1778958580.9610655,1.1389814758300782,-0.37511993408203104,-0.6137237548828125,-0.09623891860246658,-0.2990643084049225,-0.1649578958749771
1778958580.982976,1.6384927368164064,-0.4793032836914062,-0.5502557373046876,-0.12083044648170471,-0.33434349298477173,-0.17268407344818115
1778958581.0046759,1.8185682678222657,-0.4722679138183601,-0.34398468017578127,-0.1824622005224228,-0.3842301666736603,-0.174838587641716
1778958581.025382,1.7958155822753907,-0.026494903564453054,-0.05987548828125,-0.23097269237041473,-0.3935144543647766,-0.16094908118247986
1778958581.3064735,1.5325131225585937,0.4038601684570313,0.17992584228515626,-0.23770783841609955,-0.3689391016960144,-0.10444634407758713
1778958581.3283198,0.9265731811523438,-0.4439767456054682,1.1174263000488283,-0.061877451837062836,-0.6626150012016296,-0.03300296887755394
1778958581.3523827,0.8641529846191407,-0.2826123046875004,1.137484588623047,-0.11194197088479996,-0.6625621914863586,-0.0670136883854866
1778958581.3734126,1.069376220703125,-0.41867935180663984,1.1993060302734375,-0.10187625139951706,-0.6871445775032043,-0.09172385185956955
1778958581.392532,0.87897216796875,-0.6015989685058596,1.362466735839844,-0.092896468937397,-0.699675977230072,-0.1464633196592331
1778958581.412895,0.8104147338867188,-0.5292993164062505,1.4015354919433594,-0.05258435755968094,-0.7055210471153259,-0.1522652506828308
1778958581.4336815,0.8779243469238281,-0.5266049194335931,1.4196478271484376,-0.03730302304029465,-0.7287375926971436,-0.14482294023036957
1778958581.4538138,0.8559201049804688,-0.5269042968749993,1.4554234313964844,-0.09295695275068283,-0.7731544971466064,-0.1805540919303894
1778958581.4732993,0.8379574584960938,-0.6168672180175783,1.4232403564453127,-0.13217543065547943,-0.7996305227279663,-0.22323453426361084
1778958581.491791,0.9024732971191407,-0.669108581542968,1.3801300048828127,-0.13109776377677917,-0.8298453092575073,-0.24494321644306183
1778958581.819625,1.0151889038085937,-0.6589297485351562,1.458417205810547,-0.12302595376968384,-0.8616800904273987,-0.27398356795310974
1778958582.2284954,-0.513731689453125,-0.2805166625976554,-0.10927276611328125,0.025824230164289474,-0.47056150436401367,-0.010945608839392662
1778958582.249481,-0.14415023803710938,-0.280067596435547,0.47196853637695313,0.029103614389896393,-0.5268588662147522,0.08430875837802887
1778958582.2725797,-0.15358062744140627,-0.29892837524413984,0.5287005615234375,-0.031432539224624634,-0.5070182085037231,0.14005018770694733
1778958582.2940729,-0.0975970458984375,-0.4414320373535148,0.7141648864746094,-0.0876411572098732,-0.45771291851997375,0.2020617127418518
1778958582.315639,0.05942642211914063,-0.5544470214843749,0.9795629882812501,-0.11257413029670715,-0.3572225868701935,0.2714143991470337
1778958582.3327262,0.09714797973632813,-0.49157775878906307,1.0394384765625,-0.11697527021169662,-0.3124913275241852,0.2892785966396332
1778958582.3521953,-0.03323089599609375,-0.38035903930664006,1.0515632629394531,-0.12478529661893845,-0.24537423253059387,0.3149670958518982
1778958582.3718462,-0.154478759765625,-0.33814682006835994,0.8773255920410157,-0.1151079535484314,-0.14760221540927887,0.3254838287830353
1778958582.3903112,-0.25312362670898436,-0.20133132934570241,0.8382568359375,-0.07913355529308319,-0.022025687620043755,0.3079559803009033
1778958582.4079683,0.047151947021484376,-0.07918533325195298,0.9509724426269531,-0.12988686561584473,0.028726810589432716,0.31468304991722107
1778958582.427645,0.4201762390136719,-0.2543211364746085,1.0127938842773438,-0.11961151659488678,0.04621279612183571,0.3285166919231415
1778958582.4469175,0.370030517578125,-0.24129821777343707,0.9145980834960938,-0.10982920974493027,0.08418741822242737,0.369617223739624
1778958582.465695,0.19399658203125,-0.026345214843750853,0.805924072265625,-0.10084834694862366,0.13362419605255127,0.35162273049354553
1778958582.4863656,0.2947370910644531,0.35431320190429716,1.076411590576172,-0.031851641833782196,0.1764112412929535,0.30409568548202515
1778958582.5080948,0.6712042236328125,1.8693127441406254,1.2350816345214843,-0.04200039058923721,0.09241239726543427,0.09551827609539032
1778958582.5318313,0.2782713317871094,1.9589762878417964,0.1945953369140625,0.07791213691234589,0.05051349103450775,-0.018873300403356552
1778958582.5515249,0.15402969360351562,0.808468780517579,-1.5401472473144533,0.3367307186126709,0.08486036956310272,-0.02538730576634407
1778958582.572654,0.033679962158203125,1.734443206787109,-1.1106903076171875,0.23716238141059875,-0.09444776177406311,0.08099236339330673
1778958582.601772,0.06795867919921875,0.9578581237792978,0.6583309936523438,0.08679869025945663,-0.12994682788848877,0.10738880187273026
1778958582.622743,0.17977615356445314,-0.3267704772949216,1.3150154113769532,0.22068706154823303,-0.005215737037360668,0.2674938142299652
1778958582.6412654,0.17917739868164062,-0.6197113037109379,1.3015434265136718,0.22685018181800842,0.03333800658583641,0.31308016180992126
1778958582.6609962,-0.07933502197265625,-0.8131091308593756,1.2852273559570313,0.12113578617572784,0.07175220549106598,0.29796403646469116
1778958582.6838348,-0.07574249267578126,-0.5240602111816415,0.5679190063476562,-0.053387317806482315,0.004175359848886728,0.2281833291053772
1778958582.7044203,-0.13142669677734375,-0.4312532043457029,-0.23516098022460938,-0.019670788198709488,-0.07400332391262054,0.10884792357683182
1778958582.7246556,0.014819183349609376,-0.15388000488281328,-0.810714111328125,0.03640888258814812,-0.13840095698833466,-0.0019012626726180315
1778958582.7441216,0.13397140502929689,0.07544311523437486,-0.8333171081542969,0.023734040558338165,-0.21748250722885132,-0.03150026872754097
1778958582.764626,0.48259643554687504,0.02724334716796939,-0.8536747741699219,-0.0035842186771333218,-0.3061924874782562,-0.04765555262565613
1778958583.833068,0.25102798461914066,-0.2161505126953127,-0.36164794921875004,-0.16165167093276978,-1.286852240562439,-0.14877231419086456
1778958583.894357,-0.26000930786132814,-0.46628036499023473,-0.417930908203125,-0.0923633873462677,-1.1585527658462524,-0.08476059883832932
1778958583.9187608,-0.346080322265625,-0.3826043701171873,-0.57240966796875,0.009791889227926731,-1.1836702823638916,-0.12894313037395477
1778958583.9411185,-0.3592529296875,-0.35461257934570334,-0.5269042968750001,0.039439499378204346,-1.2280265092849731,-0.13181142508983612
1778958583.962013,-0.7532336425781251,-0.2841091918945313,-0.4722679138183594,0.03964350372552872,-1.2496565580368042,-0.16198216378688812
1778958584.0877392,-0.6435118103027344,0.030386810302735157,-0.2656974792480469,0.017596401274204254,-1.306180715560913,-0.2551562488079071
1778958584.1304467,-0.3224295043945313,-0.013771362304687784,0.23261627197265627,0.04026224464178085,-1.1821908950805664,-0.18559107184410095
1778958584.1786375,-0.5749543762207031,0.008981323242187145,0.4122427368164063,0.026990877464413643,-1.0607017278671265,-0.11468752473592758
1778958584.2279177,-0.38993911743164067,-0.006885681152343892,0.12304412841796876,-0.03290870413184166,-0.9746914505958557,-0.07035869359970093
1778958584.2501051,-0.5246589660644532,0.12723541259765625,0.22303619384765627,-0.04783986508846283,-0.8609656095504761,-0.07550553232431412
1778958584.2721314,-0.6741979980468751,-0.2056723022460929,0.05044509887695313,-0.09001610428094864,-0.7867515683174133,-0.0709165632724762
1778958584.324333,-0.21016296386718752,-0.22887405395507798,0.6274951171875001,-0.04757067188620567,-0.6244711875915527,0.043199505656957626
1778958585.4178762,1.4790742492675781,-0.16660354614257855,0.33021331787109376,-0.18982170522212982,-0.9018218517303467,-0.00024375878274440765
1778958585.4425285,1.2826826477050781,-0.13022918701171804,0.2755769348144531,-0.17646479606628418,-0.9060602188110352,-0.02574222721159458
1778958585.4668226,1.4084211730957032,-0.26075775146484403,0.4381388854980469,-0.09839488565921783,-0.8987419009208679,-0.007539195939898491
1778958585.490581,1.4831158447265627,-0.23516098022460952,0.571212158203125,-0.15951304137706757,-0.9250806570053101,0.026643002405762672
1778958585.5130682,1.4374607849121095,-0.3562591552734382,0.6734495544433594,-0.20393036305904388,-0.9196673631668091,-0.03273599222302437
1778958585.5349047,1.2452604675292969,-0.1537303161621093,0.7032376098632813,-0.12567976117134094,-0.8535378575325012,-0.06114766001701355
1778958585.5534625,1.5269746398925783,-0.020806732177733878,0.5800437927246094,-0.05100008845329285,-0.8866683840751648,0.0068109226413071156
1778958585.5735345,1.5438894653320314,-0.38320312499999964,0.6012995910644532,-0.04714205116033554,-0.8720619082450867,-0.02492104470729828
1778958585.6004083,1.3006452941894533,-0.3496728515625005,0.5996530151367188,-0.08157504349946976,-0.8330510258674622,-0.03398407995700836
1778958585.6202705,1.8055453491210938,-0.15852035522460994,0.6667135620117188,-0.05737329646945,-0.865567684173584,0.026813756674528122
1778958585.6460743,1.8401234436035157,-0.45146118164062443,0.7396119689941406,-0.054678358137607574,-0.8625409007072449,-0.014913531020283699
1778958585.669184,1.388961639404297,-0.3171903991699221,0.75443115234375,-0.05715537816286087,-0.8073529601097107,-0.011376412585377693
1778958585.6935494,1.742227020263672,-0.16944763183593814,0.7036866760253907,-0.005696579813957214,-0.8006596565246582,0.01207263208925724
1778958585.716052,1.4760804748535157,-0.2914439392089836,0.6643185424804687,0.0136013925075531,-0.7284371852874756,-0.012049280107021332
1778958585.737101,1.565294952392578,-0.3555107116699219,0.8556207275390626,0.036123067140579224,-0.7241092324256897,0.0071161952801048756
1778958585.7567902,1.5385006713867189,-0.5215155029296881,1.0886860656738282,0.010010424070060253,-0.6913695335388184,-0.02895757183432579
1778958585.7769542,1.2250524902343751,-0.45954437255859304,1.248852996826172,-0.016020089387893677,-0.6607980728149414,-0.05719460919499397
1778958585.7992377,1.174757080078125,-0.269439697265625,1.1990066528320313,-0.018789449706673622,-0.6428183317184448,-0.06171169877052307
1778958585.8198788,1.2552896118164063,-0.29847930908203146,1.0798544311523437,-0.01721046306192875,-0.6623324751853943,-0.10109101235866547
1778958585.8386652,1.095721435546875,-0.413889312744141,0.9681866455078125,-0.02893567830324173,-0.6683541536331177,-0.1595207005739212
1778958585.8610685,1.009351043701172,-0.399818572998047,0.9894424438476563,-0.06343148648738861,-0.6904690265655518,-0.19070611894130707
1778958585.8833122,1.1804452514648438,-0.3833528137207036,1.0803034973144532,-0.07635267078876495,-0.7471489310264587,-0.23103511333465576
1778958585.906621,1.0288105773925782,-0.40101608276367173,1.1088940429687502,-0.06703051179647446,-0.7712775468826294,-0.27613145112991333
1778958585.927037,0.8414002990722657,-0.2924917602539061,1.0891351318359375,-0.04872337728738785,-0.7570288777351379,-0.29382839798927307
1778958585.9501448,0.9921368408203125,-0.12439132690429666,1.05141357421875,-0.032591454684734344,-0.7942459583282471,-0.2614547610282898
1778958585.9723969,0.8978329467773438,-0.12184661865234325,1.1509565734863283,-0.039568882435560226,-0.7782827615737915,-0.31506478786468506
1778958585.9927192,0.9764195251464844,0.6218069458007811,1.194965057373047,-0.04965095967054367,-0.813439667224884,-0.29422980546951294
1778958586.0181406,1.1816427612304687,1.3626164245605477,0.6864724731445313,0.08015160262584686,-0.8548839688301086,-0.24955449998378754
1778958586.1008308,1.1904743957519532,-0.03278182983398459,0.5028044128417969,0.015184765681624413,-0.8438777923583984,-0.22540195286273956
1778958586.1547964,0.7915539550781251,0.07993377685546932,0.20252883911132813,0.13358017802238464,-0.7664313316345215,-0.26896676421165466
1778958586.2147813,1.0018666076660157,-0.19564315795898501,0.0652642822265625,0.008964089676737785,-0.6569178700447083,-0.21408888697624207
1778958586.2647936,0.8810678100585938,-0.10747650146484311,-0.029788055419921876,-0.014552708715200424,-0.5453431010246277,-0.1409171223640442
1778958586.306769,0.5587879943847657,-0.015567626953124858,-0.06840774536132813,-0.01404733769595623,-0.39469027519226074,-0.14604893326759338
1778958586.328475,0.5481600952148438,0.12005035400390618,-0.15896942138671877,-0.0036275237798690796,-0.36585503816604614,-0.11895876377820969
1778958586.349141,0.46702880859375,-0.27422973632812564,-0.28351043701171874,-0.024997100234031677,-0.3394301235675812,-0.12843440473079681
1778958586.3707738,0.33171020507812504,-0.31225067138671925,-0.3393443298339844,-0.03111691027879715,-0.3208191692829132,-0.11763320863246918
1778958586.404354,0.17318984985351563,-0.20582199096679688,-0.31823822021484377,-0.016691219061613083,-0.3229699730873108,-0.04663345217704773
1778958586.424288,0.04266128540039063,-0.2920426940917977,-0.3227288818359375,-0.003955969586968422,-0.3250158429145813,-0.03877352550625801
1778958586.4448187,-0.09370513916015626,-0.4394860839843755,-0.18471588134765626,-0.022690903395414352,-0.3146500289440155,-0.05438883602619171
1778958586.4671848,-0.15702346801757813,-0.47301635742187464,-0.0058378601074218755,-0.06114490330219269,-0.2943645715713501,-0.06181368976831436
1778958586.4864857,-0.15777191162109375,-0.2326162719726561,0.1874102783203125,-0.06258773058652878,-0.2846582531929016,-0.05814647302031517
1778958586.5063944,-0.2124082946777344,0.0067359924316399145,0.21689895629882813,-0.03581295907497406,-0.24810510873794556,-0.06252163648605347
1778958586.5271416,-0.15477813720703126,0.46358596801757734,0.1694476318359375,-0.025597136467695236,-0.22142302989959717,-0.06936973333358765
1778958586.6113307,0.11211685180664063,-0.3724255371093754,0.11211685180664063,-0.12945182621479034,-0.14212274551391602,0.0031234221532940865
1778958586.6277385,0.02245330810546875,-0.6090834045410158,0.32677047729492187,-0.06717491149902344,-0.08013840764760971,0.03019150346517563
1778958586.6489685,0.001945953369140625,-0.566871185302734,0.48529083251953126,-0.027849338948726654,-0.04825984314084053,0.04396963119506836
1778958586.6682115,0.001047821044921875,-0.5652246093750009,0.48633865356445316,-0.1187441274523735,-0.03343020752072334,0.0730544775724411
1778958586.688414,-0.23441253662109376,-0.5025050354003913,0.2932402038574219,-0.03684752807021141,0.01629658043384552,0.031070146709680557
1778958586.7077289,-0.28725265502929687,-0.0693058776855473,0.22049148559570314,0.021470166742801666,0.014114003628492355,0.056306518614292145
1778958586.725528,-0.18830841064453127,0.10029144287109304,0.22183868408203125,0.02702125906944275,-0.005269015673547983,0.07280586659908295
1778958586.7452767,-0.02724334716796875,0.11511062622070334,0.36119888305664066,0.0012886971235275269,-0.026341211050748825,0.04035576432943344
1778958586.76507,-0.09235794067382813,0.005837860107421378,0.4872367858886719,-0.01289638876914978,-0.0232287235558033,-0.025915641337633133
1778958586.784791,-0.20312759399414063,-0.14355148315429744,0.5192701721191406,-0.006390783935785294,0.019672604277729988,-0.02727702632546425
1778958586.80439,-0.067060546875,-0.24324417114257812,0.5760021972656251,0.011591828428208828,0.06944252550601959,0.022588012740015984
1778958586.8243377,0.3183879089355469,-0.2680924987792963,0.5977070617675782,0.006407545879483223,0.07568798214197159,0.07600731402635574
1778958586.841517,0.42766067504882815,-0.258811798095703,0.667012939453125,0.016373708844184875,0.07696879655122757,0.08670226484537125
1778958586.8599868,0.11900253295898439,-0.34338592529296896,0.678988037109375,0.05429897829890251,0.15782932937145233,0.08199547231197357
1778958586.882517,-0.25731491088867187,-0.4409829711914064,0.6524931335449219,0.05142978951334953,0.2639339864253998,0.08833666890859604
1778958586.901948,-0.12124786376953126,-0.19923568725585916,0.7210505676269532,0.05686196684837341,0.30764949321746826,0.10611783713102341
1778958586.9208646,0.18172210693359375,-0.06496490478515682,0.8419990539550781,0.056989703327417374,0.30399540066719055,0.1391739398241043
1778958586.9410965,0.20881576538085939,-0.2218386840820319,1.058448944091797,0.03349688649177551,0.2978860139846802,0.13889195024967194
1778958586.9583426,-0.22887405395507815,-0.3348536682128902,1.1660751342773439,0.01247175969183445,0.3315052390098572,0.1038290485739708
1778958586.9779544,-0.32362701416015627,-0.20387603759765582,0.9954299926757812,0.007123302668333054,0.3723369240760803,0.0856538712978363
1778958586.9982164,0.024399261474609375,0.026494903564453054,0.7455995178222656,-0.000713457353413105,0.36039501428604126,0.12480651587247849
1778958587.0186036,0.058528289794921876,-0.06242019653320341,0.7640112304687501,-0.021340008825063705,0.35264304280281067,0.1400795429944992
1778958587.0388153,-0.04924758911132813,-0.1875599670410164,0.8541238403320313,-0.02766769379377365,0.38872623443603516,0.1483970731496811
1778958587.0597947,-0.08547225952148438,-0.012573852539063068,1.0183323669433595,-0.03674321994185448,0.4279296100139618,0.17336322367191315
1778958587.0805326,-0.07843688964843751,0.20207977294921875,1.0298583984375,-0.05563613772392273,0.464241623878479,0.19044576585292816
1778958587.102489,0.2525248718261719,0.5894741821289067,0.9568103027343751,-0.037760987877845764,0.4831252992153168,0.15255756676197052
1778958587.122593,0.5539979553222657,1.2268487548828126,0.396375732421875,0.014653549529612064,0.41893765330314636,0.12091618776321411
1778958587.1428437,0.46493316650390626,1.0437794494628907,-0.6965016174316406,0.10372332483530045,0.3589860200881958,0.13137266039848328
1778958587.1612487,0.2149530029296875,1.4706916809082031,-0.7908055114746094,0.11864564567804337,0.31547269225120544,0.061737675219774246
1778958587.1829984,0.28635452270507816,1.2507989501953123,-0.7158114624023438,0.13378337025642395,0.3029126226902008,0.05698951333761215
1778958587.202732,0.37781433105468754,0.35566040039062585,-0.3448828125,0.13927695155143738,0.3114301264286041,0.12981201708316803
1778958587.2214036,0.7887098693847656,-0.29458740234374936,0.590372314453125,0.19101056456565857,0.3533230423927307,0.21509677171707153
1778958587.2404926,0.8852590942382813,-0.9807604980468749,1.1737092590332032,0.06264189630746841,0.3663194179534912,0.2962178587913513
1778958587.2593734,0.5930667114257813,-1.4365626525878898,1.0349478149414062,-0.031577978283166885,0.410083144903183,0.30402398109436035
1778958587.2770195,0.20043319702148438,-1.0663824462890634,0.5147795104980469,-0.03362634778022766,0.4646069407463074,0.26978206634521484
1778958587.2998288,0.16854949951171877,-0.26449996948242216,-0.1275347900390625,0.010246586054563522,0.4550204873085022,0.21838924288749695
1778958587.3191695,-0.028889923095703127,0.27033782958984354,-0.4505630493164063,0.04990040510892868,0.4492870271205902,0.08689183741807938
1778958587.338924,0.07140151977539062,0.47436355590820334,-0.6894662475585938,0.08935771882534027,0.44262975454330444,0.012590399011969566
1778958587.357261,0.5156776428222657,0.16839981079101562,-0.5105882263183594,0.09816542267799377,0.42525434494018555,-0.014255046844482422
1778958587.3759732,0.6496490478515625,-0.18636245727538991,-0.06256988525390625,0.07508188486099243,0.4391641318798065,0.0017673363909125328
1778958587.3984673,0.8704399108886719,-0.3004252624511725,0.09145980834960937,0.07864336669445038,0.41317018866539,0.07383713126182556
1778958587.418377,1.545685729980469,-0.3219804382324227,0.037122802734375,0.07809323817491531,0.3262128233909607,0.14162074029445648
1778958587.4407861,1.1533515930175782,-0.6072871398925788,-0.11825408935546876,0.04911977797746658,0.3290466368198395,0.13329780101776123
1778958587.461222,0.7126679992675782,-0.35985168457031236,-0.305364990234375,0.01321012806147337,0.3627987504005432,0.16123925149440765
1778958587.4844265,1.3096266174316407,-0.18591339111328153,-0.552052001953125,0.05570088326931,0.31884196400642395,0.2013462334871292
1778958587.506025,1.2412188720703126,-0.4221221923828118,-0.5086422729492188,0.055766817182302475,0.32488852739334106,0.15180329978466034
1778958587.5265508,1.3385165405273438,-0.2776725769042976,-0.5659730529785156,0.06538307666778564,0.29119613766670227,0.15133164823055267
1778958587.5483124,1.5907420349121095,-0.17318984985351626,-0.6042933654785156,0.07768812775611877,0.2506643533706665,0.14043889939785004
1778958587.5727115,1.426084442138672,-0.27303222656249915,-0.5577401733398438,0.055985867977142334,0.2509608864784241,0.10326366871595383
1778958587.5956109,1.374591522216797,-0.1276844787597664,-0.38170623779296875,0.03629248961806297,0.2664223313331604,0.1062687560915947
1778958587.616306,1.5236814880371095,0.002844085693359588,-0.1375639343261719,0.040543414652347565,0.2687382698059082,0.0984010100364685
1778958587.636151,1.5862513732910157,-0.0004490661621101566,0.16600479125976564,0.03146495670080185,0.25665199756622314,0.05814698711037636
1778958587.6564891,1.4973362731933595,-0.044158172607421164,0.21405487060546877,0.013217760249972343,0.2622106075286865,0.04949546977877617
1778958587.6750798,1.464404754638672,-0.0393681335449223,0.1191522216796875,-0.0047379969619214535,0.26627495884895325,0.055755991488695145
1778958587.6967154,1.6208294677734376,-0.0064366149902337355,0.013322296142578125,-0.009717373177409172,0.2285882532596588,0.07929232716560364
1778958587.7155333,1.7390835571289063,-0.13292358398437543,0.01945953369140625,0.0010394304990768433,0.16568906605243683,0.09652185440063477
1778958587.7341616,1.7580940246582033,-0.4194277954101562,0.032931518554687504,0.010021878406405449,0.09484874457120895,0.09512346982955933
1778958588.9030514,0.3357518005371094,-0.030536499023437358,-0.28351043701171874,0.03358736261725426,0.017583735287189484,-0.050169944763183594
1778958588.9199002,0.204774169921875,-0.1770817565917966,-0.28216323852539066,0.14136645197868347,0.06283129006624222,-0.05083388835191727
1778958588.9361439,0.032183074951171876,-0.25506958007812486,-0.2896476745605469,0.06562977284193039,0.014055195264518261,-0.02494555525481701
1778958588.9524071,0.1573228454589844,-0.49067962646484453,-0.42002655029296876,0.0364680215716362,-0.036169491708278656,-0.0273909829556942
1778958588.968907,0.20612136840820314,-0.4827461242675781,-0.3680845642089844,0.07258528470993042,-0.04424712806940079,-0.02637312188744545
1778958588.983964,0.06182144165039063,-0.3415896606445319,-0.10148895263671875,0.11864139884710312,-0.06198941171169281,-0.019116727635264397
1778958589.000431,-0.022752685546875002,-0.23531066894531172,0.05643264770507813,0.11491367965936661,-0.06877785176038742,-0.016858302056789398
1778958589.017345,-0.24519012451171876,-0.07843688964843665,0.2896476745605469,0.08371808379888535,-0.07798410207033157,-0.006026919931173325
1778958589.0346365,-0.3519181823730469,-0.0787362670898446,0.21315673828125,0.07897070050239563,-0.051127612590789795,0.0002904236316680908
1778958589.0510619,-0.21046234130859376,0.018561401367186647,0.13965957641601562,0.0732228010892868,-0.04464654251933098,-0.005440433043986559
1778958589.0705428,-0.12708572387695313,0.12199630737304723,0.13202545166015625,0.05628624185919762,-0.03398629277944565,-0.04436887428164482
1778958589.0878377,0.024998016357421875,0.29713211059570277,0.08232879638671875,0.04967394098639488,-0.043738219887018204,-0.09175248444080353
1778958589.107776,0.07679031372070313,0.3460803222656246,-0.04326004028320313,0.05754294991493225,-0.04656381160020828,-0.11231812089681625
1778958589.1280828,0.1531315612792969,0.3022215270996096,-0.0413140869140625,0.08378956466913223,-0.005741881672292948,-0.08833173662424088
1778958589.1462986,0.18276992797851563,0.04251159667968807,-0.003742218017578125,0.09624207764863968,0.034337546676397324,-0.05718002840876579
1778958589.1654558,0.29847930908203124,-0.14190490722656257,0.0473016357421875,0.09686658531427383,0.057262785732746124,-0.02734791487455368
1778958589.1846144,0.34563125610351564,-0.4421804809570311,0.020357666015625,0.13075347244739532,0.09057599306106567,-0.015978295356035233
1778958589.2044072,0.3950285339355469,-0.6256988525390632,0.09894424438476564,0.18412567675113678,0.1666187196969986,0.057043176144361496
1778958589.223987,0.24533981323242188,-0.8264314270019533,0.020507354736328125,0.23290273547172546,0.258348673582077,0.1156565397977829
1778958589.2428255,0.4132905578613281,-0.8409512329101556,-0.3335064697265625,0.3158128261566162,0.2904030382633209,0.14780293405056
1778958589.2596366,0.8370593261718751,-0.7399113464355462,-0.6601272583007813,0.4130856394767761,0.29177039861679077,0.2083817720413208
1778958589.2764447,1.1603869628906252,-1.1000624084472665,-1.024768981933594,0.6543630957603455,0.301750510931015,0.2486152946949005
1778958589.3361232,0.6743476867675782,-1.7862355041503903,-1.0762619018554689,0.7822748422622681,0.35409748554229736,0.07790102809667587
1778958589.3545709,-0.1389111328125,-1.9669097900390629,-1.1880793762207031,0.991065502166748,0.7480452060699463,-0.07286027818918228
1778958589.3735285,0.9080117797851563,-1.614692230224609,-2.0194505310058597,1.3228908777236938,0.8216832876205444,0.034454017877578735
1778958589.3925366,0.9660910034179688,-1.9877165222167967,-2.386487274169922,1.579744577407837,0.9423173666000366,0.10419492423534393
1778958589.410104,0.030386810302734376,-2.0278330993652345,-1.789977722167969,1.5638614892959595,1.0412731170654297,-0.018454324454069138
1778958589.4277418,-0.3246748352050781,-1.6991166687011727,-1.629661102294922,1.5527446269989014,1.0863003730773926,-0.117013119161129
1778958589.4560907,-0.3448828125,-1.9200572204589843,-3.2220497131347656,2.1635632514953613,1.2700235843658447,-0.27830201387405396
1778958589.4740663,-0.135318603515625,-3.7480558776855473,-3.6527041625976566,2.816229820251465,1.4286842346191406,-0.19036875665187836
1778958589.49091,-1.0487191772460938,-4.565356292724609,-2.149080963134766,2.812140941619873,1.5630779266357422,-0.17542728781700134
1778958589.510739,-1.1056008911132813,-4.1674836730957034,-1.3078303527832031,2.4733846187591553,1.584281086921692,-0.31756746768951416
1778958589.5595715,-0.7229965209960938,-4.565206604003906,-5.739813995361328,3.4804506301879883,2.1580350399017334,-0.15651682019233704
1778958589.5793417,-0.15657440185546875,-3.7990997314453123,-4.715494079589844,3.6578280925750732,2.1953439712524414,-0.13277851045131683
1778958589.600104,0.49606842041015625,-3.7973034667968752,-2.7355613708496094,3.2489771842956543,1.7577110528945923,-0.29806050658226013
1778958589.6194036,1.0795550537109375,-5.122497711181641,-2.2480252075195315,2.7013893127441406,1.3546613454818726,-0.6003237366676331
1778958589.8854973,0.4999603271484375,-5.73128173828125,-3.8782850646972657,2.5274267196655273,1.318521499633789,-0.5327910780906677
1778958589.9046571,3.8116735839843754,-1.4269825744628903,-9.338031463623047,1.9796899557113647,1.5514193773269653,-0.5374751687049866
1778958589.924446,2.630779266357422,-1.5528707885742197,-8.067623291015625,1.8844600915908813,1.9854298830032349,-0.7893347144126892
1778958589.9416752,3.077151031494141,-3.3188983154296876,-10.354268188476563,1.366267204284668,2.4029760360717773,-0.8841732144355774
1778958589.9578292,4.665797424316406,-2.775378570556641,-11.378588104248047,1.037644386291504,2.2822182178497314,-0.9434080719947815
1778958590.0023837,4.813240814208984,-4.776267700195313,-8.636590118408204,1.3700014352798462,2.053656816482544,-0.9448353052139282
1778958590.0223823,6.81906967163086,-4.384831695556641,-6.330785064697266,0.6827086210250854,1.849267601966858,-1.4554245471954346
1778958590.043075,11.442205810546875,3.376229095458985,-15.46030014038086,-0.9025046825408936,0.27741751074790955,-0.750712513923645
1778958590.0635793,13.710588684082031,-6.303541717529297,-22.888602905273437,-1.6420238018035889,-2.5949301719665527,-0.19322986900806427
1778958590.0855358,8.898844757080079,-14.859449615478518,-14.450949096679688,-0.7433401346206665,-1.8510676622390747,-0.8824996948242188
1778958590.1053886,10.463540954589844,-7.930059356689453,-10.053543548583985,-0.680943489074707,-0.9426082968711853,-0.9982108473777771
1778958590.1246376,14.067296905517578,-6.086792449951172,-14.621893615722657,-1.0431442260742188,-1.6372841596603394,-1.153678059577942
1778958590.1437087,10.306367797851562,-5.606141967773437,-13.667178955078125,-0.7032176852226257,-1.392228364944458,-1.305931568145752
1778958590.1653843,0.9036708068847656,-8.831784210205079,-7.849077758789063,0.29700836539268494,0.41168904304504395,-1.1536551713943481
1778958590.1864095,3.5254687500000004,-11.958033142089844,-8.60380828857422,1.3189505338668823,0.9595662355422974,-0.3970784842967987
1778958590.2068777,6.997199249267578,-11.042237548828126,-8.160430297851564,0.854619562625885,0.829108476638794,0.12013865262269974
1778958590.2262409,4.913232879638672,-7.261549530029297,-7.971972198486329,1.813075065612793,0.5200002789497375,0.1536920666694641
1778958590.2469091,5.664819946289063,-5.308860168457032,-7.095095672607422,1.3878235816955566,-0.5428172945976257,0.6858322024345398
1778958590.2679818,3.7751495361328127,-5.871390380859376,-4.693938903808594,0.9743576645851135,-0.631223201751709,1.3094673156738281
1778958590.2863538,2.0459454345703127,-7.549101562500001,-4.14143783569336,0.5656226873397827,-0.4781777262687683,1.9178768396377563
1778958590.3022623,2.1679417419433595,-7.583829345703125,-4.662055206298828,0.5124244689941406,-0.1934879571199417,2.068082332611084
1778958590.321435,4.736600189208985,-8.102650451660157,-8.014034729003907,1.6483731269836426,0.4420040547847748,1.9011820554733276
1778958590.339232,6.007756805419922,-9.102122039794923,-9.918374633789062,0.5237607359886169,-0.9295345544815063,1.7291449308395386
1778958590.360398,1.7827926635742188,-10.127190399169923,-10.495724029541016,-0.048940811306238174,-1.6144896745681763,0.9398794770240784
1778958590.3825858,3.8678068542480473,-6.702462158203126,-8.665330352783204,0.6211645007133484,-1.5614697933197021,0.566046416759491
1778958590.4033258,8.695866851806642,-7.889344024658204,-7.573650512695313,-0.04178938269615173,-2.1638102531433105,0.09543703496456146
1778958590.4506726,1.89446044921875,-13.399385833740235,-6.034700775146485,0.06773953139781952,-1.5717782974243164,0.24874094128608704
1778958590.4667375,2.1453387451171877,-10.456206207275391,-9.421707458496094,0.29799750447273254,-1.0172053575515747,0.44740501046180725
1778958590.4872653,6.737938385009766,-11.439361724853516,-11.091934204101562,0.07901012152433395,-1.3461560010910034,0.6286451816558838
1778958590.5075705,6.149362335205079,-11.578123168945313,-9.643546142578126,-0.18977704644203186,-1.5091700553894043,0.3451019823551178
1778958590.5417638,0.3448828125,-8.431516571044922,-10.948532409667969,0.38528287410736084,-0.9808485507965088,0.04860614985227585
1778958590.5937424,3.1534922790527347,-10.248288574218751,-8.976533203125001,0.14276763796806335,-1.2320888042449951,-0.15280354022979736
1778958590.6154094,1.1334429931640626,-8.560697937011719,-10.988648986816408,0.3231549561023712,-1.130176067352295,-0.1296202689409256
1778958590.6365592,2.943329315185547,-9.637708282470703,-10.049352264404297,0.1685831993818283,-1.2895513772964478,-0.03279817849397659
1778958590.657127,2.3037094116210937,-9.971214752197266,-9.695637817382813,0.07508795708417892,-1.2640514373779297,-0.2644270956516266
1778958590.6957207,2.1444406127929687,-9.017996978759767,-9.100924530029298,0.4547601044178009,-1.2082527875900269,-0.13426633179187775
1778958590.7169886,2.3034100341796875,-10.721155242919922,-9.743687896728517,0.35143283009529114,-1.1643402576446533,-0.1061735525727272
1778958590.73734,0.6273454284667969,-11.523935852050782,-13.123060455322266,0.374979704618454,-1.171045184135437,-0.25341862440109253
1778958590.7563396,-0.20252883911132813,-9.10436737060547,-13.502970428466798,0.353284627199173,-1.1893171072006226,-0.49030840396881104
1778958590.7744985,1.8748512268066406,-9.916578369140625,-11.070678405761718,0.6189490556716919,-1.0961322784423828,-0.6380490660667419
1778958590.7972395,-0.4846920776367188,-11.107052764892579,-7.712112579345703,0.5932019352912903,-0.5951780080795288,-0.427926629781723
1778958590.8201377,-2.6526338195800783,-11.726165313720704,-6.996750183105469,0.5675084590911865,-0.07700429111719131,0.2899770736694336
1778958590.840852,-1.7824932861328127,-11.874806213378907,-6.877448272705078,0.7480305433273315,0.0874168798327446,0.49499043822288513
1778958590.87515,0.13606704711914064,-12.219539337158203,-6.352489929199219,1.0200328826904297,0.3754338324069977,0.23792077600955963
1778958590.8928673,-3.799399108886719,-11.273506622314454,-10.030341796875,1.0380991697311401,0.878349244594574,-0.1340404599905014
1778958590.9150193,-4.586013336181641,-10.014474792480469,-11.841575317382812,1.0714932680130005,0.9232164621353149,-0.25455695390701294
1778958590.9343824,-3.007695465087891,-10.3800146484375,-12.115056610107423,0.7524409294128418,0.558381974697113,-0.5106919407844543
1778958590.9540896,-0.7622149658203126,-10.501412200927735,-12.080328826904298,0.38720354437828064,-0.0040556141175329685,-0.43477484583854675
1778958590.9737728,-2.5770410156250003,-10.31145721435547,-11.850257263183595,0.20404735207557678,-0.03344971686601639,-0.2130674123764038
1778958590.9915774,-3.902384948730469,-9.938732299804688,-11.411968688964844,0.186754047870636,0.4554653465747833,-0.19149069488048553
1778958591.0100286,-2.302362213134766,-9.284742279052734,-9.967921600341798,0.20886585116386414,0.6902011632919312,-0.3531608283519745
1778958591.0454059,-2.3005659484863283,-11.88124282836914,-9.110803985595703,0.09292019158601761,0.7133152484893799,-0.4941803216934204
1778958591.065051,-1.6540603637695312,-10.75169174194336,-12.784614257812501,5.74430450797081e-05,0.6813778281211853,-0.2175416797399521
1778958591.1187828,0.29458740234375,-10.670261077880859,-11.36915771484375,-0.3585590720176697,-0.8453226685523987,0.49579450488090515
1778958591.1398258,-0.5944139099121094,-10.746153259277344,-10.356962585449219,-0.1755293309688568,0.2110617458820343,0.46207860112190247
1778958591.156921,0.028291168212890627,-10.30427215576172,-10.54422317504883,-0.3903905153274536,0.4194953441619873,0.49455639719963074
1778958591.1737394,2.5330325317382814,-10.045310668945312,-10.590177612304688,-1.1063796281814575,0.39526647329330444,0.26281023025512695
1778958591.1887872,3.3834141540527347,-9.577383728027344,-10.094558258056642,-1.3521984815597534,0.16556110978126526,-0.17014087736606598
1778958591.2064545,2.4598347473144533,-9.487720184326172,-9.76539276123047,-1.2275468111038208,0.1530894935131073,-0.29093870520591736
1778958591.22388,-0.019908599853515625,-10.0734521484375,-9.22696243286133,-0.863347053527832,0.3661673367023468,-0.10511980205774307
1778958591.2405858,-0.14340179443359377,-10.260563049316406,-8.93581787109375,-0.9022617340087891,0.5394988059997559,0.4403046667575836
1778958591.2602983,0.9737251281738282,-9.768236846923829,-9.431437225341798,-1.2152765989303589,0.43715667724609375,0.496536523103714
1778958591.2866955,0.7936495971679688,-8.980125732421875,-10.118658142089844,-1.170605182647705,0.20644013583660126,0.1404000073671341
1778958591.3089578,-0.17678237915039063,-8.250842285156251,-9.925559692382812,-0.816638708114624,0.05590924993157387,0.08410981297492981
1778958592.4844565,2.2134471130371094,-9.095685424804689,-8.65754653930664,-0.6763162612915039,0.4441774785518646,0.26630452275276184
1778958592.5048819,0.6475534057617188,-8.039930877685547,-9.363328857421875,-0.47359374165534973,0.035561833530664444,0.05889790505170822
1778958592.5268676,1.1705657958984375,-6.269412689208984,-8.648116149902345,-0.2813507616519928,-0.23127305507659912,0.042215388268232346
1778958592.5481935,3.0982571411132813,-5.1379156494140625,-7.756719818115235,-0.2627262473106384,-0.42705294489860535,0.04907377064228058
1778958592.5664625,3.575464782714844,-5.543721771240235,-8.495283966064454,-0.2255314737558365,-0.5391075611114502,-0.1896066814661026
1778958592.5868585,3.7784426879882815,-6.650220794677734,-8.608598327636718,-0.183012455701828,-0.527934730052948,-0.41883033514022827
1778958592.6086652,4.353846130371094,-7.8252772521972656,-8.357720031738282,-0.20142406225204468,-0.35608941316604614,-0.5115376114845276
1778958592.6302874,5.310207366943359,-7.8640466308593755,-8.206833801269532,-0.034747231751680374,-0.09227225184440613,-0.33704766631126404
1778958592.651283,5.582940216064453,-7.1594618225097655,-7.404651947021485,-0.22053377330303192,0.21998746693134308,-0.2829758822917938
1778958592.672221,6.343957672119141,-6.839726715087891,-7.534432067871094,-0.2534814476966858,0.28686168789863586,-0.4170469045639038
1778958592.692714,5.961353302001953,-6.063890075683593,-8.465795288085937,-0.27038878202438354,0.4202589988708496,-0.4321664273738861
1778958592.7142582,4.819827117919922,-5.438640289306641,-9.974956970214844,-0.197938933968544,0.6350646018981934,-0.3400947153568268
1778958592.7330637,3.720363464355469,-5.3563114929199225,-9.658814392089845,-0.03743332624435425,0.8699098229408264,-0.3772904872894287
1778958592.7529123,3.1117291259765625,-4.5390110778808594,-7.850574645996094,-0.04604501649737358,0.9480816125869751,-0.6776102185249329
1778958592.7788274,4.355043640136719,-4.127516784667969,-7.833809509277344,-0.206735298037529,0.8487324714660645,-0.8160772919654846
1778958592.8176863,3.5244209289550783,-5.081333312988281,-7.574099578857422,-0.23908530175685883,1.0116084814071655,-0.8601204752922058
1778958592.837669,4.259242858886719,-4.6695396423339846,-6.887776794433594,-0.30204692482948303,1.1819566488265991,-0.9313926696777344
1778958592.8596091,5.9460850524902344,-4.002975769042969,-7.445666656494141,-0.2844635546207428,1.1833062171936035,-1.070105791091919
1778958592.882072,4.437222747802735,-4.242627410888672,-9.325008544921875,-0.09007445722818375,1.7167718410491943,-1.0942705869674683
1778958592.9042659,5.9516235351562505,-2.6881100463867185,-7.099586334228516,0.026153620332479477,2.0028064250946045,-1.2837735414505005
1778958592.9255316,5.620063018798828,-4.299359436035156,-4.591701507568359,-0.13027648627758026,2.1919877529144287,-1.4851053953170776
1778958592.9495513,4.6571154785156255,-6.7297055053710935,-5.16126708984375,-0.5846282839775085,1.9183292388916016,-1.084206461906433
1778958592.9710515,5.641169128417969,-4.6482838439941405,-6.361171875,-0.4221072793006897,1.231419563293457,-0.8201746344566345
1778958592.9913826,5.33176254272461,-4.530778198242188,-5.748495941162109,-0.24836744368076324,1.0237336158752441,-0.3763646185398102
1778958593.014334,3.8922061157226566,-4.887486419677734,-3.947890319824219,-0.45406216382980347,0.9929165840148926,-0.23897895216941833
1778958593.0360165,3.959116973876953,-4.688550109863281,-3.3512310791015625,-0.5366036295890808,0.884483277797699,-0.20683476328849792
1778958593.123302,5.394781494140625,-4.89347396850586,-5.198240203857422,-0.4066482484340668,-0.708541989326477,0.6980038285255432
1778958593.1503708,5.668711853027344,-4.295317840576172,-4.069886627197266,-0.31047409772872925,-0.920970618724823,0.9507163166999817
1778958593.1727445,5.389392700195312,-4.1674836730957034,-3.936214599609375,-0.5404236912727356,-0.874645471572876,1.1163640022277832
1778958593.1971717,6.4849644470214844,-4.120930480957031,-6.655160522460938,-0.483602911233902,-0.8259794116020203,1.0851531028747559
1778958593.2177505,5.897436218261719,-3.7059933471679694,-7.728728027343751,-0.11964824050664902,-0.8816270232200623,0.6390795707702637
1778958593.2396648,5.592969360351563,-4.259841613769532,-6.341862030029297,-0.15613609552383423,-0.9674031734466553,0.5608302354812622
1778958593.2591236,4.3313928222656255,-4.434079284667969,-6.561605072021485,0.0024209553375840187,-0.8731210231781006,0.47881603240966797
1778958593.2805154,2.9059071350097656,-4.30908920288086,-6.0308088684082035,-0.056007418781518936,-0.6109477877616882,0.38989657163619995
1778958593.30025,3.7477565002441406,-3.9670504760742187,-6.515650634765625,-0.29188039898872375,-0.6222779154777527,0.33601975440979004
1778958593.337237,4.225712585449219,-4.2583447265625,-7.500901794433594,-0.23211826384067535,-0.594978928565979,0.20162706077098846
1778958593.3574488,4.593348083496094,-4.263434143066407,-7.342082061767578,-0.14995776116847992,-0.39313259720802307,0.03391101956367493
1778958593.3767781,4.488266601562501,-4.112098846435547,-6.568041687011719,-0.04564879462122917,-0.2470061480998993,-0.07249470800161362
1778958593.3994818,4.4403662109375,-3.6781512451171876,-6.193370819091797,0.0015844376757740974,-0.2026858925819397,-0.13050895929336548
1778958593.419606,4.020938415527344,-3.860322418212891,-6.655310211181641,0.115171879529953,-0.17524485290050507,-0.12781763076782227
1778958593.437434,3.4179922485351564,-3.833827514648438,-7.00827621459961,0.12531809508800507,-0.12660105526447296,-0.12075331062078476
1778958593.4556067,3.639232177734375,-4.443359985351563,-7.039411468505859,0.1687445193529129,-0.118594229221344,-0.18609210848808289
1778958593.4777591,4.364324340820312,-4.336182861328125,-6.519542541503907,0.19781644642353058,-0.16445018351078033,-0.14979839324951172
1778958593.500406,5.03193603515625,-3.8227505493164067,-6.129902801513672,0.1463814079761505,-0.24837827682495117,-0.09016581624746323
1778958593.5205474,4.367467803955078,-3.5437307739257813,-6.477779388427734,0.13690467178821564,-0.24890661239624023,-0.14146018028259277
1778958593.5406787,4.055965576171875,-3.680845642089844,-6.771019592285157,0.08867800980806351,-0.251679003238678,-0.2402203530073166
1778958593.5669262,3.8934036254882813,-4.0954833984375005,-6.79032943725586,0.05748791620135307,-0.14535436034202576,-0.2475665807723999
1778958593.5933452,4.55772216796875,-4.1710762023925785,-6.5731311035156255,0.041967328637838364,-0.10052889585494995,-0.06826844066381454
1778958593.6169777,4.687352600097657,-4.495451660156251,-6.701414337158203,0.22512677311897278,-0.09358756244182587,0.006910232827067375
1778958593.6373305,4.310586090087891,-4.312831420898438,-6.376739501953125,0.29999643564224243,-0.06636620312929153,-0.06774455308914185
1778958593.6586785,3.8146673583984376,-4.245471496582032,-6.440955963134766,0.29079142212867737,0.03754653409123421,-0.09354948252439499
1778958593.676926,4.169579315185547,-4.2819955444335935,-6.617738342285157,0.27778735756874084,0.1332116425037384,-0.005341912619769573
1778958593.7000902,5.385949859619141,-4.431983642578126,-6.815626831054688,0.2841690182685852,0.0598006471991539,0.09975755959749222
1778958593.7207434,4.816084899902344,-4.52419189453125,-6.823111267089844,0.37682387232780457,0.0618494376540184,-0.012118585407733917
1778958593.7516432,4.593198394775391,-4.243974609375,-6.380182342529297,0.40947189927101135,0.161094069480896,0.003972994163632393
1778958593.7730465,4.3384281921386725,-4.284091186523438,-6.479126586914063,0.3870716691017151,0.1910799890756607,0.02609245479106903
1778958593.7972763,4.589905242919922,-4.484374694824219,-6.878645782470704,0.3911808729171753,0.20235797762870789,0.09487282484769821
1778958593.8195817,4.613406372070313,-4.481979675292969,-6.924600219726563,0.4220651388168335,0.21292921900749207,0.1498510092496872
1778958593.8408656,4.694088592529297,-4.356690216064453,-6.87176010131836,0.466744601726532,0.21084614098072052,0.19466820359230042
1778958593.8605814,4.95574447631836,-4.50024169921875,-6.784192199707031,0.4563097655773163,0.16487857699394226,0.22067680954933167
1778958593.911933,5.054239654541016,-4.7575566101074225,-6.879543914794922,0.5121458172798157,0.2640177309513092,0.23744896054267883
1778958593.9328632,4.712500305175782,-4.700225830078125,-6.780150604248047,0.608762264251709,0.27693837881088257,0.1731693595647812
1778958593.9541855,4.578828277587891,-4.625082092285156,-6.804849243164063,0.6334353685379028,0.27754318714141846,0.20550093054771423
1778958593.981596,4.603676605224609,-4.802313537597657,-6.987319793701173,0.6099646091461182,0.2742287814617157,0.3182596266269684
1778958594.0014184,4.673730926513672,-4.882846069335938,-6.801256713867188,0.5700997114181519,0.3322122395038605,0.3199149966239929
1778958594.0202425,4.894970855712891,-4.954397277832031,-6.889573059082031,0.5788170099258423,0.3215167224407196,0.2879831790924072
1778958594.03843,5.152734832763672,-5.116210784912109,-6.823410644531251,0.6102072596549988,0.29281479120254517,0.2992191016674042
1778958594.0586667,4.9960107421875,-5.302722930908203,-6.709946594238281,0.6817159056663513,0.26107344031333923,0.33078327775001526
1778958594.0807068,5.334307250976563,-5.349126434326172,-7.28804443359375,0.7961891889572144,0.2088620513677597,0.33591794967651367
1778958594.1320276,5.045707397460938,-5.561534729003906,-6.897656250000001,0.9253166913986206,0.15714861452579498,0.42311573028564453
1778958594.1663868,5.383554840087891,-6.15714614868164,-6.685397644042969,1.0066877603530884,0.5582380890846252,0.47054755687713623
1778958594.189213,5.222040710449219,-6.131848754882813,-6.409820709228516,1.006111979484558,0.8044760227203369,0.3201686143875122
1778958594.217098,5.865103454589844,-6.294410705566406,-6.699767761230469,1.0856539011001587,0.9120421409606934,0.11096592992544174
1778958594.238904,6.163582763671875,-5.376369781494141,-7.1735325622558594,1.4577511548995972,0.61066073179245,-0.1358853429555893
1778958594.2652555,5.420078887939454,-7.341932373046875,-9.65327590942383,-0.26867279410362244,-0.004816854372620583,-0.3228987455368042
1778958594.2867575,9.24806854248047,-7.559879150390625,-8.814420318603515,-0.5222020149230957,-0.9705612659454346,-0.10759025067090988
1778958594.3078518,6.672674102783203,-7.984396362304688,-4.352049865722656,-0.4673560857772827,-1.4061827659606934,-0.10262804478406906
1778958594.3881705,3.121758270263672,-8.884624328613281,-6.452332305908204,-1.0987170934677124,-1.750728726387024,0.47465524077415466
1778958594.462473,5.172793121337891,-6.724765777587891,-8.197403411865235,-0.44914036989212036,-1.491192102432251,0.1238596960902214
1778958594.5062556,6.140231323242188,-8.197702789306641,-7.114255828857422,-0.7859376668930054,-1.342739462852478,-0.2806755304336548
1778958594.8323295,-4.463268585205078,-5.617518310546875,-11.06738525390625,1.1048166751861572,-0.5095870494842529,-0.11526606231927872
1778958594.852837,-2.485431518554688,-7.179669799804688,-10.557844848632813,0.9506902098655701,-0.5851721167564392,-0.5131465792655945
1778958594.8749516,-3.034040679931641,-7.104675750732422,-10.17928207397461,0.9089357256889343,-0.6203639507293701,-0.8382493853569031
1778958594.8971553,-0.46657974243164063,-7.822882232666016,-7.557035064697266,0.7013051509857178,-0.8798636198043823,-0.305821031332016
1778958594.9169865,0.8710386657714844,-10.28466293334961,-8.469836883544922,0.36208322644233704,-1.319750428199768,-0.2914164066314697
1778958594.9375982,-0.9792636108398438,-9.284891967773438,-9.92391311645508,0.23652683198451996,-1.5326343774795532,-0.36618900299072266
1778958594.9564264,-3.1030471801757815,-7.621251525878907,-9.344019012451172,0.24009689688682556,-1.4164143800735474,-0.1117330864071846
1778958594.9779189,-3.406765594482422,-8.237220611572265,-8.772208099365235,0.2074739784002304,-1.1282151937484741,-0.008462522178888321
1778958595.0232382,-5.006339263916016,-8.803642730712891,-10.557545471191407,0.3812471330165863,-0.592147171497345,-0.21182404458522797
1778958595.0764217,-4.121080169677734,-9.230105895996093,-8.992250518798828,0.3772222697734833,-0.347996324300766,-0.22237464785575867
1778958595.0988543,-2.793640594482422,-8.366701354980469,-9.268426208496095,0.3840407729148865,-0.5026151537895203,0.01965152658522129
1778958595.1210437,-3.7018020629882815,-8.011190643310547,-9.140741729736328,0.3285822868347168,-0.43962362408638,0.03483641520142555
1778958595.140971,-3.3605117797851562,-8.325387268066407,-8.993747406005859,0.21937692165374756,-0.4320712089538574,0.07105427980422974
1778958595.1627784,-4.027075653076172,-8.438402252197266,-9.014554138183595,0.2170238494873047,-0.36266466975212097,-0.03318212553858757
1778958595.1848679,-4.1833506774902345,-8.199349365234376,-9.053323516845703,0.2566339671611786,-0.2619425356388092,-0.02837499789893627
1778958595.2084236,-2.891836395263672,-8.970395965576172,-8.538094940185548,0.19266796112060547,-0.2742801904678345,0.013741500675678253
1778958595.2324464,-2.6279351806640627,-9.379944305419922,-8.516539764404298,0.10406307876110077,-0.2774241864681244,-0.09218137711286545
1778958595.252867,-4.533023529052735,-8.630003814697266,-9.132508850097656,0.09385658800601959,-0.23382161557674408,-0.01691020466387272
1778958595.271652,-4.806205444335938,-8.770411834716798,-8.99464553833008,0.02566048875451088,-0.1973392367362976,0.007714447565376759
1778958595.2914953,-4.892725524902344,-8.804690551757814,-9.055269470214844,-0.05997313931584358,-0.08813884109258652,0.03529094159603119
1778958596.407472,-0.6854246520996095,-6.980883178710938,-10.213560791015626,-0.008216825313866138,0.813091516494751,0.021101433783769608
1778958596.4598386,1.0106982421875002,-6.758146362304688,-8.212821350097657,-0.13915970921516418,0.9679027795791626,0.07543019205331802
1778958596.50695,1.6045133972167969,-7.248825988769532,-8.759634246826172,-0.25521835684776306,0.6241657137870789,-0.032069943845272064
1778958596.5651617,1.1042536926269533,-6.8073939514160156,-9.310638427734375,-0.2948121428489685,0.2644091546535492,0.17259618639945984
1778958596.620095,1.448837127685547,-6.761888580322266,-9.15705780029297,-0.31606462597846985,0.0877387598156929,-0.0029475518967956305
1778958596.638453,1.4323713684082031,-6.758894805908204,-9.430389404296875,-0.3522767722606659,0.20834587514400482,0.15223444998264313
1778958596.6577973,2.065704345703125,-6.57522674560547,-9.53172866821289,-0.337021142244339,0.17980650067329407,0.2380712777376175
1778958596.6752582,2.425556030273438,-6.792425079345703,-9.20016815185547,-0.18167799711227417,0.19578295946121216,0.17120006680488586
1778958596.693224,2.382146301269531,-6.805747375488282,-8.996441802978516,-0.1545090228319168,0.21846288442611694,0.12073414027690887
1778958596.7151132,2.2143452453613284,-7.304959259033204,-9.248367919921876,-0.22668392956256866,0.3301522433757782,-0.011487537063658237
1778958596.734436,2.018702087402344,-6.631958770751954,-9.192683715820314,-0.3183708190917969,0.3846365809440613,0.08933871984481812
1778958596.7537525,2.7728338623046875,-6.453080749511719,-9.173074493408203,-0.3142518997192383,0.2805207073688507,0.1104125827550888
1778958596.7723954,2.987637176513672,-6.640790405273438,-9.124725036621093,-0.3099554777145386,0.25788891315460205,0.025412272661924362
1778958596.7905471,2.0133132934570312,-6.186485137939453,-8.965605926513673,-0.3206259608268738,0.27692127227783203,-0.0706511065363884
1778958596.814032,1.4702426147460939,-5.957311706542969,-9.048234100341798,-0.3345550000667572,0.209394633769989,0.15964461863040924
1778958596.8341284,1.8802400207519532,-6.558611297607422,-8.95587615966797,-0.44121477007865906,0.1456781029701233,0.23379547894001007
1778958596.8560214,1.638043670654297,-5.8547749328613286,-8.855135650634766,-0.4207347333431244,0.1581268161535263,0.22377139329910278
1778958596.8811936,2.245181121826172,-5.942941589355469,-8.916508026123047,-0.3672366142272949,0.1287575513124466,0.1698722392320633
1778958596.8984742,2.052382049560547,-6.000122680664063,-8.744066619873047,-0.3599565327167511,0.17024023830890656,0.07530342787504196
1778958596.918611,1.9089802551269532,-6.125412139892578,-8.778794403076173,-0.4077857434749603,0.19703838229179382,0.10780146718025208
1778958596.9378006,2.9967681884765627,-6.749015350341797,-8.953331451416016,-0.45549046993255615,0.1773393452167511,0.034730058163404465
1778958596.9567919,2.6173072814941407,-5.598956909179687,-8.689729614257812,-0.4523496925830841,0.18099983036518097,-0.0041631897911429405
1778958596.9737997,1.9636166381835938,-4.712051239013672,-8.47163314819336,-0.4395526349544525,0.19209596514701843,0.005113890860229731
1778958596.9925432,2.195185089111328,-4.995561676025391,-8.682694244384766,-0.4328162670135498,0.18598319590091705,0.06265655905008316
1778958597.009949,2.338886260986328,-5.263354797363282,-8.730145568847657,-0.42120763659477234,0.18274730443954468,0.12979573011398315
1778958597.0269241,2.4233106994628906,-5.765710144042969,-8.798553314208984,-0.4696180522441864,0.21382366120815277,0.19770923256874084
1778958597.043315,2.6123675537109374,-5.605692901611328,-8.782686309814453,-0.512117862701416,0.22982686758041382,0.13573108613491058
1778958597.0611057,2.7066714477539064,-5.338797912597657,-8.675808563232422,-0.5143314599990845,0.22575968503952026,0.11103292554616928
1778958597.08009,2.568658447265625,-5.0216075134277345,-8.43091781616211,-0.5263684391975403,0.1996367871761322,0.07393346726894379
1778958597.0983682,2.5759931945800782,-5.276078338623047,-8.25892547607422,-0.5740456581115723,0.1690673828125,0.07547527551651001
1778958597.1179986,2.79498779296875,-5.524411926269532,-8.144114227294923,-0.5879940390586853,0.14855362474918365,0.06672535836696625
1778958597.136932,2.6203010559082034,-5.436394958496094,-8.15309555053711,-0.6213459968566895,0.17801357805728912,0.051784347742795944
1778958597.1561701,2.4098387145996094,-4.97969467163086,-8.233179016113281,-0.7184900045394897,0.19275978207588196,0.08144760876893997
1778958597.1749263,2.769690399169922,-4.708608398437501,-8.176896057128907,-0.6518272161483765,0.1470465213060379,0.09602607786655426
1778958597.192822,3.1090347290039064,-5.103936309814453,-8.187823333740235,-0.7192543745040894,0.044718578457832336,-0.011299594305455685
1778958597.2199543,2.707569580078125,-5.278323669433594,-8.019573211669922,-0.6648696064949036,0.06038317829370499,-0.0756114050745964
1778958597.2384644,2.2561083984375,-4.750221862792969,-7.66211654663086,-0.6349636912345886,0.17007140815258026,0.04763069748878479
1778958597.257186,2.7101142883300784,-4.44276123046875,-7.4800950622558595,-0.677651584148407,0.21967393159866333,0.17251956462860107
1778958597.2757547,3.4483790588378906,-4.516408081054688,-7.562423858642578,-0.7132282257080078,0.1978616863489151,0.12856294214725494
1778958597.2943482,3.2575259399414063,-4.4491978454589844,-7.673043823242188,-0.7375659346580505,0.1526809185743332,0.006585553754121065
1778958597.3112702,2.8497738647460937,-4.180506591796875,-7.786058807373047,-0.7099429965019226,0.15626277029514313,0.026267169043421745
1778958597.3295987,2.6060806274414063,-4.139042816162109,-7.796986083984375,-0.6879633665084839,0.1852416843175888,0.05280876159667969
1778958597.346852,2.6634114074707034,-3.986809387207032,-7.472311248779297,-0.6591265797615051,0.2577405571937561,0.07935129106044769
1778958597.3660967,3.225941619873047,-3.9651045227050785,-7.002138977050782,-0.6334567666053772,0.2438911646604538,0.06250380724668503
1778958597.3828087,3.4371524047851563,-4.12661865234375,-6.780749359130859,-0.6362548470497131,0.2236928939819336,-0.025486281141638756
1778958597.4023445,3.160377960205078,-4.221371612548828,-6.947502593994141,-0.6944191455841064,0.23493608832359314,-0.05384201556444168
1778958597.4200776,2.932551727294922,-4.145928497314453,-7.271279296875,-0.7572503089904785,0.23408359289169312,0.034861400723457336
1778958597.4367783,2.8496241760253906,-3.96615234375,-7.382198638916016,-0.7467254996299744,0.23646019399166107,0.0984686091542244
1778958597.4553564,2.750829620361328,-3.5425332641601566,-7.2283186340332035,-0.6229082345962524,0.22953540086746216,0.1720643937587738
1778958597.474148,2.9124934387207033,-3.361559600830078,-6.789281616210938,-0.5370129942893982,0.19624830782413483,0.14164157211780548
1778958597.4931304,3.0936167907714847,-3.5107992553710936,-6.756200408935547,-0.5734389424324036,0.1270246058702469,0.0438518226146698
1778958597.5124462,2.8698321533203126,-3.557651824951172,-7.0539312744140625,-0.5994375944137573,0.12354505807161331,-0.034744903445243835
1778958597.5326161,2.7870542907714846,-3.0196705627441407,-6.963219909667969,-0.5541534423828125,0.15433654189109802,0.011887924745678902
1778958597.5538309,3.197051696777344,-2.730022888183594,-6.595434722900391,-0.49442362785339355,0.16657087206840515,0.06581709533929825
1778958597.5731237,3.742966461181641,-2.8719277954101567,-6.497987365722657,-0.5525891184806824,0.11609909683465958,0.0650947168469429
1778958597.591497,3.6812947082519534,-3.1638208007812505,-6.739884338378906,-0.6220425963401794,0.00958347599953413,0.06903058290481567
1778958597.6087828,3.6369868469238282,-3.3542248535156256,-6.59872787475586,-0.49796372652053833,0.03620867058634758,0.08303279429674149
1778958597.6256788,3.7640725708007814,-3.3117132568359375,-6.274053039550782,-0.4333959221839905,0.09329060465097427,0.10413815826177597
1778958597.6424184,4.406237182617188,-3.284769287109375,-5.362897796630859,-0.3639255464076996,0.15969319641590118,0.18340370059013367
1778958597.6602368,4.446204071044922,-3.796854400634766,-4.889731750488282,-0.39890193939208984,0.20615987479686737,0.13226693868637085
1778958597.677956,3.828289031982422,-3.9246885681152346,-5.222639465332032,-0.6360557079315186,0.17878855764865875,0.07042628526687622
1778958597.6982608,3.234473876953125,-3.8684056091308596,-5.852978668212891,-0.7980930805206299,0.10880974680185318,0.10994119942188263
1778958597.7156441,3.017874298095703,-3.5595977783203123,-6.041137390136719,-0.7501497864723206,0.09796828031539917,0.1401771456003189
1778958597.7370248,2.9656329345703125,-2.4860302734374997,-5.849535827636719,-0.629008948802948,0.08815084397792816,0.22326941788196564
1778958597.7563672,3.137625274658203,-1.8814375305175783,-5.439239044189454,-0.6739052534103394,0.027663838118314743,0.17097778618335724
1778958597.8070433,3.3738340759277348,-2.768343200683594,-5.689069519042969,-0.8127736449241638,-0.44021356105804443,-0.06362356245517731
1778958597.8269014,2.3381378173828127,-2.1582119750976565,-6.399342498779297,-0.6471049785614014,-0.4953571557998657,0.04112231358885765
1778958597.8491309,3.0023066711425783,-1.1948153686523444,-5.337899780273438,-0.6097399592399597,-0.2888564467430115,0.23223787546157837
1778958597.869766,4.437372436523438,-1.1546987915039058,-4.305945739746094,-0.5900586843490601,-0.23670627176761627,0.19680990278720856
1778958597.8901122,4.658612365722656,-1.8887722778320315,-4.254901885986328,-0.6589444279670715,-0.23297524452209473,0.07473907619714737
1778958597.9072301,3.576362915039063,-2.4239094543457034,-4.722529449462891,-0.6801286935806274,-0.17175431549549103,0.028890416026115417
1778958597.9249408,3.105142822265625,-2.57988510131836,-5.059029693603516,-0.6886336803436279,-0.11944422125816345,0.04944760724902153
1778958597.9438639,3.1928604125976565,-2.6069787597656253,-5.530998229980469,-0.622622549533844,-0.062058139592409134,0.14039428532123566
1778958597.959336,3.6925213623046877,-2.2498214721679686,-5.047054595947266,-0.4994960129261017,-0.05104221776127815,0.18254029750823975
1778958597.9766846,3.8510417175292972,-2.3625370788574216,-4.547243957519531,-0.48228201270103455,0.013508543372154236,0.15780796110630035
1778958597.993736,4.204756164550782,-2.4560925292968747,-4.456831970214844,-0.5330964922904968,-0.04116775095462799,0.17805971205234528
1778958598.0099537,4.193379821777344,-2.76145751953125,-4.871769104003906,-0.6861206889152527,-0.17117002606391907,0.16546006500720978
1778958598.053642,3.5570530700683594,-2.1547691345214846,-4.885690155029297,-0.69327312707901,-0.194915771484375,0.10114116966724396
1778958598.0743654,3.486699371337891,-0.9157955932617181,-4.049678649902344,-0.4741131663322449,-0.0302067119628191,0.18182505667209625
1778958598.0979888,3.5714231872558595,-2.4361839294433594,-3.8013450622558596,-0.526232898235321,0.03966129571199417,0.010690877214074135
1778958598.1217172,3.0612840270996093,-2.6442512512207035,-4.035458221435547,-0.5019190311431885,0.027823708951473236,-0.10461301356554031
1778958598.141966,2.5932073974609375,-2.118843841552734,-4.228706359863281,-0.5119486451148987,-0.039016738533973694,-0.08417775481939316
1778958598.1601243,2.8240274047851566,-1.9682569885253907,-4.332141265869141,-0.6239774227142334,-0.10662081837654114,-0.0769379511475563
1778958598.1772926,3.2662078857421877,-1.7501605224609378,-4.185446319580079,-0.6279031038284302,-0.19173979759216309,-0.060444749891757965
1778958598.1929705,3.5212774658203125,-1.5504757690429685,-4.0935374450683595,-0.5912913084030151,-0.26673999428749084,-0.021547416225075722
1778958598.2095103,3.7214112854003907,-1.4765295410156245,-3.7988003540039066,-0.5601285099983215,-0.36858391761779785,-0.013375167734920979
1778958598.2253351,3.585194549560547,-1.5331118774414065,-3.4645454406738283,-0.5885301828384399,-0.3962528705596924,-0.08674231171607971
1778958598.242909,3.484304351806641,-1.516346740722657,-3.3991314697265627,-0.6382123827934265,-0.4171391427516937,-0.10052049905061722
1778958598.2592177,3.02490966796875,-1.7904267883300786,-3.7449124145507815,-0.7493169903755188,-0.3689784109592438,-0.08441785722970963
1778958598.2754526,2.9307554626464847,-1.6649876403808594,-3.99249755859375,-0.7804385423660278,-0.3166818916797638,-0.02058616653084755
1778958598.2923896,3.250939636230469,-1.359472961425782,-4.155209197998047,-0.7067975997924805,-0.328357994556427,0.07376377284526825
1778958598.3098166,3.4804124450683593,-0.6872209167480463,-3.818708953857422,-0.5786292552947998,-0.31065255403518677,0.1961956024169922
1778958598.3263788,3.5256184387207035,-0.4626878356933588,-2.8217820739746093,-0.5770265460014343,-0.22028081119060516,0.15977607667446136
1778958598.3451474,3.665278015136719,-0.8273295593261718,-2.7035279846191407,-0.6049513220787048,-0.1686462014913559,0.11836370825767517
1778958598.3653803,3.7116815185546876,-1.4380595397949225,-3.3856594848632815,-0.5205813050270081,-0.1321915239095688,0.1020907312631607
1778958598.3851874,3.4599050903320316,-1.8241067504882817,-4.163142700195313,-0.45644527673721313,-0.035475652664899826,0.10070350766181946
1778958598.40332,3.673810272216797,-1.0788066101074225,-4.187991027832031,-0.3908805549144745,-0.007378190755844116,0.2335071563720703
1778958598.4213614,3.830384674072266,-0.8107141113281244,-3.9311251831054688,-0.3300252854824066,0.017762696370482445,0.27742037177085876
1778958598.479987,4.184997253417969,-0.8761280822753914,-3.407663726806641,-0.2770746648311615,0.0965413749217987,0.2827683687210083
1778958598.5364537,4.363875274658203,-1.7461189270019535,-3.6244129943847656,-0.11996307969093323,0.4491649568080902,0.348821222782135
1778958599.651168,3.7257522583007816,-0.5504054260253906,-1.0205776977539063,0.11443614959716797,-0.11756428331136703,-0.32972460985183716
1778958599.6732829,3.290457458496094,-0.34368530273437514,-1.9387683105468752,0.2673606872558594,-0.17475397884845734,-0.28562381863594055
1778958599.6948001,2.7437942504882815,0.14744338989257777,-2.234403533935547,0.2989363670349121,-0.15657347440719604,-0.21981945633888245
1778958599.7159119,1.735041961669922,0.2712359619140621,-2.2519171142578127,0.09215593338012695,0.023203030228614807,-0.16083936393260956
1778958599.7360923,1.452429656982422,0.4421804809570311,-1.9067349243164065,0.017570629715919495,0.1450505554676056,-0.21337398886680603
1778958599.7557971,2.1055215454101566,0.554896087646485,-1.9749929809570312,0.025673598051071167,0.09772558510303497,-0.21220016479492188
1778958600.8001482,1.1575428771972658,-1.4305751037597663,-0.8551716613769532,-0.27978605031967163,0.9834738969802856,-0.0010629543103277683
1778958600.8299847,0.8099656677246094,-0.6435118103027335,-0.6029461669921875,-0.34476783871650696,1.0726372003555298,0.021340785548090935
1778958600.850803,1.167422332763672,-0.7544311523437504,-0.6390211486816406,-0.3393547236919403,1.1883844137191772,-0.030110377818346024
1778958600.8711448,1.3689033508300783,-1.0347981262207036,-0.7682025146484376,-0.3260645568370819,1.2507327795028687,-0.06293576955795288
1778958600.8888614,1.2641212463378906,-0.862805786132812,-0.5417234802246094,-0.22097589075565338,1.3340811729431152,-0.06708934903144836
1778958600.9075105,1.4778767395019532,-0.5156776428222649,-0.3673361206054688,-0.2231970727443695,1.3801162242889404,-0.03637521713972092
1778958600.9277117,1.9812799072265626,-0.6114784240722653,-0.5613327026367188,-0.15719947218894958,1.3845338821411133,-0.0035742383915930986
1778958600.9514487,1.9187100219726563,-0.9083111572265619,-0.49786468505859377,-0.045336250215768814,1.4734351634979248,0.04389210790395737
1778958600.9725454,1.576970672607422,-0.9163943481445305,-0.23096969604492187,-0.07010424137115479,1.5618212223052979,0.13895666599273682
1778958600.9891717,1.2702584838867188,-1.0187814331054685,0.05194198608398438,-0.1441769003868103,1.655285358428955,0.21813692152500153
1778958601.0053785,1.1270063781738282,-1.1039543151855469,-0.003592529296875,-0.15354269742965698,1.699405312538147,0.2124854326248169
1778958601.0238628,0.95082275390625,-1.199455718994141,-0.3703298950195313,-0.0978812500834465,1.7723667621612549,0.15037491917610168
1778958601.0618927,0.9726773071289063,-0.6592291259765624,-0.6231541442871094,0.0008820788934826851,1.839413046836853,0.09101986885070801
1778958601.0933502,1.4736854553222658,0.21465362548828182,0.08846603393554688,0.0003212997689843178,1.7630808353424072,0.06233389303088188
1778958601.1166625,1.753004608154297,0.40101608276367173,0.09131011962890626,0.0873049646615982,1.6856496334075928,-0.07925757020711899
1778958601.1391776,0.9386979675292969,-2.0067269897460935,-1.9071839904785157,0.2038051337003708,1.7861684560775757,-0.32109710574150085
1778958601.1594572,0.5776487731933594,0.6227050781249996,-1.8826350402832033,0.22196608781814575,1.7998147010803223,-0.06583188474178314
1778958601.1823068,0.8934919738769531,1.6214282226562506,-0.14504837036132814,0.3318343460559845,1.820351004600525,0.2030785083770752
1778958601.2026381,2.58901611328125,0.7670050048828134,1.1729608154296876,0.32618746161460876,1.6566556692123413,0.19319535791873932
1778958601.2236733,3.5724710083007816,-1.1319461059570308,0.6568341064453125,0.37506750226020813,1.4360227584838867,0.12280083447694778
1778958601.2492046,1.6816030883789064,-1.62337417602539,-0.7764353942871094,0.3776272237300873,1.5078954696655273,0.1723487377166748
1778958601.2680302,1.0532098388671876,-0.4421804809570311,-0.6575825500488282,0.37522977590560913,1.5531772375106812,0.2693282663822174
1778958601.2881992,2.1281245422363284,0.42810974121093714,-0.41463775634765626,0.47736600041389465,1.471139669418335,0.3157040476799011
1778958601.3098164,2.664758605957031,-0.283360748291015,-0.14744338989257813,0.5624074339866638,1.3997726440429688,0.15097185969352722
1778958601.3311143,1.8015037536621095,-1.1380833435058602,0.12543914794921876,0.47270357608795166,1.4440817832946777,0.003271584864705801
1778958601.3539546,1.2252021789550782,-1.1738589477539065,-0.03817062377929688,0.36786597967147827,1.5279065370559692,-0.005411141086369753
1778958601.3745062,1.4578184509277345,-0.0502954101562505,0.3718267822265625,0.26122260093688965,1.5439857244491577,0.06343311816453934
1778958601.3958669,2.629432067871094,0.4358935546874996,0.4843927001953125,0.2900174558162689,1.4771543741226196,0.1200208067893982
1778958601.4184256,2.722837829589844,0.22288650512695263,0.11421249389648438,0.2830192446708679,1.4691566228866577,0.10013469308614731
1778958601.4465299,2.346969451904297,0.1907034301757804,-0.4343966674804688,0.24494569003582,1.5237284898757935,0.06971564143896103
1778958601.4673083,2.023192749023438,-2.086810455322266,1.7308506774902344,0.2397836446762085,0.8954508304595947,-0.4524022340774536
1778958601.4896684,3.3789234924316407,-0.8056246948242194,0.4785548400878907,0.27373579144477844,0.5963395833969116,-0.5214788317680359
1778958601.5070858,3.0681697082519532,-0.16705261230468693,-0.42616378784179687,0.3002445697784424,0.847316324710846,-0.6660500168800354
1778958601.525324,3.0770013427734377,-1.118174743652343,-0.7879614257812501,0.20025862753391266,1.2461459636688232,-0.8880113363265991
1778958601.541065,2.4818389892578128,-1.3006452941894526,-0.604742431640625,0.04995383322238922,1.4158281087875366,-1.0999939441680908
1778958601.5572333,1.353036346435547,-0.7231462097167967,-0.5909710693359376,-0.2689814865589142,1.7638224363327026,-1.5348073244094849
1778958601.574363,0.877624969482422,-0.5818400573730464,-0.6185137939453126,-0.45693907141685486,1.9558287858963013,-1.685681700706482
1778958601.5928607,0.6747967529296875,0.045655059814453836,-0.0592767333984375,-0.4963754117488861,1.6994942426681519,-1.3882784843444824
1778958601.6126153,-0.5736071777343751,1.405128021240234,0.7559280395507812,-0.2962644696235657,1.2452691793441772,-0.22722402215003967
1778958601.6326787,-1.2798385620117188,1.1419752502441405,0.9222322082519532,0.18725478649139404,1.2131381034851074,0.39524513483047485
1778958601.6529753,0.21510269165039064,-0.2963836669921882,0.07274871826171875,0.2808840274810791,1.2206028699874878,0.35553354024887085
1778958601.6722035,0.9162446594238282,-0.6518943786621101,-0.18905685424804688,0.028300806879997253,1.163759469985962,0.08575908839702606
1778958601.6903715,1.396146697998047,-0.686622161865234,-0.44143203735351566,-0.23812639713287354,1.2301467657089233,0.1854613721370697
1778958601.7203245,0.31629226684570316,-1.1521540832519523,0.5427713012695313,-0.3845107853412628,1.3495606184005737,0.35465207695961
1778958601.7402081,0.3688330078125,-0.4569996643066414,0.9545649719238282,-0.28278544545173645,1.4970757961273193,0.3942224085330963
1778958601.7573624,1.3219010925292969,-0.05792953491210895,0.9776170349121094,-0.2296731173992157,1.455100417137146,0.29582515358924866
1778958601.7741675,1.9035914611816407,-0.011675720214844532,0.6084846496582031,-0.14387546479701996,1.3802062273025513,0.038669291883707047
1778958601.7926977,2.618654479980469,-0.12244537353515561,0.6563850402832031,-0.09011705964803696,1.2197256088256836,0.045424818992614746
1778958601.8109555,2.46926513671875,-0.21719833374023523,0.9593550109863281,-0.10382035374641418,1.1299083232879639,0.0465923510491848
1778958601.830129,1.7808467102050782,0.2942880249023432,1.265917510986328,-0.1339924931526184,0.9603293538093567,-0.05678173154592514
1778958601.8489857,1.7789007568359376,0.23590942382812585,1.1786489868164063,0.012031457386910915,0.773164689540863,-0.08206585049629211
1778958601.8666148,1.9549346923828126,-0.767753448486328,1.0157876586914063,0.17786554992198944,0.719406008720398,-0.03678277134895325
1778958601.8843226,1.061143341064453,-1.1659254455566401,1.1885284423828126,0.09331668168306351,0.7617585062980652,-0.1735423058271408
1778958601.903202,0.6713539123535157,-1.250499572753906,1.3359718322753906,-0.00033209752291440964,0.6246421337127686,-0.31674572825431824
1778958601.921117,0.647852783203125,-1.1081455993652352,1.3310321044921876,0.021210089325904846,0.4871262311935425,-0.3798585832118988
1778958601.9427426,0.8318202209472657,-0.003742218017578125,0.8324189758300782,0.05024678260087967,0.25151732563972473,-0.4114730954170227
1778958601.9652078,0.2998265075683594,0.8414002990722658,0.5074447631835938,-0.12409354746341705,0.3332544267177582,-0.1588202565908432
1778958601.985896,0.6809339904785157,0.3049159240722652,2.792443084716797,-0.06835135817527771,-0.30861762166023254,-0.45647814869880676
1778958602.0031343,0.7845185852050781,0.9981243896484369,1.3618679809570313,0.24303647875785828,-0.5612849593162537,-0.5112033486366272
1778958602.0201616,0.6168672180175782,0.517623596191406,0.5598358154296875,0.3641706109046936,-0.609235405921936,-0.48293939232826233
1778958602.0423102,0.4640350341796875,-0.5947132873535157,0.03382965087890625,0.3558146357536316,-0.5521312952041626,-0.2839198410511017
1778958602.0610926,-0.23875350952148439,-1.262774047851563,-0.17498611450195314,0.05858903378248215,-0.23915916681289673,-0.285581111907959
1778958602.082136,0.4393363952636719,0.3781137084960946,-1.1308982849121094,-0.07764816284179688,0.6610015630722046,-0.44439464807510376
1778958602.1024656,0.092208251953125,0.2706372070312497,-1.2256512451171875,-0.2229471355676651,1.5448253154754639,-0.5759519338607788
1778958602.1189477,0.25357269287109374,-0.12394226074218828,0.09834548950195313,-0.36264193058013916,1.4531410932540894,-0.4885155260562897
1778958602.1411223,-0.8325686645507813,0.23201751708984375,3.952680358886719,0.218635693192482,0.05200182646512985,0.22598230838775635
1778958602.160783,-1.5795153808593752,0.9163943481445305,0.4397854614257813,1.1912482976913452,0.40876179933547974,0.39388957619667053
1778958602.1807377,0.3212319946289063,-0.13292358398437543,0.33709899902343754,1.410061001777649,0.34718579053878784,0.3310522735118866
1778958602.200792,1.414259033203125,-0.5177732849121099,-0.3641926574707031,1.065730094909668,0.36639031767845154,-0.25159111618995667
1778958602.2202997,1.1849359130859376,-1.2787907409667962,-0.721948699951172,0.7545903921127319,0.5137355327606201,-0.4868970215320587
1778958602.2378814,0.24159759521484375,-1.3326786804199227,-0.31644195556640625,0.5967453122138977,0.523587703704834,-0.395246297121048
1778958602.290217,-0.7926017761230469,1.0593470764160156,-1.6313076782226563,-0.23287242650985718,0.833304226398468,-0.08398318290710449
1778958602.3126209,-0.3243754577636719,0.3173400878906243,-0.6926097106933594,-0.5703861117362976,0.46715256571769714,-0.243843674659729
1778958602.3341045,-0.7321275329589844,-0.07948471069335916,-0.8044271850585938,-0.7392110824584961,0.42106762528419495,-0.16212964057922363
1778958602.3554416,-1.3347743225097657,0.27168502807617223,-0.10882369995117189,-0.815775454044342,0.5803256034851074,0.018370214849710464
1778958602.37592,-0.8951385498046875,1.107696533203125,-0.520916748046875,-0.9397304058074951,1.196765422821045,-0.13888663053512573
1778958602.3942962,0.47601013183593754,0.3650907897949214,-0.6378236389160157,-1.1982076168060303,1.3182073831558228,-0.45157259702682495
1778958602.4414494,-1.33402587890625,-2.0402572631835936,2.1459375,-0.735802173614502,0.9979141354560852,-0.3557310998439789
1778958602.462671,-1.5057188415527345,-0.08532257080078054,2.3965164184570313,-0.03490433469414711,0.6527931690216064,-0.0954447016119957
1778958602.482059,-2.146087188720703,1.021775207519532,-0.9861492919921876,-0.22759287059307098,1.4436894655227661,0.030231788754463196
1778958602.501223,-0.9503736877441407,0.1293310546874995,0.93166259765625,-0.37638264894485474,1.3667960166931152,-0.16150586307048798
1778958602.5206296,-0.40745269775390625,0.34368530273437514,0.9521699523925782,-0.33576253056526184,0.9544978141784668,0.052862584590911865
1778958602.5379245,-1.2362791442871095,0.08906478881835866,1.3698014831542968,-0.23318681120872498,0.6181906461715698,0.504737377166748
1778958602.5562084,-1.56873779296875,0.07005432128906186,1.2418176269531251,-0.15604165196418762,0.6009998321533203,0.6979376077651978
1778958602.5769787,-1.7690213012695313,-0.2463876342773439,0.3926335144042969,-0.043472230434417725,0.9216947555541992,0.7987516522407532
1778958602.5962162,-0.7319778442382813,-0.0243992614746098,0.6267466735839844,-0.03971660137176514,1.1092876195907593,0.43093621730804443
1778958602.6194315,-0.4721182250976563,-0.0883163452148441,1.6494200134277344,-0.2580219507217407,1.029403805732727,-0.14054620265960693
1778958602.6369054,-0.731678466796875,-0.22498214721679766,1.234333190917969,-0.2313150316476822,0.9495630860328674,-0.09643620997667313
1778958602.656376,-1.0300080871582031,-0.25776397705078047,0.8686436462402344,-0.1428431123495102,0.9452198147773743,0.019157961010932922
1778958602.6759963,-1.5248789978027344,0.2803669738769532,0.5882766723632813,0.029475156217813492,0.9098398089408875,0.14118537306785583
1778958602.694699,-1.658401336669922,0.4558021545410149,0.8238867187500001,0.08330296725034714,0.7262095212936401,0.16221396625041962
1778958602.7112076,-1.1485615539550782,0.07768844604492209,1.0997630310058595,0.05931650474667549,0.6156332492828369,0.1839059293270111
1778958602.7270212,-0.9862989807128907,-0.40775207519531165,1.1222163391113282,0.08231425285339355,0.6441394686698914,0.2280357927083969
1778958602.743608,-0.9497749328613282,-0.5930667114257808,1.1804452514648438,0.09006138890981674,0.6806938052177429,0.23480342328548431
1778958603.8368993,0.7159611511230469,-0.6246510314941407,2.0399578857421874,-0.01644032448530197,0.04794686287641525,-0.13013611733913422
1778958603.855249,0.4302053833007813,-0.6108796691894529,2.20581298828125,-0.034070368856191635,-0.05154779553413391,-0.12534359097480774
1778958603.8752668,0.8354127502441406,-0.47406417846679716,1.9504440307617188,0.04778129607439041,-0.09308450669050217,-0.12857408821582794
1778958603.893896,0.5695655822753907,-0.718655548095704,2.0719912719726565,-0.037643808871507645,-0.15361112356185913,-0.19683179259300232
1778958603.9150522,0.3059637451171875,-0.6179150390625008,1.9944525146484375,-0.04944899305701256,-0.19142299890518188,-0.1836075633764267
1778958603.9608154,0.6911128234863282,-0.5486091613769535,2.468367004394531,-0.0164799764752388,-0.33594849705696106,-0.2726503312587738
1778958603.98535,0.46119094848632813,-0.44712020874023395,2.5041426086425784,-0.021277453750371933,-0.3632756471633911,-0.33240243792533875
1778958604.0047524,0.6661148071289062,-0.4396357727050777,2.1838087463378906,-0.03671348839998245,-0.33241549134254456,-0.36900344491004944
1778958604.0226116,0.4005670166015625,-0.41029678344726506,2.4661216735839844,-0.08217319846153259,-0.39744481444358826,-0.3337068557739258
1778958604.040478,0.6987469482421875,-0.21674926757812507,2.441572723388672,-0.020281851291656494,-0.48715147376060486,-0.28085434436798096
1778958604.0560634,0.8752299499511719,-0.2790197753906245,2.3056553649902347,0.027589265257120132,-0.4876159131526947,-0.27644816040992737
1778958604.0737958,0.6288423156738282,-0.3577560424804691,2.3634352111816406,0.07682459056377411,-0.4453015923500061,-0.2867850959300995
1778958604.347568,0.41508682250976564,0.30805938720703097,2.528541870117188,0.0654885545372963,-0.5617579817771912,-0.2567673325538635
1778958604.3969111,-1.1039543151855469,-0.2541714477539063,0.010328521728515625,0.18752798438072205,-0.11162947863340378,-0.16802038252353668
1778958604.41628,-1.1469149780273438,-0.0025447082519534092,-0.21764739990234377,0.29749271273612976,-0.1353410929441452,-0.13386490941047668
1778958604.435866,-1.1105406188964844,-0.14729370117187557,-0.23860382080078127,0.3285275995731354,-0.14842812716960907,-0.11419028043746948
1778958604.4550252,-1.1680210876464845,-0.20926483154296882,-0.17079483032226564,0.26743707060813904,-0.15835106372833252,-0.11493317037820816
1778958604.473364,-1.422491912841797,-0.2164498901367189,-0.20058288574218752,0.1356312334537506,-0.13694415986537933,-0.15988148748874664
1778958604.4928036,-1.6199313354492189,-0.08307723999023509,-0.3035687255859375,0.0545685812830925,-0.11042289435863495,-0.22802317142486572
1778958604.514654,-1.5093113708496095,0.08906478881835866,-0.25042922973632814,0.04979388788342476,-0.08444720506668091,-0.24260598421096802
1778958604.5324495,-1.3671070861816408,0.16884887695312578,-0.13367202758789062,0.08894215524196625,-0.07473526149988174,-0.22956986725330353
1778958604.55051,-1.2470567321777344,0.06227050781249943,0.07679031372070313,0.1282692849636078,-0.038167499005794525,-0.20335760712623596
1778958604.568942,-1.3233979797363282,-0.11855346679687528,0.24444168090820315,0.10548470169305801,-0.00945274904370308,-0.18364091217517853
1778958604.617717,-1.412911834716797,-0.18561401367187536,0.21510269165039064,0.02678905427455902,0.06735987216234207,-0.15317288041114807
1778958604.637225,-1.2970527648925783,-0.2206411743164054,0.25731491088867187,0.020635411143302917,0.07363305240869522,-0.15809917449951172
1778958604.6650805,-1.4435980224609375,-0.34338592529296896,0.23261627197265627,0.0459606871008873,0.07659168541431427,-0.1604125201702118
1778958604.6918817,-1.5516732788085938,-0.2829116821289066,0.38514907836914064,0.02348235622048378,0.08291000127792358,-0.1558299958705902
1778958604.716058,-1.5006294250488281,-0.14639556884765703,0.41149429321289066,0.00035274866968393326,0.06756468117237091,-0.14124247431755066
1778958604.7356503,-1.1442205810546875,-0.04296066284179645,0.37212615966796875,-0.019063083454966545,0.05483196675777435,-0.14152994751930237
1778958604.7599797,-1.1990066528320313,-0.004939727783202841,0.5225633239746094,-0.036127086728811264,0.044437989592552185,-0.14180660247802734
1778958604.782248,-1.058448944091797,-0.05194198608398359,0.531544647216797,-0.034191541373729706,0.02818538062274456,-0.09543496370315552
1778958604.831857,-1.1108399963378908,-0.19085311889648438,0.5218148803710938,-0.07017850875854492,0.09739180654287338,-0.08089947700500488
1778958604.8525617,-0.9548643493652345,-0.5074447631835941,0.6027964782714844,-0.0875810906291008,0.12078879773616791,-0.017076091840863228
1778958604.886847,-1.1421249389648438,-0.2556683349609372,0.5429209899902344,-0.09609958529472351,0.19377346336841583,0.09480549395084381
1778958604.905017,-1.2883708190917968,-0.06676116943359389,0.640518035888672,-0.025519808754324913,0.2515821158885956,0.14917999505996704
1778958604.9251792,-1.4944921875000001,-0.14639556884765703,0.749491424560547,-0.04133310541510582,0.2995651364326477,0.11191286146640778
1778958604.9445908,-1.443897399902344,-0.20088226318359403,0.6381230163574219,-0.10609626024961472,0.31506645679473877,0.12939654290676117
1778958604.9659982,-1.3072315979003908,-0.14759307861328175,0.6785389709472657,-0.12213100492954254,0.23439523577690125,0.20881246030330658
1778958604.9878402,-1.417701873779297,-0.45804748535156214,0.661025390625,-0.12935878336429596,0.30496567487716675,0.15066739916801453
1778958605.009491,-1.7856367492675782,-0.630638580322266,1.0135423278808595,-0.13508552312850952,0.37724873423576355,0.11045599728822708
1778958605.0583904,-1.3933026123046877,-0.8878038024902342,0.8704399108886719,-0.12126918137073517,0.4781874418258667,0.2080322504043579
1778958605.0769951,-1.5417938232421875,-0.5520520019531254,1.2864248657226562,-0.20446166396141052,0.43803489208221436,0.23063601553440094
1778958605.0988111,-1.690734100341797,-0.34368530273437514,1.5088623046875,-0.20762716233730316,0.3941958248615265,0.2548537254333496
1778958605.117723,-1.2853770446777344,-0.4447251892089845,1.2139755249023438,-0.13102392852306366,0.4746752083301544,0.23434220254421234
1778958605.1350276,-1.1686198425292968,-0.24848327636718714,1.2540921020507814,-0.10697636008262634,0.5595283508300781,0.24982351064682007
1778958605.1548867,-1.6711248779296877,0.033380584716796946,1.367406463623047,-0.1556110680103302,0.587230384349823,0.24650166928768158
1778958605.1767578,-1.8580860900878908,0.15013778686523516,1.254840545654297,-0.1710403710603714,0.584027886390686,0.247327521443367
1778958605.1985748,-1.684896240234375,0.08562194824218672,1.1764036560058595,-0.13470670580863953,0.6135417819023132,0.26288309693336487
1778958605.2218256,-1.3946498107910157,-0.05927673339843764,1.2135264587402343,-0.08913204073905945,0.6984145045280457,0.26036781072616577
1778958605.2426934,-1.5209870910644532,0.17244140624999993,1.3919554138183594,-0.12810435891151428,0.8629478812217712,0.13837245106697083
1778958605.2656302,-1.923050994873047,0.882115631103515,0.20327728271484377,-0.07829830050468445,0.9140064716339111,0.08501488715410233
1778958605.2855253,-1.4914984130859377,2.09609115600586,-2.142195281982422,0.2799261212348938,0.8058533072471619,0.25727248191833496
1778958605.3080523,-1.1617341613769532,2.402354278564454,-0.48873367309570315,0.32537776231765747,0.4181194007396698,0.24509547650814056
1778958605.337647,-0.18905685424804688,0.10942245483398416,1.838027801513672,-0.023945214226841927,0.366287499666214,-0.02055908925831318
1778958605.3615618,0.087418212890625,-0.9892927551269537,1.6649876403808594,-0.007539065554738045,0.8958248496055603,0.11346391588449478
1778958605.3824437,0.09325607299804688,-0.6807843017578126,1.2826826477050781,0.014229577034711838,0.937250554561615,0.36658522486686707
1778958605.400279,-0.29294082641601565,-0.12259506225585959,0.3683839416503906,-0.023812750354409218,0.8799335360527039,0.37112846970558167
1778958605.4193246,-0.7137158203125,0.2215393066406257,-0.29294082641601565,-0.04423446208238602,0.8211798071861267,0.32160329818725586
1778958605.4399319,-0.53408935546875,0.06182144165039105,-0.4010160827636719,-0.048537492752075195,0.5961371660232544,0.17663033306598663
1778958605.4611437,-0.19190093994140625,-0.28650421142578075,-0.012873229980468751,-0.0065786587074398994,0.5639390349388123,0.12493129819631577
1778958605.4834242,0.4643344116210938,-0.3990701293945307,0.2927911376953125,0.06208459287881851,0.5092881917953491,0.18084768950939178
1778958605.5043876,1.1332933044433595,-0.5763015747070312,0.23486160278320314,0.09396571666002274,0.5615811347961426,0.15988734364509583
1778958605.5232804,1.1142828369140625,-0.5879772949218758,0.3607498168945313,0.0009560063481330872,0.5622124075889587,0.13360103964805603
1778958605.5400722,0.9876461791992188,-0.4734654235839848,0.4662803649902344,-0.05642702803015709,0.43828997015953064,0.19584214687347412
1778958605.5559452,1.058448944091797,-0.44981460571289134,0.5191204833984375,-0.06391243636608124,0.3895688056945801,0.20160719752311707
1778958605.5740752,0.9584568786621094,-0.32886611938476484,0.7364685058593751,-0.08204394578933716,0.34570735692977905,0.1710737645626068
1778958605.591132,0.5489085388183594,-0.060923309326172514,0.9599537658691407,-0.10919349640607834,0.30454221367836,0.16127999126911163
1778958605.6162255,0.7631130981445313,0.19624191284179737,0.7849676513671875,-0.07328234612941742,0.2077968418598175,0.1847926676273346
1778958605.6319785,1.1490106201171875,0.08562194824218672,0.3998185729980469,-0.04861251264810562,0.21128956973552704,0.12015350908041
1778958605.650238,0.6674620056152344,-0.15477813720703182,0.63468017578125,-0.09577082097530365,0.20633624494075775,0.08403343707323074
1778958605.6675472,0.622705078125,-0.32317794799804744,0.6074368286132813,-0.0954984501004219,0.18843136727809906,0.1204981580376625
1778958605.683744,0.8457412719726562,-0.3909869384765621,0.46193939208984375,-0.07535403221845627,0.19698117673397064,0.12621650099754333
1778958605.699431,1.0265652465820314,-0.40101608276367173,0.6087840270996094,-0.06023237109184265,0.20970220863819122,0.11400027573108673
1778958605.7151322,0.9443861389160156,-0.41912841796875,0.7670050048828125,-0.06157581880688667,0.19553877413272858,0.10481323301792145
1778958605.7322292,1.114731903076172,-0.5044509887695305,0.7858657836914062,-0.04243994131684303,0.1435096710920334,0.09593691676855087
1778958605.7491977,1.1308982849121094,-0.503552856445312,0.6354286193847657,-0.04486935958266258,0.172615647315979,0.06755238771438599
1778958605.7655714,0.9225315856933595,-0.43215133666992145,0.7045848083496095,-0.044039253145456314,0.17538826167583466,0.06375711411237717
1778958605.7831352,0.7348219299316406,0.013471984863281605,0.6966513061523438,0.024324826896190643,0.18732193112373352,0.10224548727273941
1778958605.8007534,0.6634204101562501,0.07469467163085852,0.7129673767089844,-0.01623803749680519,0.15936383605003357,0.1027008444070816
1778958605.8208516,0.6271957397460938,-0.06152206420898487,0.55564453125,-0.032032594084739685,0.22115349769592285,0.07151342928409576
1778958605.8408551,0.5457650756835938,-0.018860778808594603,0.9517208862304688,-0.025286080315709114,0.20706333220005035,0.0662275105714798
1778958605.8592827,0.5962101745605469,-0.2080673217773441,0.9553134155273438,0.013263151049613953,0.1711990237236023,0.05623391270637512
1778958605.8797033,0.5866300964355469,-0.4584965515136723,1.0234217834472656,0.034626420587301254,0.1387515813112259,0.030617116019129753
1778958605.8981576,0.39847137451171877,-0.5944139099121095,1.0708731079101563,0.02120058983564377,0.12784291803836823,-0.0031544691883027554
1778958605.9162278,0.21480331420898438,-0.5221142578125004,1.1247610473632812,-0.00967230275273323,0.11931777000427246,-0.022822316735982895
1778958605.9367495,0.13501922607421876,-0.3359014892578127,1.300345916748047,-0.02722817286849022,0.06858713924884796,-0.04015599191188812
1778958605.9559174,0.21390518188476565,-0.22887405395507798,1.3178594970703126,-0.021613597869873047,0.03320303186774254,-0.05675344169139862
1778958605.9739833,0.2471360778808594,-0.22977218627929652,1.325792999267578,-0.012007164768874645,0.008118381723761559,-0.12577280402183533
1778958605.9912224,0.08367599487304687,-0.3459306335449224,1.361418914794922,-0.031688153743743896,-0.019626330584287643,-0.1935448795557022
1778958606.0082443,0.1407073974609375,-0.4710704040527336,1.3222004699707033,-0.06387466192245483,-0.06610587984323502,-0.2073017805814743
1778958606.025937,0.27228378295898437,-0.3757186889648434,1.281036071777344,-0.06991815567016602,-0.09770727157592773,-0.21414773166179657
1778958606.0443943,0.34099090576171875,-0.25536895751953104,1.3600717163085938,-0.07258637994527817,-0.12414979934692383,-0.21378180384635925
1778958606.0644453,0.31644195556640625,-0.09041198730468736,1.6389418029785157,-0.09655871987342834,-0.19254790246486664,-0.23171836137771606
1778958606.0829945,-0.013621673583984376,-0.3242257690429682,1.6064593505859375,-0.12256188690662384,-0.16770249605178833,-0.31156906485557556
1778958606.103914,-0.20387603759765627,-0.42556503295898374,1.4986834716796875,-0.141810804605484,-0.18419469892978668,-0.3604256808757782
1778958606.1224065,-0.24818389892578127,-0.34488281249999986,1.3606704711914064,-0.11884606629610062,-0.2759125828742981,-0.280818372964859
1778958606.1390119,-0.30551467895507817,-0.24668701171875007,1.2919633483886719,-0.07920939475297928,-0.3229268193244934,-0.26477283239364624
1778958606.2309058,0.1926493835449219,0.9822573852539058,0.3698808288574219,0.10376368463039398,-0.4077032208442688,-0.483638733625412
1778958606.25776,0.3429368591308594,1.5527210998535157,0.25626708984375,0.22645460069179535,-0.2901424169540405,-0.5389803647994995
1778958606.274727,-0.12424163818359375,1.579515380859375,1.4316229248046877,0.032903075218200684,-0.331001877784729,-0.5564585328102112
1778958607.4333622,-0.7382647705078126,0.8921447753906246,-1.8275495910644532,0.3553772568702698,1.6789883375167847,0.4783114492893219
1778958607.4531338,-0.6352789306640625,0.4302053833007804,-0.35221755981445313,0.23625588417053223,1.4921932220458984,0.35115283727645874
1778958607.485365,-0.15238311767578125,-0.036673736572264914,0.7177574157714844,0.09249778091907501,1.389133095741272,0.24366560578346252
1778958607.504739,-0.20567230224609376,-0.12798385620117259,0.4830455017089844,0.044842660427093506,1.6656872034072876,0.31117796897888184
1778958607.5242846,-0.6487509155273438,0.4956193542480474,-0.4351451110839844,0.11231979727745056,1.8324482440948486,0.48125725984573364
1778958607.541739,-0.3212319946289063,0.7514373779296868,-1.210682373046875,0.14507488906383514,1.8378993272781372,0.5148395895957947
1778958607.5590484,-0.12214599609375,0.4153861999511719,-1.3094769287109376,0.11633378267288208,1.7077282667160034,0.47473451495170593
1778958607.5768113,0.137713623046875,-0.2215393066406257,-0.8030799865722656,0.13515453040599823,1.6202716827392578,0.42955711483955383
1778958607.5941186,0.20073257446289064,-0.5275030517578116,-0.3838018798828125,0.12602122128009796,1.594758152961731,0.38654467463493347
1778958607.6152465,-0.15657440185546875,-0.8409512329101556,0.32168106079101566,0.05451290309429169,1.6164342164993286,0.30860432982444763
1778958607.6343832,-0.1730401611328125,-0.699046325683593,0.3207829284667969,0.030057625845074654,1.6239923238754272,0.3068602383136749
1778958607.6536884,0.0016465759277343752,-0.288749542236328,0.0185614013671875,0.06675438582897186,1.6632847785949707,0.34480974078178406
1778958607.6724017,0.36793487548828124,-0.02799179077148395,-0.17678237915039063,0.07133205235004425,1.6133954524993896,0.3193235397338867
1778958607.6882682,0.46538223266601564,-0.43065444946289055,-0.33410522460937503,0.004499365575611591,1.6079455614089966,0.18603840470314026
1778958607.7050517,0.28216323852539066,-0.3005749511718747,-0.02125579833984375,0.018639978021383286,1.5848811864852905,0.20547881722450256
1778958607.7238328,0.39472915649414064,-0.25506958007812486,0.11211685180664063,0.05415017157793045,1.575056791305542,0.21109938621520996
1778958607.7434669,0.7310797119140625,-0.2636018371582036,0.26240432739257813,0.07665012031793594,1.562909483909607,0.15083223581314087
1778958607.7635648,0.9241781616210938,-0.20716918945312557,0.37122802734375004,0.02927931770682335,1.4868324995040894,0.10268443822860718
1778958607.782202,1.3537847900390625,-0.26854156494140646,0.2647993469238281,-0.041483279317617416,1.3939552307128906,0.08974822610616684
1778958607.801807,1.0186317443847657,-0.28919860839843814,0.429906005859375,-0.12742716073989868,1.3627187013626099,0.08584659546613693
1778958607.821233,0.8436456298828126,-0.06047424316406236,0.4245172119140625,-0.15193265676498413,1.3353215456008911,0.09059441089630127
1778958607.8395762,1.4253359985351564,0.14190490722656257,0.15058685302734376,-0.12400064617395401,1.3208867311477661,0.0613442063331604
1778958607.8577619,1.2126283264160156,0.21435424804687564,0.0056881713867187505,-0.15269270539283752,1.303483247756958,0.06293831765651703
1778958607.8751028,0.9048683166503907,0.12978012084960966,-0.16525634765625,-0.2055962234735489,1.313133716583252,0.08309021592140198
1778958607.8914242,0.9054670715332032,0.10657836914062457,-0.17034576416015626,-0.20367474853992462,1.2974425554275513,0.11060253530740738
1778958607.9101627,1.2470567321777344,0.009280700683593324,0.0185614013671875,-0.17399120330810547,1.27048659324646,0.12426131218671799
1778958607.9331722,1.0966195678710937,-0.30551467895507756,0.2644999694824219,-0.1826634705066681,1.2931932210922241,0.10185275971889496
1778958607.9520438,0.5769003295898438,-0.5484594726562495,0.30716125488281254,-0.1992264688014984,1.3470646142959595,0.12405703961849213
1778958607.9713461,0.20073257446289064,-0.7387138366699215,0.17573455810546876,-0.22184737026691437,1.3945225477218628,0.111240454018116
1778958607.9924881,0.45161087036132813,-0.23890319824218764,0.08187973022460938,-0.21448159217834473,1.3882778882980347,0.08188975602388382
1778958608.010777,0.4902305603027344,-0.06616241455078153,0.1818717956542969,-0.17581728100776672,1.3517374992370605,0.04943371191620827
1778958608.070627,0.33006362915039067,0.004640350341796662,0.47062133789062505,-0.17583565413951874,1.384872555732727,-0.04123573750257492
1778958608.116403,0.5848338317871095,-0.3332070922851571,0.247884521484375,-0.23929448425769806,1.34959077835083,-0.10377097874879837
1778958608.166157,0.6750961303710938,-0.4408332824707024,0.13696517944335937,-0.2367912232875824,1.3203474283218384,-0.06082392856478691
1778958608.187365,0.6918612670898437,-0.13247451782226527,0.22483245849609376,-0.14962933957576752,1.2657984495162964,-0.005903122015297413
1778958608.2071695,0.6135740661621094,-0.1865121459960939,0.23845413208007812,-0.07627362012863159,1.2055708169937134,-0.03617767244577408
1778958608.2268713,0.5204676818847657,-0.294138336181641,0.08801696777343751,-0.056618113070726395,1.1602129936218262,-0.0668962225317955
1778958608.2442472,0.052690429687500005,-0.27422973632812564,0.10568023681640626,-0.09294992685317993,1.1138168573379517,-0.06813732534646988
1778958608.264871,-0.17244140625,-0.14085708618164006,0.29309051513671874,-0.12542158365249634,1.0724307298660278,-0.029969383031129837
1778958608.3100836,-0.1423539733886719,-0.12873229980468714,0.2171983337402344,-0.11918202042579651,1.0024845600128174,-0.0759989321231842
1778958608.332003,-0.13217514038085937,-0.06047424316406236,0.3936813354492188,-0.1453832983970642,0.8917432427406311,-0.13376103341579437
1778958608.3512871,-0.21615051269531252,-0.09415420532226548,0.32482452392578126,-0.14700984954833984,0.8513450026512146,-0.1457611620426178
1778958608.371273,-0.15627502441406252,-0.25102798461914055,0.36015106201171876,-0.13077427446842194,0.8349188566207886,-0.1399211883544922
1778958608.3997996,0.02155517578125,-0.45250900268554695,0.6541397094726563,-0.15826499462127686,0.8210086226463318,-0.17157915234565735
1778958608.4199731,-0.07170089721679689,-0.16884887695312578,1.2314891052246095,-0.1951196789741516,0.771163284778595,-0.1887301355600357
1778958608.438991,-0.1850152587890625,0.2329156494140623,1.13763427734375,-0.16978833079338074,0.7305610775947571,-0.1887146234512329
1778958608.4567122,-0.19235000610351563,0.4206253051757809,0.6159690856933594,-0.0549437440931797,0.7127659916877747,-0.12471543997526169
1778958608.4737978,-0.2424957275390625,0.2595602416992193,0.3860472106933594,-0.009641775861382484,0.6866950988769531,-0.07302486896514893
1778958608.4961848,-0.4183799743652344,0.06466552734375064,0.6572831726074219,-0.04399219900369644,0.6342825293540955,-0.1019282191991806
1778958608.5148723,-0.4517605590820313,0.03263214111328061,0.7444020080566407,-0.02195960283279419,0.5771178007125854,-0.1438940465450287
1778958608.535226,-0.49951126098632814,0.155077514648438,0.7012916564941407,0.09383426606655121,0.511411190032959,-0.1026032418012619
1778958608.5560627,-0.9593550109863281,0.028590545654296307,0.6497987365722656,0.14408764243125916,0.4680701494216919,-0.06901010870933533
1778958609.058334,-1.2844789123535156,-0.0709524536132804,0.5725593566894531,0.1559775173664093,0.43792644143104553,-0.08322913199663162
1778958609.0842006,-1.8074913024902344,0.014220428466796164,0.6852749633789063,-0.18935498595237732,0.26380112767219543,0.03025786578655243
1778958609.1046464,-1.8239570617675782,-0.2215393066406257,0.5248086547851563,-0.2142740935087204,0.33971303701400757,-0.0004775295965373516
1778958609.1245098,-1.9715501403808595,-0.2637515258789058,0.5134323120117188,-0.20388208329677582,0.40142592787742615,0.051436781883239746
1778958609.144529,-1.586550750732422,-0.1700463867187505,0.3502716064453125,-0.10888278484344482,0.39720743894577026,0.09861791133880615
1778958609.1659365,-1.6122972106933595,-0.4267625427246102,0.32811767578125,-0.04136836528778076,0.44062817096710205,0.03796258568763733
1778958609.1852126,-1.8232086181640625,-0.48394363403320284,0.3920347595214844,-0.04531330615282059,0.4479385316371918,0.04463860020041466
1778958609.4676092,-1.3401631164550782,-0.6117778015136714,0.4141886901855469,-0.04149024933576584,0.37615302205085754,0.11383122950792313
1778958609.487645,-0.7881111145019531,-0.787063293457031,0.38125717163085937,-0.03262268006801605,0.5942213535308838,0.28000152111053467
1778958609.7747967,-0.5827381896972657,-0.9624984741210945,0.45116180419921875,-0.06048152223229408,0.6055868268013,0.2767172157764435
1778958609.795181,-0.6123765563964844,-0.33575180053710874,0.7679031372070313,-0.147232785820961,0.8623558878898621,0.28499656915664673
1778958609.8159766,-0.4474195861816406,-0.3308120727539059,0.9098080444335938,-0.13682085275650024,0.843335747718811,0.23180146515369415
1778958609.8658476,-0.3405418395996094,0.028889923095702486,0.9577084350585938,-0.08107337355613708,0.8603661060333252,0.14993982017040253
1778958609.8839338,-0.0058378601074218755,0.06122268676757869,0.9160949707031251,-0.06218079477548599,0.8154971599578857,0.15787959098815918
1778958609.90067,0.058977355957031255,-0.03652404785156271,0.9886940002441407,-0.07407473772764206,0.7896746397018433,0.14026276767253876
1778958609.9186347,-0.0484991455078125,-0.23605911254882805,1.169967041015625,-0.12077543884515762,0.75754314661026,0.10621298849582672
1778958609.935903,-0.024548950195312502,-0.16480728149414148,1.252445526123047,-0.12321241199970245,0.7254304885864258,0.12860989570617676
1778958609.951539,-0.10627899169921876,-0.11555969238281172,1.2461585998535156,-0.10490504652261734,0.6997353434562683,0.16277281939983368
1778958609.969408,-0.1478924560546875,-0.09011260986328118,1.197659454345703,-0.10959596931934357,0.6847984194755554,0.16381272673606873
1778958609.9894998,-0.13696517944335937,-0.14789245605468793,1.0773097229003907,-0.12272487580776215,0.6291292309761047,0.1486896127462387
1778958610.0065413,-0.06571334838867188,-0.30282028198242195,0.9846524047851563,-0.11522159725427628,0.5554242134094238,0.11952520906925201
1778958610.0255153,-0.08367599487304687,-0.2923420715332039,1.1298504638671876,-0.11557655036449432,0.5014492273330688,0.11087850481271744
1778958610.043315,-0.20207977294921875,-0.6197113037109379,1.1651770019531251,-0.2015422284603119,0.4379671514034271,0.04462068900465965
1778958610.0600038,-0.03188369750976563,-0.35476226806640554,1.1175759887695313,-0.19073939323425293,0.4462522566318512,0.024966027587652206
1778958610.076773,0.10283615112304688,-0.16405883789062514,1.0969189453125001,-0.07560725510120392,0.4291069805622101,0.07934139668941498
1778958610.3897958,0.10627899169921876,-0.08801696777343793,1.1720626831054688,-0.01580880582332611,0.4217909276485443,0.09136351943016052
1778958610.410184,0.3212319946289063,-0.07065307617187422,1.0635383605957032,0.0647437795996666,0.5228931903839111,-0.060538649559020996
1778958610.4368198,0.33829650878906253,-0.1851649475097652,1.0439291381835938,0.09700004011392593,0.5261871218681335,-0.0967773050069809
1778958610.45656,0.07229965209960938,-0.29488677978515554,1.0487191772460938,0.08868178725242615,0.5595369338989258,-0.125733882188797
1778958610.4772117,0.05134323120117188,-0.5135820007324217,0.9403445434570313,0.06552568078041077,0.5896807909011841,-0.1385888159275055
1778958610.497268,0.11241622924804688,0.03487747192382784,1.016536102294922,0.10180629789829254,0.606476366519928,-0.10233442485332489
1778958610.5165558,0.29877868652343753,0.19534378051757884,0.9859996032714844,0.10984672605991364,0.5453113913536072,-0.06998198479413986
1778958610.553785,0.04056564331054688,-0.23351440429687464,0.9960287475585938,0.05547310411930084,0.5221449732780457,-0.12232687324285507
1778958610.5720103,-0.30835876464843753,-0.00748443603515625,0.9957293701171875,0.058294039219617844,0.5165871977806091,-0.11352743953466415
1778958610.9022775,-0.23516098022460938,-0.11091934204101506,0.9922865295410157,0.047554224729537964,0.5307424664497375,-0.1433972716331482
1778958611.1560113,-1.8607804870605469,0.2625540161132811,0.8440946960449219,-0.06427828967571259,0.11783540993928909,-0.2004387378692627
1778958611.1753635,-1.8528469848632814,0.44277923583984347,0.7262896728515625,-0.057714059948921204,0.15412557125091553,-0.19374074041843414
1778958611.196043,-1.6148419189453125,0.28515701293945384,0.6351292419433594,-0.01948440819978714,0.14171291887760162,-0.20723459124565125
1778958611.2150185,-1.3997392272949218,-0.35057098388671903,0.8029302978515626,-0.02847892977297306,0.14406439661979675,-0.242055743932724
1778958611.2335181,-1.5355068969726564,-0.7990383911132817,1.0150392150878906,-0.07175494730472565,0.16838015615940094,-0.19932539761066437
1778958611.2539902,-1.5989749145507812,-0.9047186279296877,0.9354048156738282,-0.07879513502120972,0.2088669240474701,-0.11583489924669266
1778958611.2731237,-1.845063171386719,-0.5936654663085932,0.8678952026367188,-0.07032060623168945,0.2513939142227173,-0.06596701592206955
1778958611.2881906,-1.984273681640625,-0.4529580688476571,0.8643026733398438,-0.06411144882440567,0.25320112705230713,-0.05664382129907608
1778958611.3075652,-1.8362315368652344,-0.24983047485351584,0.8845106506347656,-0.04840247705578804,0.20870675146579742,-0.07037770003080368
1778958611.326271,-1.891915740966797,-0.24459136962890682,1.1527528381347656,-0.08339277654886246,0.2218230962753296,-0.11880039423704147
1778958611.3430495,-2.3870860290527345,-0.2067201232910154,1.3127700805664062,-0.1409645825624466,0.29178836941719055,-0.15096400678157806
1778958611.3626142,-2.708467712402344,-0.1306782531738282,1.0404862976074218,-0.1259613335132599,0.37380483746528625,-0.11177080869674683
1778958611.3824756,-2.391576690673828,0.011526031494140554,0.7643106079101563,-0.06757397204637527,0.35582566261291504,-0.04870203137397766
1778958612.5553296,-0.2273771667480469,-0.030087432861328978,0.3320095825195313,-0.049943532794713974,-0.3641802966594696,0.10146189481019974
1778958612.574632,-0.27198440551757813,-0.021405487060546236,0.3629951477050781,-0.032523516565561295,-0.38941165804862976,0.11628217250108719
1778958612.5962474,-0.6018983459472657,-0.2029779052734373,0.38664596557617187,-0.09624019265174866,-0.437114417552948,0.08378995954990387
1778958612.6160817,-0.47376480102539065,-0.14220428466796875,0.3131488037109375,-0.12747709453105927,-0.4645743668079376,0.0671706348657608
1778958612.6393545,-0.36254608154296875,-0.02469863891601598,0.33679962158203125,-0.10863365232944489,-0.5054380893707275,0.07546170055866241
1778958612.6582894,-0.5129832458496094,-0.05987548828125,0.27722351074218754,-0.08345743268728256,-0.5060778856277466,0.04845420643687248
1778958612.675498,-0.5569917297363282,0.021255798339844034,0.22064117431640626,-0.025920551270246506,-0.5049039721488953,0.036766424775123596
1778958612.6939096,-0.3914360046386719,-0.008382568359374787,0.22782623291015627,-0.01578737422823906,-0.53428053855896,0.004869883414357901
1778958612.7173684,-0.20013381958007814,-0.1088236999511718,0.3454815673828125,-0.0630238726735115,-0.5967630743980408,-0.05098464712500572
1778958612.7343824,-0.07798782348632813,-0.14489868164062436,0.437091064453125,-0.07480251044034958,-0.6408461332321167,-0.05418448522686958
1778958612.7556686,-0.09190887451171875,-0.2597099304199215,0.5944139099121094,-0.0598687045276165,-0.6486910581588745,-0.022130971774458885
1778958612.7738776,-0.2429447937011719,-0.3460803222656246,0.7785310363769532,-0.09966444224119186,-0.6231496930122375,-0.029294798150658607
1778958612.7966077,-0.31793884277343754,-0.09744735717773523,0.8286767578125,-0.13857455551624298,-0.6084141731262207,-0.055640384554862976
1778958612.8151498,-0.3104544067382813,-0.06406677246093828,0.6709048461914063,-0.14257502555847168,-0.6017699241638184,-0.08064056932926178
1778958612.8335948,-0.21091140747070314,-0.1673519897460931,0.5204676818847657,-0.10459620505571365,-0.6102657318115234,-0.10351329296827316
1778958612.852972,-0.09475296020507813,-0.3276686096191401,0.46598098754882816,-0.05076085776090622,-0.6126918792724609,-0.11052945256233215
1778958612.8729131,-0.10568023681640626,-0.3755690002441412,0.580642547607422,-0.038091450929641724,-0.6209043264389038,-0.11473196744918823
1778958612.8962598,-0.27153533935546875,-0.4108955383300774,0.8062234497070313,-0.030731968581676483,-0.6312494277954102,-0.12508945167064667
1778958612.9160876,-0.39817199707031253,-0.2778222656249998,0.8611592102050781,0.008461782708764076,-0.6013701558113098,-0.1651662439107895
1778958612.9350502,-0.21031265258789064,-0.07813751220703047,0.9530680847167969,0.0768638476729393,-0.5922712087631226,-0.15997032821178436
1778958612.9544094,0.0047900390625,-0.20103195190429624,0.9328601074218751,0.11238434165716171,-0.5993790626525879,-0.12336811423301697
1778958612.9707828,0.015567626953125,-0.3049159240722652,0.9753717041015626,0.11450479924678802,-0.6046568751335144,-0.1212603971362114
1778958612.9917881,0.011825408935546875,-0.27033782958984354,1.0014175415039064,0.12163199484348297,-0.6243571639060974,-0.12108011543750763
1778958613.0773244,-0.015867004394531252,-0.0393681335449223,1.0024653625488282,0.2974613308906555,-0.6673945784568787,-0.05768473073840141
1778958613.0944607,-0.13037887573242188,-0.21704864501953125,1.0412347412109375,0.2556455135345459,-0.7240826487541199,-0.08470091223716736
1778958613.11093,-0.1633103942871094,-0.17184265136718757,1.0350975036621095,0.23197250068187714,-0.7443385720252991,-0.10315269976854324
1778958613.1322083,-0.4052073669433594,-0.24369323730468828,1.0924282836914063,0.21466206014156342,-0.7691009640693665,-0.14878295361995697
1778958613.154119,-0.4140390014648438,-0.29862899780273366,1.1380833435058595,0.22716693580150604,-0.8086010217666626,-0.15323303639888763
1778958613.2113402,-0.2136058044433594,-0.47960266113281236,0.8942404174804688,0.2765711843967438,-0.8213081955909729,-0.12133624404668808
1778958613.3277674,0.008382568359375,-0.11391311645507862,1.0434800720214845,0.2049388438463211,-0.9335945844650269,-0.18723690509796143
1778958613.3792922,-0.475411376953125,0.20133132934570241,1.0912307739257814,0.02946595475077629,-1.0075520277023315,-0.3734709918498993
1778958613.4159434,-0.3309617614746094,0.2911445617675774,1.2293934631347656,0.10451482236385345,-1.099807620048523,-0.3535163998603821
1778958613.436784,-0.506546630859375,0.28485763549804766,1.712289276123047,0.03912818059325218,-1.2143512964248657,-0.3436017334461212
1778958613.457765,-0.678988037109375,0.6569837951660151,1.1967613220214843,0.04642936587333679,-1.2981035709381104,-0.25291216373443604
1778958613.476693,-0.9415420532226563,0.37751495361328047,-0.5499563598632813,0.11923476308584213,-1.0921646356582642,-0.14510983228683472
1778958613.4959636,-1.1569441223144532,0.36149826049804723,-0.980610809326172,0.11520970612764359,-0.9815515875816345,-0.11335127800703049
1778958613.5178833,-0.9249266052246095,0.408500518798828,-0.7378157043457032,0.11029598861932755,-1.1029013395309448,-0.09816472232341766
1778958613.538886,-1.0020162963867187,-0.37227584838867145,-0.13307327270507813,-0.02169845998287201,-1.2590477466583252,-0.20390187203884125
1778958613.558815,-0.9666897583007813,-0.43304946899414,0.26300308227539065,0.01283882837742567,-1.2141460180282593,-0.2803388833999634
1778958613.581127,-1.0065069580078125,-0.14983840942382898,0.1790277099609375,0.14280812442302704,-1.2547166347503662,-0.17591220140457153
1778958613.5988708,-1.2817845153808594,-0.010328521728515838,-0.051043853759765626,0.16268877685070038,-1.2552330493927002,-0.2321082353591919
1778958613.619525,-1.3437556457519533,0.03607498168945256,-0.5059478759765625,0.1869642585515976,-1.196903944015503,-0.3230716288089752
1778958613.6381557,-1.3298345947265626,-0.07140151977539055,-0.6673123168945313,0.24390490353107452,-1.1310104131698608,-0.3212830722332001
1778958613.6565979,-1.3665083312988282,-0.18396743774414048,-0.5596861267089844,0.24706102907657623,-1.1188420057296753,-0.27925732731819153
1778958613.6746993,-1.5614030456542969,-0.299227752685546,-0.14175521850585937,0.1901567429304123,-1.1132876873016357,-0.17599260807037354
1778958613.6969204,-1.4567706298828125,-0.17064514160156286,0.17977615356445314,0.15761084854602814,-1.1148505210876465,-0.1578149050474167
1778958613.7186928,-1.7420773315429687,-0.4378395080566406,0.21989273071289064,0.2145463228225708,-0.9679650664329529,-0.272238552570343
1778958613.7380502,-2.0576211547851564,-0.662073211669922,0.013921051025390626,0.24813897907733917,-0.8971565961837769,-0.25647276639938354
1778958613.7581682,-2.189796295166016,-0.6700067138671884,-0.010627899169921875,0.25843578577041626,-0.8700870871543884,-0.17217719554901123
1778958613.7815945,-2.0062779235839843,-0.46208908081054645,0.017812957763671877,0.22633445262908936,-0.8714814782142639,-0.16008241474628448
1778958613.7988966,-2.015259246826172,-0.16360977172851499,0.07604187011718751,0.19889259338378906,-0.8460694551467896,-0.24694906175136566
1778958613.8213282,-2.2438339233398437,-0.04939727783203196,0.06691085815429688,0.20911774039268494,-0.8465619683265686,-0.28117579221725464
1778958613.8417065,-2.270328826904297,-0.1686991882324218,0.034727783203125,0.21173688769340515,-0.8603558540344238,-0.232923224568367
1778958613.8623486,-2.1511766052246095,-0.3372486877441414,0.162861328125,0.19464367628097534,-0.8340086936950684,-0.23751525580883026
1778958613.8815544,-2.1083656311035157,-0.3772155761718743,0.3406915283203125,0.16185910999774933,-0.7844148874282837,-0.25166821479797363
1778958613.9010847,-2.1058209228515627,-0.3550616455078117,0.45101211547851566,0.15569645166397095,-0.731357753276825,-0.22598259150981903
1778958613.9196153,-2.158960418701172,-0.3643423461914068,0.43798919677734377,0.16544178128242493,-0.6892884373664856,-0.2211783230304718
1778958613.9390059,-2.232158203125,-0.35326538085937464,0.3384461975097656,0.15719345211982727,-0.6519359350204468,-0.21985961496829987
1778958613.9578772,-2.3640339660644534,-0.40505767822265604,0.2089654541015625,0.14037486910820007,-0.6120492219924927,-0.19351084530353546
1778958613.977814,-2.1727317810058593,-0.3526666259765623,0.16031661987304688,0.0943516194820404,-0.6251252889633179,-0.12303619086742401
1778958613.9987836,-2.0516336059570315,-0.2080673217773441,0.24204666137695313,0.09476316720247269,-0.6752728223800659,-0.09502676874399185
1778958614.0206916,-2.1043240356445314,0.05508544921874936,0.34862503051757815,0.15192581713199615,-0.6727047562599182,-0.11822258681058884
1778958614.0407028,-2.345622253417969,-0.3496728515625005,0.21465362548828126,0.06119384616613388,-0.7061283588409424,-0.18311858177185059
1778958614.0619814,-2.433040466308594,-0.3234773254394536,0.058977355957031255,0.04086337983608246,-0.6755765080451965,-0.17340315878391266
1778958615.117868,0.0461041259765625,-0.3062631225585939,-0.6511459350585938,-0.028199374675750732,-0.13758732378482819,0.2029333859682083
1778958615.1725419,-0.19893630981445312,-0.12079879760742251,-0.43080413818359375,-0.017306823283433914,-0.09553783386945724,0.15607014298439026
1778958615.2195191,-0.016016693115234376,-0.06631210327148374,-0.20612136840820314,-0.08449843525886536,-0.14247937500476837,0.11429788917303085
1778958615.2696757,0.20073257446289064,0.11106903076171903,0.006586303710937501,-0.07704121619462967,-0.15711148083209991,0.07280812412500381
1778958615.3056304,0.37167709350585937,0.4149371337890617,-0.033679962158203125,-0.0830538347363472,-0.24708159267902374,0.04678558185696602
1778958615.3235986,0.3465293884277344,0.21061203002929751,-0.047451324462890625,-0.08481918275356293,-0.24463048577308655,0.050432588905096054
1778958615.3396592,0.24863296508789065,0.030686187744141336,-0.02544708251953125,-0.08552227914333344,-0.2919256389141083,0.0743253231048584
1778958615.357906,0.4174818420410156,-0.1770817565917966,-0.07259902954101563,-0.07211244851350784,-0.30630919337272644,0.10453242808580399
1778958615.375567,0.28231292724609375,-0.3481759643554696,-0.0034428405761718754,-0.08525987714529037,-0.3058297038078308,0.1084638312458992
1778958615.3924437,0.1471440124511719,-0.3480262756347656,0.18636245727539064,-0.11379235237836838,-0.3490375578403473,0.11946595460176468
1778958615.4089816,0.30865814208984377,-0.304766235351563,0.21689895629882813,-0.08078166097402573,-0.39548319578170776,0.10323892533779144
1778958615.4253554,0.2721340942382813,-0.3525169372558601,0.21106109619140626,-0.06377018243074417,-0.38080066442489624,0.07775407284498215
1778958615.4439778,0.04939727783203125,-0.3589535522460938,0.2567161560058594,-0.06489427387714386,-0.36121320724487305,0.0371747650206089
1778958615.461827,0.03502716064453125,-0.20028350830078168,0.1734892272949219,-0.04554111883044243,-0.36962246894836426,0.03325410187244415
1778958615.4783103,-0.04700225830078125,-0.1184037780761713,0.20746856689453125,-0.034256961196660995,-0.3739113211631775,0.021700460463762283
1778958615.4964066,-0.06780899047851563,-0.07259902954101527,0.2842588806152344,-0.031519435346126556,-0.399013876914978,0.010340791195631027
1778958615.5148368,0.1293310546875,0.00029937744140617895,0.3237767028808594,0.002858242951333523,-0.44286423921585083,0.010617376305162907
1778958615.534043,-0.08277786254882813,-0.1577719116210936,0.47136978149414066,-0.005075211636722088,-0.4534900188446045,-0.016769470646977425
1778958615.5524523,-0.062120819091796876,-0.21465362548828182,0.599802703857422,-0.013209160417318344,-0.4839160740375519,-0.03388037160038948
1778958615.569949,-0.008831634521484376,-0.1975891113281243,0.5525010681152344,0.003617776557803154,-0.5128436088562012,-0.020967714488506317
1778958615.5897546,0.012873229980468751,-0.4358935546874996,0.44188110351562504,-0.05165555700659752,-0.566694974899292,-0.08674966543912888
1778958615.6094096,-0.1011895751953125,-0.3061134338378899,0.45984375,-0.029890645295381546,-0.5484784245491028,-0.1552737057209015
1778958615.6262462,-0.09265731811523438,-0.005538482666015199,0.4728666687011719,0.060690589249134064,-0.6138685345649719,-0.13516132533550262
1778958615.6456354,-0.09415420532226564,0.008232879638672586,0.610580291748047,0.09821079671382904,-0.6424874067306519,-0.10416612029075623
1778958615.6643531,-0.19639160156250002,-0.12648696899413991,0.6644682312011719,0.10538297891616821,-0.6372429132461548,-0.10565889626741409
1778958615.6828334,0.02664459228515625,-0.18172210693359325,0.7958949279785157,0.035155344754457474,-0.6828941702842712,-0.11868374049663544
1778958615.7018745,0.31793884277343754,-0.17977615356445398,0.8424481201171875,-0.012836952693760395,-0.7052033543586731,-0.12699665129184723
1778958615.7214365,-0.04954696655273438,-0.16106506347656335,1.0005194091796876,-0.055382322520017624,-0.6875020265579224,-0.12263305485248566
1778958615.7393384,-0.08098159790039063,0.015717315673828836,1.0996133422851564,-0.04069538041949272,-0.7101592421531677,-0.09615641087293625
1778958616.790295,-1.586550750732422,-0.1468446350097654,0.6932084655761719,0.004181208088994026,0.1732601374387741,0.11586596816778183
1778958616.8123522,-1.6810043334960938,-0.21330642700195312,0.6688092041015625,-0.0007707788608968258,0.20006220042705536,0.09275448322296143
1778958616.8329961,-1.5515235900878908,-0.1865121459960939,0.7051835632324219,-0.020809855312108994,0.19876962900161743,0.07176188379526138
1778958616.8509836,-1.3946498107910157,-0.2125579833984368,0.6683601379394531,-0.004346766509115696,0.2061467170715332,0.05003582313656807
1778958616.8675973,-1.3942007446289064,-0.3037184143066405,0.7226971435546875,0.025253083556890488,0.21658216416835785,0.06228026747703552
1778958617.2586863,-1.3452525329589844,-0.32976425170898516,0.74964111328125,0.03742324933409691,0.2146892100572586,0.08522545546293259
1778958617.3683362,-0.24384292602539065,0.06750961303711023,-0.11690689086914063,0.05089825764298439,0.4119335412979126,0.08048723638057709
1778958618.7856688,-0.85502197265625,-0.3104544067382804,0.32647109985351563,-0.049274444580078125,0.035140831023454666,-0.11191876977682114
1778958619.5036757,-1.567390594482422,-0.16016693115234304,0.7295828247070313,-0.06764624267816544,0.6924816966056824,0.019327005371451378
1778958619.5249176,-1.646575927734375,-0.18681152343750007,1.0726693725585938,-0.08139605820178986,0.8268070220947266,0.1320505291223526
1778958619.5421233,-1.6205300903320314,-0.47541137695312585,0.9621990966796875,-0.17904052138328552,0.7906173467636108,0.14855125546455383
1778958619.5575829,-1.633553009033203,-0.582738189697265,0.820294189453125,-0.15839144587516785,0.8292499780654907,0.15524351596832275
1778958619.5744152,-1.5328125000000001,-0.2902464294433589,0.9815089416503907,-0.11842380464076996,0.8637421727180481,0.19356688857078552
1778958619.595999,-1.420096893310547,-0.02275268554687493,1.034498748779297,-0.0897013247013092,0.8778772354125977,0.1859799325466156
1778958619.6157212,-1.5617024230957033,0.016016693115235014,1.0487191772460938,-0.09132905304431915,0.9012318253517151,0.13269035518169403
1778958619.6351984,-1.4468911743164063,-0.09849517822265597,0.9303153991699219,-0.08757425844669342,0.8976213932037354,0.16860680282115936
1778958619.684773,-1.1347901916503906,-0.30790969848632876,1.3287867736816408,-0.11996688693761826,0.9614353775978088,0.23644724488258362
1778958619.710731,-1.2778926086425781,-0.1631607055664066,1.370849304199219,-0.13330595195293427,0.9826891422271729,0.2351168841123581
1778958619.731746,-1.5370037841796875,0.23531066894531172,0.4291575622558594,-0.08237913995981216,1.0709818601608276,0.21993008255958557
1778958619.7559214,-1.3657598876953125,0.6116281127929692,-0.2698887634277344,0.019373316317796707,1.0747337341308594,0.2408582717180252
1778958619.7739358,-1.1493099975585939,0.5921685791015623,-0.6786886596679688,0.1154712587594986,1.0196852684020996,0.26357752084732056
1778958619.794028,-0.8723858642578125,0.20776794433593793,-0.17483642578125,0.12930309772491455,0.8909419178962708,0.23259298503398895
1778958619.8149796,-0.871787109375,-0.4622387695312504,0.30790969848632815,0.11850077658891678,0.8416121602058411,0.18755614757537842
1778958619.8346422,-0.9253756713867188,-0.9102571105957029,0.552052001953125,0.10064015537500381,0.8689019680023193,0.20457731187343597
1778958619.8557937,-0.9830058288574219,-0.8107141113281244,0.4836442565917969,0.10043453425168991,0.9529879689216614,0.23383311927318573
1778958619.902773,-1.197659454345703,0.2653981018066407,0.1215472412109375,0.03050094284117222,1.0040937662124634,0.2421174943447113
1778958619.9229288,-1.0291099548339844,0.28800109863281165,-0.018711090087890625,0.030566371977329254,1.003613829612732,0.22530260682106018
1778958619.9415846,-0.8436456298828126,0.20776794433593793,-0.16795074462890625,0.049862854182720184,0.9758532047271729,0.22461941838264465
1778958619.9625013,-0.7954458618164063,0.06242019653320341,-0.26075775146484376,0.08407264202833176,0.9661440849304199,0.22507718205451965
1778958619.983181,-0.8969348144531251,-0.039218444824218324,-0.11541000366210938,0.05974547564983368,0.9744471907615662,0.17933624982833862
1778958620.0035052,-0.6444099426269532,-0.008681945800780966,0.13711486816406251,0.05075826123356819,0.9672545194625854,0.16936853528022766
1778958620.0247478,-0.4712200927734375,-0.03218307495117223,0.24414230346679688,0.010125840082764626,0.9505720734596252,0.17961585521697998
1778958620.0497873,-0.4525090026855469,-0.33650024414062507,-0.020207977294921877,-0.06338676810264587,0.9471681714057922,0.16419510543346405
1778958620.069748,-0.19354751586914062,-0.0067359924316399145,-0.28949798583984376,0.07173269987106323,1.0276925563812256,0.24268510937690735
1778958620.121075,-0.010627899169921875,-0.21375549316406328,-0.3113525390625,0.026224248111248016,0.9701068997383118,0.18916505575180054
1778958620.1387033,0.0161663818359375,-0.39128631591796825,-0.3565585327148438,0.02593717724084854,0.9557544589042664,0.16594934463500977
1778958620.1595845,-0.034727783203125,-0.46882507324218814,-0.2389031982421875,0.04112204909324646,0.9542275667190552,0.20714297890663147
1778958620.1814873,-0.0628692626953125,-0.3725752258300776,-0.17408798217773438,0.05638932064175606,0.9844222068786621,0.2196008712053299
1778958620.2038705,-0.13726455688476563,-0.1267863464355461,-0.11765533447265626,0.01985250413417816,0.96485835313797,0.1667061746120453
1778958620.22466,-0.17812957763671877,0.10403366088867116,-0.2763253784179688,0.012176954187452793,0.9318346977233887,0.1302867978811264
1778958620.244003,-0.28874954223632815,0.08322692871093729,-0.36209701538085937,0.04465509578585625,0.9108679294586182,0.13047946989536285
1778958620.2679732,-0.030835876464843752,-0.03966751098632848,-0.020207977294921877,0.03022206574678421,0.8552872538566589,0.13130658864974976
1778958620.2894669,-0.03113525390625,-0.12304412841796797,0.14175521850585937,0.0020190998911857605,0.8452755212783813,0.06391751021146774
1778958620.3132434,-0.11735595703125,-0.08637039184570305,0.23680755615234375,-0.0038040895015001297,0.810575008392334,0.03913331404328346
1778958620.33341,-0.09714797973632813,-0.058079223632812926,0.19429595947265627,-0.0014667189680039883,0.7805530428886414,0.055965907871723175
1778958620.3546762,-0.06256988525390625,-0.04281097412109425,0.2827619934082031,-0.010847937315702438,0.762119710445404,0.05725839361548424
1778958620.375285,-0.05748046875,-0.023950195312499645,0.37362304687500003,-0.04307962954044342,0.7236863970756531,0.03167247772216797
1778958620.3961759,-0.004041595458984375,-0.01736389160156193,0.38589752197265625,-0.03867606073617935,0.6981985569000244,-0.00439279293641448
1778958620.4156477,0.29847930908203124,-0.036673736572264914,0.1395098876953125,-0.01489845011383295,0.629928708076477,-0.008391491137444973
1778958620.436495,0.3415896606445313,-0.04819976806640547,-0.037721557617187505,-0.002778670284897089,0.5926598906517029,0.004809798207134008
1778958620.4563456,0.36164794921875004,-0.010328521728515838,-0.03562591552734375,-0.009951895102858543,0.5662775635719299,0.010988065972924232
1778958620.4750013,0.35206787109375004,-0.1836680603027343,0.08637039184570312,-0.039708346128463745,0.5186079740524292,-0.02573123574256897
1778958620.4943984,0.5081932067871094,-0.12229568481445341,0.07424560546875,-0.0007044896483421326,0.5312833189964294,-0.030422721058130264
1778958620.5147235,0.3335064697265625,-0.35970199584961016,0.24533981323242188,-0.1013246476650238,0.46589207649230957,0.0009581251069903374
1778958620.5320628,0.2682421875,-0.39921981811523466,0.15537689208984376,-0.11324788630008698,0.4879949688911438,-0.014186207205057144
1778958620.54997,0.2881507873535156,0.05328918457031229,0.19040405273437502,-0.03847363591194153,0.5480130314826965,0.009829476475715637
1778958620.5695405,0.3147953796386719,0.29713211059570277,0.2585124206542969,0.02052827924489975,0.5239376425743103,0.0536445714533329
1778958620.5880687,0.26689498901367187,0.00972976684570348,0.35326538085937503,-0.020902711898088455,0.5053207874298096,-0.006250337231904268
1778958620.6065733,0.14594650268554688,-0.17857864379882749,0.2221380615234375,-0.07428218424320221,0.5130535960197449,-0.03546437621116638
1778958620.624689,0.16555572509765626,-0.12020004272461016,0.23965164184570314,-0.08852876722812653,0.49075788259506226,-0.015367100015282631
1778958620.6427448,0.19504440307617188,-0.10463241577148352,0.27617568969726564,-0.07690677046775818,0.49039342999458313,-0.010003483854234219
1778958620.6602974,0.18651214599609375,-0.11526031494140554,0.439486083984375,-0.057677458971738815,0.48519012331962585,-0.038476862013339996
1778958620.681502,0.3975732421875,-0.1318757629394529,0.5893244934082031,-0.043760888278484344,0.45147955417633057,-0.0875760167837143
1778958620.701466,0.3276686096191406,-0.27692413330078125,0.5650749206542969,-0.06811477243900299,0.406084269285202,-0.10512083768844604
1778958620.7219954,0.47496231079101564,-0.17797988891601513,0.3800596618652344,-0.05123108625411987,0.3434096872806549,-0.09417425841093063
1778958620.740629,0.5411247253417969,-0.1576222229003914,0.28216323852539066,-0.052151065319776535,0.3149126470088959,-0.09306169301271439
1778958620.7601428,0.5264552307128907,-0.12079879760742251,0.42302032470703127,-0.06709851324558258,0.25532054901123047,-0.08285641670227051
1778958620.7818449,0.6902146911621094,-0.19040405273437422,0.477806396484375,-0.08562532067298889,0.20051909983158112,-0.09922193735837936
1778958620.8015234,0.6056405639648438,-0.2490820312499995,0.5087919616699219,-0.1099013239145279,0.1755552738904953,-0.12326949089765549
1778958620.8185866,0.6701564025878907,-0.12005035400390618,0.4962181091308594,-0.11551173776388168,0.11143448948860168,-0.11516345292329788
1778958620.8375857,0.7673043823242188,-0.12154724121093707,0.324525146484375,-0.1156240850687027,0.08907419443130493,-0.11569955199956894
1778958620.8584633,0.7204518127441406,-0.13965957641601534,0.37661682128906254,-0.13436631858348846,0.023118874058127403,-0.11653945595026016
1778958620.8824377,0.4818479919433594,0.035925292968750355,0.5873785400390625,-0.1733686923980713,-0.010134153068065643,-0.12874342501163483
1778958620.906068,0.19175125122070313,0.25207580566406307,0.4700225830078125,-0.19105133414268494,-0.017808720469474792,-0.10295514762401581
1778958620.9253829,0.07918533325195314,0.3849993896484367,0.3357518005371094,-0.1601901352405548,-0.025899402797222137,-0.06422512233257294
1778958620.944221,0.011825408935546875,0.2902464294433589,0.32826736450195315,-0.15617766976356506,-0.015776054933667183,-0.08766558021306992
1778958620.965308,-0.03502716064453125,0.22887405395507798,0.286204833984375,-0.16118007898330688,-0.03800386190414429,-0.11673266440629959
1778958620.9831176,-0.13995895385742188,0.32886611938476484,0.026345214843750003,-0.05067825689911842,-0.007472441531717777,-0.06814444810152054
1778958621.0010018,-0.2537223815917969,0.23441253662109318,0.013322296142578125,-0.09240523725748062,-0.06057775393128395,-0.04326631501317024
1778958621.0212932,-0.5968089294433594,-0.17902770996093764,-0.24983047485351564,-0.16912510991096497,-0.09545997530221939,-0.06303340196609497
1778958621.0458431,-0.6971003723144532,-0.21600082397460874,-0.23366409301757815,-0.13393248617649078,-0.037187609821558,-0.09320084005594254
1778958621.066525,-0.5662724304199219,-0.08247848510742273,0.27542724609375,-0.05649209022521973,-0.04620587080717087,-0.10162972658872604
1778958621.088335,-0.6032455444335938,-0.2610571289062502,0.2704875183105469,-0.019759224727749825,-0.052752986550331116,-0.15441042184829712
1778958621.108895,-0.6268963623046875,-0.359103240966796,0.14744338989257813,-0.00793025828897953,-0.07154465466737747,-0.20133738219738007
1778958621.131083,-0.7333250427246094,-0.3303630065917975,0.14879058837890627,-0.0021770643070340157,-0.07753197103738785,-0.20665590465068817
1778958621.1519787,-0.7957452392578125,-0.01272354125976527,0.2912942504882813,-0.029867174103856087,-0.04325149580836296,-0.2011677622795105
1778958621.1726043,-0.7529342651367188,0.20222946166992273,0.3351530456542969,-0.02426726743578911,-0.017066897824406624,-0.218986377120018
1778958621.1933837,-0.6697073364257813,0.13831237792968665,0.32138168334960937,-0.01890217885375023,-0.008791657164692879,-0.21829241514205933
1778958621.2126331,-0.7298822021484376,-0.15537689208984418,0.3050656127929688,-0.02155107446014881,0.035462088882923126,-0.19482840597629547
1778958621.240563,-0.9466314697265625,-0.2668949890136716,0.3788621520996094,-0.02995413728058338,0.09044597297906876,-0.1796754002571106
1778958621.2595344,-1.021326141357422,-0.14624588012695305,0.38694534301757816,-0.03993259370326996,0.12926022708415985,-0.15015576779842377
1778958621.276585,-0.9795629882812501,-0.03457809448242166,0.28096572875976566,-0.008965904824435711,0.15559183061122894,-0.11122486740350723
1778958621.2984831,-1.0939251708984377,-0.06765930175781243,0.23740631103515628,0.016735002398490906,0.17100539803504944,-0.09337905049324036
1778958621.3177931,-1.362616424560547,-0.27003845214843736,0.15058685302734376,0.025386199355125427,0.18214793503284454,-0.09320572018623352
1778958621.3365598,-1.6468753051757814,-0.5849835205078122,0.2165995788574219,0.019239699468016624,0.23255865275859833,-0.09228669106960297
1778958621.3562658,-1.895508270263672,-0.6539900207519533,0.5363346862792969,0.004691723734140396,0.2715824544429779,-0.07392048835754395
1778958621.3756135,-1.7652790832519532,-0.5516029357910153,0.7045848083496095,-0.01910114288330078,0.2965036928653717,-0.0813077762722969
1778958621.4041047,-1.7139358520507812,-0.16136444091796953,0.6060896301269532,-0.07977521419525146,0.3622419536113739,-0.13255150616168976
1778958621.4253492,-1.9467018127441407,0.35700759887695277,0.6221063232421875,-0.11138191819190979,0.40219762921333313,-0.16274595260620117
1778958621.4473724,-1.9892134094238283,0.6435118103027335,0.44996429443359376,-0.11322209239006042,0.4609813094139099,-0.18576021492481232
1778958621.4667768,-1.851200408935547,0.4508624267578121,0.386795654296875,-0.14473122358322144,0.48520955443382263,-0.20897990465164185
1778958621.4840417,-1.5813116455078127,0.2767744445800773,0.5794450378417969,-0.051647163927555084,0.601773202419281,-0.178298681974411
1778958621.5021014,-1.618883514404297,-0.2573149108886721,0.920885009765625,-0.17411541938781738,0.573461651802063,-0.13368119299411774
1778958621.5197768,-1.5970289611816406,-0.6867718505859379,0.45116180419921875,-0.17589722573757172,0.6960182785987854,-0.10176083445549011
1778958621.5404618,-1.53999755859375,-0.46508285522461,0.6062393188476562,-0.14533384144306183,0.7357163429260254,0.001161977183073759
1778958621.563245,-1.5923886108398437,-0.48618896484375007,0.8237370300292969,-0.10089128464460373,0.7642425298690796,0.07628890126943588
1778958621.5816293,-1.5371534729003906,-0.45116180419921825,0.956660614013672,-0.10597169399261475,0.7672008872032166,0.07438524067401886
1778958621.602483,-1.6928297424316407,-0.4439767456054682,0.8321195983886719,-0.17247305810451508,0.7655447721481323,0.021533779799938202
1778958621.6221578,-1.927841033935547,-0.2817141723632819,0.6141728210449219,-0.20434576272964478,0.7735989689826965,0.00012188451364636421
1778958621.640929,-1.991458740234375,-0.09355545043945312,0.48993118286132814,-0.17345066368579865,0.7913135290145874,0.015004833228886127
1778958621.6604118,-1.8753002929687501,-0.10448272705078132,0.5339396667480469,-0.11503207683563232,0.7862979769706726,0.010227574966847897
1778958621.681512,-1.5575111389160157,-0.21315673828124915,0.65384033203125,-0.09017881006002426,0.7745198011398315,0.012569795362651348
1778958621.7000437,-1.5799644470214844,-0.36000137329101634,0.8367599487304688,-0.1289990097284317,0.7847444415092468,0.003230721689760685
1778958621.7190557,-1.6136444091796875,-0.20746856689453175,0.9485774230957031,-0.15199270844459534,0.7893723845481873,0.02311680279672146
1778958621.737938,-1.5275733947753907,-0.15941848754882848,0.9428892517089844,-0.1512720286846161,0.7929246425628662,0.03729093074798584
1778958621.7580075,-1.2636721801757813,-0.2721340942382806,0.8190966796875,-0.12631870806217194,0.8081497550010681,0.06845269352197647
1778958621.776711,-1.2021501159667969,-0.29054580688476506,0.8512797546386719,-0.12857979536056519,0.8070432543754578,0.0719759538769722
1778958621.801433,-1.2969030761718752,-0.34368530273437514,0.9193881225585938,-0.15003515779972076,0.8302774429321289,0.07168011367321014
1778958621.8220298,-1.3024415588378906,-0.2719844055175784,0.9988728332519532,-0.15880317986011505,0.8710482120513916,0.09710206836462021
1778958621.8420124,-1.0954220581054688,-0.2724334716796868,1.0277627563476563,-0.14527849853038788,0.8880012035369873,0.12274263054132462
1778958621.8601727,-0.948427734375,-0.3308120727539059,0.9985734558105469,-0.13883721828460693,0.9195275902748108,0.12982314825057983
1778958621.8792114,-1.1249107360839845,-0.36134857177734325,0.9936337280273438,-0.14208728075027466,0.9969198107719421,0.11778835952281952
1778958621.957597,-0.89813232421875,-0.3959266662597649,1.0521620178222657,-0.13706809282302856,1.1497329473495483,0.17428989708423615
1778958623.1034951,0.5504054260253907,-0.07125183105468835,0.5625302124023438,0.03454749286174774,0.5669392943382263,-0.11167514324188232
1778958623.1231954,0.23561004638671876,0.13561798095703104,0.6373745727539063,0.002591753378510475,0.5148855447769165,-0.08452776819467545
1778958623.1417096,0.24893234252929688,0.06915618896484332,0.30716125488281254,-0.047592565417289734,0.5102100968360901,-0.09670386463403702
1778958623.1601791,0.40386016845703127,0.09160949707031207,0.22887405395507815,-0.07925990968942642,0.4248601794242859,-0.0710642859339714
1778958623.1799517,0.437091064453125,0.07020401000976584,0.23665786743164063,-0.06245998665690422,0.3636162579059601,-0.01573803834617138
1778958623.1984937,0.30835876464843753,-0.020806732177733878,0.41628433227539063,-0.07279589772224426,0.3637324869632721,-0.05571550130844116
1778958623.2174273,0.2185455322265625,0.0026943969726556105,0.4327500915527344,-0.07954461872577667,0.3663482666015625,-0.0940980464220047
1778958623.2356873,0.00389190673828125,0.48094985961914105,0.5795947265625,-0.14031776785850525,0.286958783864975,-0.11270564794540405
1778958623.2551699,0.024399261474609375,0.9053173828125001,-0.23231689453125,-0.07631336897611618,0.24715489149093628,-0.08802337944507599
1778958623.2756212,0.13172607421875002,1.1913725280761724,-0.901575164794922,0.08899258822202682,0.29816389083862305,-0.06928586214780807
1778958623.3026412,-0.41044647216796876,1.0418334960937496,-0.48409332275390626,0.06899550557136536,0.28486940264701843,-0.09412213414907455
1778958623.3241289,-0.38514907836914064,0.566871185302734,-0.1826202392578125,0.005900873802602291,0.30445772409439087,-0.10980125516653061
1778958623.3447952,-0.5206173706054688,-0.0022453308105472303,0.27647506713867187,-0.06463249027729034,0.3514368236064911,-0.13134196400642395
1778958623.3653111,-0.08367599487304687,-0.41957748413086016,0.4544549560546875,-0.08038251101970673,0.3636455833911896,-0.12055965512990952
1778958623.3857841,0.34518218994140626,-0.9059161376953124,0.3299139404296875,-0.045750394463539124,0.35126158595085144,-0.07998489588499069
1778958623.4056933,0.17932708740234377,-1.3043875122070308,0.10987152099609375,-0.008412161841988564,0.3672678768634796,-0.04183755815029144
1778958623.4247842,0.030087432861328128,-0.979263610839844,0.001047821044921875,-0.011988097801804543,0.2949187159538269,0.0480387844145298
1778958623.4448745,-0.20193008422851563,-0.35595977783203203,-0.23456222534179688,-0.0435648187994957,0.23332417011260986,0.051473744213581085
1778958623.4667068,-0.6554869079589845,0.14759307861328175,-0.46717849731445316,-0.08083213120698929,0.270037978887558,-0.06639393419027328
1778958623.4867175,-1.2283456420898438,0.5566923522949221,-0.47556106567382816,-0.13616308569908142,0.299140989780426,-0.08369149267673492
1778958623.5091922,-0.9821076965332032,0.45655059814453125,-0.6366261291503906,-0.12508343160152435,0.31093162298202515,-0.07666457444429398
1778958623.53005,-0.38395156860351565,0.11376342773437464,-0.7500901794433594,-0.08205967396497726,0.3351975381374359,-0.066520556807518
1778958623.5541074,-0.15582595825195314,0.01227447509765689,-0.43230102539062504,-0.07339761406183243,0.3317752480506897,-0.02915443293750286
1778958623.5736437,-0.5174739074707031,-0.5617817687988289,-0.30566436767578126,-0.24827492237091064,0.28116998076438904,-0.06397205591201782
1778958623.592897,-0.7800279235839844,-0.6358776855468751,-0.5390290832519532,-0.2639143764972687,0.3678590655326843,-0.0879521444439888
1778958623.611577,-0.6093827819824219,-0.3085084533691411,-0.6547384643554688,-0.17904286086559296,0.420665442943573,-0.0384550467133522
1778958623.6315982,-0.4746629333496094,-0.16256195068359425,-0.4436773681640625,-0.13649792969226837,0.4467022120952606,-0.015762675553560257
1778958623.6520803,-0.5872288513183594,-0.2832110595703128,-0.35715728759765625,-0.16626207530498505,0.4904394745826721,-0.006513222120702267
1778958623.672345,-0.729283447265625,-0.2857557678222662,-0.3261717224121094,-0.22626376152038574,0.5088642835617065,-0.02680167369544506
1778958623.6930447,-0.9460327148437501,-0.10493179321289148,-0.3251239013671875,-0.26786333322525024,0.5823026895523071,-0.08234012871980667
1778958623.713762,-0.9002279663085938,0.23755599975585895,-0.3619473266601563,-0.2861626148223877,0.6068747639656067,-0.07619643211364746
1778958623.7334945,-0.9440867614746095,0.20312759399414126,-0.4014651489257813,-0.25733858346939087,0.6791503429412842,-0.07253815978765488
1778958623.7552078,-0.8747808837890625,0.20477416992187436,-0.3308120727539063,-0.21819806098937988,0.7296356558799744,-0.028152255341410637
1778958623.7738101,-0.8762777709960938,0.10433303833007734,-0.41703277587890625,-0.2059168964624405,0.7404590249061584,-0.010183108039200306
1778958623.7962527,-0.8812174987792969,0.022902374267578907,-0.42646316528320316,-0.18126645684242249,0.7855687141418457,0.02253909222781658
1778958623.817148,-1.0255174255371093,-0.19429595947265632,-0.2748284912109375,-0.17536140978336334,0.8124213814735413,0.0188769344240427
1778958623.8378193,-0.9982740783691407,-0.36134857177734325,-0.14340179443359377,-0.13138200342655182,0.7931816577911377,0.06704267859458923
1778958623.858395,-0.8345146179199219,-0.6012995910644534,-0.11720626831054688,-0.07317061722278595,0.8072645664215088,0.14921437203884125
1778958623.8808668,-1.0229727172851564,-0.6882687377929688,-0.032183074951171876,-0.06031977757811546,0.8582590222358704,0.1491900384426117
1778958623.9014776,-1.1569441223144532,-0.5020559692382811,0.09744735717773438,-0.07908723503351212,0.8610329627990723,0.11556349694728851
1778958623.9217417,-1.3313314819335937,-0.214953002929688,0.13442047119140627,-0.06290702521800995,0.8477950692176819,0.044817108660936356
1778958623.941413,-1.1021580505371094,0.11555969238281172,0.3945794677734375,-0.0518188513815403,0.8353762626647949,0.00635878648608923
1778958623.9640067,-0.9515711975097657,0.04445755004882734,0.5221142578125,-0.056725841015577316,0.8709002733230591,-0.03215683996677399
1778958623.9835901,-0.8387059020996094,0.0734971618652338,0.833466796875,-0.12440383434295654,0.8937246203422546,-0.01796850562095642
1778958624.0346277,-0.5264552307128907,-0.05673202514648423,0.6376739501953125,-0.11451392620801926,0.9767118096351624,0.022720981389284134
1778958624.053866,-0.3658392333984375,-0.03502716064453182,0.6890171813964844,-0.03994953632354736,1.0622549057006836,0.038745760917663574
1778958624.0733693,-0.5231620788574219,-0.35461257934570334,0.8448431396484375,-0.13389332592487335,1.0553609132766724,0.08537586778402328
1778958624.0937495,-0.6390211486816406,-0.4574487304687498,0.662222900390625,-0.15871229767799377,1.1168700456619263,0.12786144018173218
1778958624.1150157,-0.6524931335449219,-0.08996292114257898,0.6066883850097656,-0.10673066228628159,1.1489543914794922,0.21066568791866302
1778958624.1373081,-0.7670050048828125,0.09220825195312443,0.710123291015625,-0.023263517767190933,1.168715000152588,0.2521241307258606
1778958624.1578293,-0.9779164123535157,-0.0763412475585934,0.8363108825683594,0.016120359301567078,1.1893250942230225,0.25205641984939575
1778958624.1792314,-1.05620361328125,-0.2636018371582036,0.7277865600585938,0.02225298061966896,1.206035852432251,0.23543617129325867
1778958624.1985414,-1.21427490234375,-0.35476226806640554,0.7873626708984376,-0.002316367346793413,1.1992053985595703,0.21910136938095093
1778958624.2486413,-1.2370275878906252,-0.3526666259765623,0.8596623229980469,-0.023669801652431488,1.1775585412979126,0.17058594524860382
1778958624.2702744,-0.9358538818359375,-0.4206253051757809,0.8399034118652344,0.023876547813415527,1.188401222229004,0.11170781403779984
1778958624.2903593,-0.7939489746093751,-0.40760238647460945,0.9690847778320313,-0.030545540153980255,1.1969126462936401,0.11688563972711563
1778958624.3104298,-0.7997868347167969,0.07858657836914062,1.1505075073242188,-0.06361649185419083,1.2027145624160767,0.12464646250009537
1778958624.3319871,-0.7792794799804688,0.07499404907226648,1.1259585571289064,-0.05106730759143829,1.3038784265518188,0.16487453877925873
1778958624.354757,-0.8541238403320313,0.029189300537108664,1.0746153259277345,-0.018990911543369293,1.4036914110183716,0.2236410230398178
1778958624.3741143,-0.6315367126464844,0.5074447631835941,0.6604266357421875,0.02036847360432148,1.4010711908340454,0.2306380420923233
1778958624.3950198,-0.3195854187011719,0.43349853515625014,-1.2624746704101564,0.08464949578046799,1.4330053329467773,0.18890178203582764
1778958624.4147146,-0.5492079162597656,0.7250921630859377,-1.6581019592285158,0.19511796534061432,1.346987009048462,0.25430041551589966
1778958624.4372864,-0.9735754394531251,0.656684417724609,-0.21869522094726562,0.12882813811302185,1.1230295896530151,0.16884924471378326
1778958624.457658,-0.7271878051757813,0.20387603759765582,0.3100053405761719,0.19460587203502655,1.1188591718673706,0.044329747557640076
1778958624.4753885,-0.7444020080566407,-0.3665876770019523,0.48454238891601564,0.20125699043273926,1.2443283796310425,-0.02635287307202816
1778958624.4967105,-0.2644999694824219,-0.06840774536132876,0.1986369323730469,0.15384411811828613,1.2667019367218018,0.026349591091275215
1778958624.516202,0.2844085693359375,0.3643423461914068,-0.17408798217773438,0.12168800085783005,1.213148832321167,0.15086592733860016
1778958624.538878,0.15627502441406252,0.5496569824218742,-0.19923568725585938,0.07237742096185684,1.1516884565353394,0.1783861666917801
1778958624.5599928,-0.028291168212890627,0.6417155456542964,0.08038284301757813,0.0029712673276662827,1.106093406677246,0.17230047285556793
1778958624.5822031,-0.006436614990234376,-0.008083190917968608,-0.1874102783203125,0.0018024928867816925,1.0931015014648438,0.19146421551704407
1778958624.6031625,-0.02365081787109375,-0.3144960021972665,-0.2501298522949219,0.037298157811164856,1.1646019220352173,0.21859726309776306
1778958624.6226778,0.007035369873046876,-0.5032534790039058,-0.18426681518554688,-0.019181210547685623,1.1268714666366577,0.24166476726531982
1778958624.6421304,0.178428955078125,-0.4095483398437505,-0.15582595825195314,-0.0002672681584954262,1.1228764057159424,0.2511070668697357
1778958624.659151,0.39398071289062503,-0.22228775024414027,-0.07095245361328126,0.04300671070814133,1.069374918937683,0.28345251083374023
1778958624.7014563,-0.17004638671875,-0.33575180053710874,-0.36404296875000003,0.0952366441488266,1.1822001934051514,0.21892617642879486
1778958624.7187035,0.09280700683593751,-0.08262817382812493,-0.40610549926757816,0.10644566267728806,1.1368465423583984,0.26532167196273804
1778958624.7370794,0.15238311767578125,-0.12738510131836023,-0.40386016845703127,0.09983031451702118,1.1386302709579468,0.24662643671035767
1778958624.7599146,0.15223342895507813,-0.12992980957031186,-0.2724334716796875,0.0667719617486,1.1513631343841553,0.1626112163066864
1778958624.782059,0.4866380310058594,-0.18142272949218707,-0.3043171691894531,0.0764424130320549,1.145188570022583,0.05979471653699875
1778958624.8030334,0.44307861328125003,-0.28111541748046953,-0.24084915161132814,0.07535014301538467,1.1775254011154175,0.04019444063305855
1778958624.822549,0.6553372192382813,-0.17947677612304602,-0.2667453002929688,0.06325535476207733,1.1199901103973389,0.11315902322530746
1778958624.8437693,1.1491603088378908,-0.3019221496582034,-0.49172744750976566,0.1103527843952179,1.0780835151672363,0.11287392675876617
1778958624.8650408,0.887354736328125,-0.4432283020019536,-0.3279679870605469,0.08416043967008591,1.0993801355361938,0.03878037631511688
1778958624.912948,0.8161029052734375,-0.18157241821289105,0.09325607299804688,0.04579531028866768,1.0412009954452515,0.06283535063266754
1778958624.9322512,0.9403445434570313,0.14055770874023388,-0.041613464355468754,-0.003505449742078781,1.0172536373138428,0.08312322199344635
1778958624.951461,0.9818083190917969,0.13412109375000014,-0.03338058471679688,-0.03042292408645153,1.0237133502960205,0.05968985706567764
1778958624.971152,0.8517288208007813,0.11121871948242124,0.14594650268554688,-0.050209298729896545,0.9931576251983643,0.06398379057645798
1778958624.9904377,1.0403366088867188,0.005987548828125355,0.17633331298828125,-0.03711448609828949,0.9432312250137329,0.0758368968963623
1778958625.0070271,0.9695338439941407,-0.28515701293945384,0.18591339111328126,-0.04411701485514641,0.9453511238098145,0.0704030692577362
1778958625.0263522,0.8997789001464844,-0.43604324340820355,0.140108642578125,-0.06430859118700027,0.9001405239105225,0.10600685328245163
1778958625.0498421,1.0120454406738282,-0.5316943359374999,0.11570938110351563,-0.06339003145694733,0.8536356091499329,0.12239587306976318
1778958625.0698898,0.6674620056152344,-0.512234802246093,0.124541015625,-0.0852850079536438,0.8658279180526733,0.07391276210546494
1778958625.0908787,0.6053411865234375,0.028291168212890128,0.0652642822265625,-0.05738278478384018,0.837614119052887,0.04705754294991493
1778958625.1425374,0.7815248107910157,0.14474899291992216,0.1335223388671875,0.039565812796354294,0.8054196238517761,0.023614978417754173
1778958625.1624038,0.7858657836914062,-0.14594650268554688,0.350870361328125,-0.05102745443582535,0.7501315474510193,0.07764448970556259
1778958625.1833005,0.8319699096679688,-0.48229705810546797,0.15058685302734376,-0.06655818969011307,0.7893033623695374,0.06455041468143463
1778958625.202639,0.830922088623047,-0.20896545410156264,0.16106506347656252,-0.0023985495790839195,0.8015788197517395,0.06325644254684448
1778958625.2199268,0.787811737060547,0.04460723876953132,0.223934326171875,0.050273798406124115,0.7652692198753357,0.07111603766679764
1778958625.2462523,0.5851332092285156,-0.11945159912109382,0.2501298522949219,0.0679173693060875,0.7486785650253296,0.04385116696357727
1778958625.265956,0.7080276489257813,-0.209564208984375,0.2878514099121094,0.03502540662884712,0.7121788263320923,0.027969611808657646
1778958625.2873917,0.4860392761230469,-0.3049159240722652,0.32751892089843754,0.02965252846479416,0.7124097943305969,-0.001496969722211361
1778958625.3078437,0.5694158935546876,-0.2272274780273431,0.4448748779296875,0.04864835739135742,0.6607720255851746,-0.03573466092348099
1778958625.3306906,0.6316864013671876,-0.2981799316406253,0.4297563171386719,0.06862414628267288,0.6340245008468628,-0.09772787243127823
1778958625.3514993,0.5307962036132813,-0.24474105834960902,0.52929931640625,0.06083869934082031,0.575905442237854,-0.12041641771793365
1778958625.37158,0.65384033203125,-0.2733316040039071,0.530496826171875,0.047084368765354156,0.5011000037193298,-0.11447493731975555
1778958625.392657,0.8622070312500001,-0.34922378540039034,0.4721182250976563,0.050895147025585175,0.4631630480289459,-0.125965878367424
1778958625.4156885,1.156644744873047,-0.34787658691406165,0.5316943359375,0.058196134865283966,0.3737793564796448,-0.13872958719730377
1778958626.8769312,-1.0277627563476563,-0.14100677490234403,1.0027647399902344,-0.06345578283071518,0.6849543452262878,0.08133376389741898
1778958626.9032164,-1.315913543701172,-0.23980133056640618,1.0853929138183593,-0.06256000697612762,0.7322324514389038,0.07827486097812653
1778958626.92492,-1.281185760498047,-0.3457809448242184,1.1265573120117187,-0.07156313955783844,0.7419922947883606,0.0970870777964592
1778958626.946076,-1.1692185974121094,-0.44412643432617216,1.1060499572753906,-0.07107377797365189,0.7387568354606628,0.14715446531772614
1778958626.9661934,-1.159189453125,-0.5216651916503903,1.0969189453125001,-0.05142350122332573,0.7723472118377686,0.16825217008590698
1778958626.9870014,-1.1645782470703125,-0.4355941772460934,1.182989959716797,-0.06757985055446625,0.7955655455589294,0.17628122866153717
1778958627.0063915,-1.22385498046875,-0.32587234497070305,1.1834390258789063,-0.08346285670995712,0.8354234099388123,0.17166045308113098
1778958627.0259502,-1.154549102783203,-0.19429595947265632,1.144519958496094,-0.08539742976427078,0.8584809899330139,0.19226746261119843
1778958627.0482864,-1.0759625244140625,-0.11091934204101506,1.1003617858886718,-0.08086555451154709,0.8523963093757629,0.23779430985450745
1778958627.0677903,-1.006956024169922,-0.1372645568847659,1.1187734985351563,-0.08280180394649506,0.8507534265518188,0.2579028308391571
1778958627.085571,-1.2323872375488283,-0.19489471435546868,1.1216175842285157,-0.0820874348282814,0.9064390063285828,0.24080869555473328
1778958627.1053314,-1.431024169921875,0.012124786376952912,1.0222242736816407,-0.04384361952543259,1.001670479774475,0.18835991621017456
1778958627.1275144,-1.3024415588378906,0.607436828613281,0.6532415771484376,-0.013217860832810402,1.027384638786316,0.12666505575180054
1778958627.1486087,-0.6604266357421875,0.9794132995605462,-0.3779640197753906,0.09174436330795288,0.9649489521980286,0.11591027677059174
1778958627.1677618,-0.41583526611328125,0.931512908935547,-0.5155279541015625,0.1539306938648224,0.8748697638511658,0.08156619966030121
1778958627.187889,-0.40356079101562503,0.49591873168945355,0.5689668273925782,0.11952270567417145,0.7389516234397888,0.06046772003173828
1778958627.2094898,-0.39008880615234376,-0.4569996643066414,1.30528564453125,0.09265559911727905,0.7416888475418091,0.11365878582000732
1778958627.2324736,-0.5984555053710938,-1.0208770751953118,1.3692027282714845,0.056955449283123016,0.8696029186248779,0.21885959804058075
1778958627.2520576,-0.7439529418945313,-0.6732998657226563,0.8918453979492188,0.004095070064067841,0.9595187306404114,0.3205851912498474
1778958627.2738304,-0.8954379272460938,0.42257125854492195,-0.026494903564453127,0.011143998242914677,0.9785060286521912,0.2898303270339966
1778958627.2971005,-1.0732681274414062,0.6996450805664054,-0.1586700439453125,0.047370247542858124,0.9138327240943909,0.18788984417915344
1778958627.3192654,-0.7577243041992188,0.5499563598632804,-0.07619155883789062,0.17849411070346832,0.9051491022109985,0.13914711773395538
1778958627.3380527,-0.38350250244140627,-0.03308120727539077,0.3375480651855469,0.09842700511217117,0.8055676221847534,0.1207001581788063
1778958627.357551,-0.32572265625,-0.5243595886230477,0.32721954345703125,0.044091466814279556,0.8516099452972412,0.09032783657312393
1778958627.3794298,-0.3597019958496094,-0.3580554199218753,0.35401382446289065,0.02626003324985504,0.8964657187461853,0.11175650358200073
1778958627.401831,-0.2963836669921875,0.006885681152343892,0.2279759216308594,0.056699566543102264,0.9204272627830505,0.16245345771312714
1778958627.4209096,-0.2321672058105469,0.05718109130859439,0.13412109375,0.08317656815052032,0.9399232268333435,0.1801052838563919
1778958627.4395282,-0.06795867919921875,-0.09310638427734297,-0.05074447631835938,0.0803816094994545,0.9442060589790344,0.1878225952386856
1778958627.4609067,-0.10912307739257814,-0.3712280273437507,-0.0437091064453125,0.056783124804496765,0.961030900478363,0.1711162030696869
1778958627.5097,0.09056167602539063,-0.3403921508789054,-0.023201751708984378,0.07402988523244858,0.9708499908447266,0.19055253267288208
1778958627.565648,0.08038284301757813,-0.08681945800781321,-0.08382568359375,0.10564156621694565,0.9835283756256104,0.17963892221450806
1778958627.6215773,0.7186555480957032,-0.1905537414550782,-0.3311114501953125,0.26461586356163025,0.9572314620018005,0.1959908902645111
1778958627.6778073,0.5761518859863282,-0.4475692749023441,-0.08936416625976563,0.08609243482351303,0.9593745470046997,0.15940658748149872
1778958627.7249446,0.9705816650390625,0.36553985595703153,-0.11316467285156251,0.0827566534280777,0.8878539204597473,0.1864134967327118
1778958627.7477036,0.7702981567382813,0.2080673217773441,0.028291168212890627,0.046286001801490784,0.917013943195343,0.20088671147823334
1778958627.7669306,0.8033793640136719,0.09999206542968686,0.2520758056640625,-0.005033683031797409,0.8893976211547852,0.23269666731357574
1778958627.7871878,0.9069639587402344,-0.09340576171874915,0.29458740234375,-0.04763800650835037,0.8630285859107971,0.22210878133773804
1778958627.803461,0.9413923645019532,-0.1633103942871088,0.18995498657226564,-0.06284435093402863,0.8767956495285034,0.20143775641918182
1778958627.8213305,0.8312214660644531,-0.10448272705078132,0.0017962646484375,-0.05627972632646561,0.8817193508148193,0.21311476826667786
1778958627.839184,0.8072712707519532,-0.07439529418945234,-0.03502716064453125,-0.06555048376321793,0.8620797395706177,0.21568001806735992
1778958627.8566253,0.833466796875,-0.00523910522460902,0.010029144287109375,-0.023316849023103714,0.8644189238548279,0.21747511625289917
1778958627.877256,0.7698490905761719,-0.1552272033691402,0.17184265136718752,-0.0885646641254425,0.8020728826522827,0.18216468393802643
1778958627.8994281,0.7929011535644531,-0.37377273559570234,-0.019010467529296877,-0.0749652162194252,0.8145659565925598,0.11980345845222473
1778958627.9177954,1.0770103454589843,-0.10373428344726499,0.07499404907226563,0.02424028515815735,0.8443916440010071,0.13236118853092194
1778958627.9363484,1.1054512023925782,-0.07035369873046804,0.2245330810546875,0.046407103538513184,0.8165819048881531,0.1519877165555954
1778958627.9556248,0.8135581970214845,-0.2460882568359377,0.2604583740234375,-0.012093815952539444,0.8210527896881104,0.11845650523900986
1778958627.973162,0.9324110412597657,-0.2541714477539063,0.09086105346679688,-0.03929658234119415,0.8173745274543762,0.10965249687433243
1778958627.992272,1.0921289062500001,-0.20746856689453175,0.05044509887695313,-0.029003262519836426,0.8050739765167236,0.11251240223646164
1778958628.0125551,1.2061917114257814,-0.20746856689453175,-0.0007484436035156251,0.016091851517558098,0.8122069239616394,0.09655836224555969
1778958628.030634,1.0623408508300782,-0.2667453002929694,-0.04999603271484375,0.06215187907218933,0.8218507766723633,0.07654084265232086
1778958628.0492244,0.923280029296875,-0.18681152343750007,0.09056167602539063,0.07856197655200958,0.8331326842308044,0.061501000076532364
1778958628.0684304,0.8355624389648438,-0.16944763183593814,0.16495697021484376,0.05662977695465088,0.803524374961853,0.04527826979756355
1778958628.088011,0.9767189025878906,-0.06346801757812415,0.13307327270507813,0.07667136937379837,0.7789483666419983,0.04440538212656975
1778958628.1057358,1.0219248962402345,-0.01766326904296811,0.15477813720703126,0.08486112207174301,0.7576308250427246,0.0479617677628994
1778958628.1329794,0.8159532165527345,-0.13367202758788999,0.2700384521484375,0.08068142086267471,0.7136934399604797,0.016608061268925667
1778958628.1555927,0.6093827819824219,-0.20462448120117216,0.3656895446777344,0.07401040196418762,0.7178444862365723,-0.018840722739696503
1778958628.1772296,0.5578898620605469,-0.14070739746093786,0.4692741394042969,0.06612871587276459,0.694163978099823,-0.0396009236574173
1778958628.1947632,0.7223977661132813,-0.1469943237304694,0.5289999389648438,0.05237807705998421,0.6279061436653137,-0.06095559895038605
1778958628.2149813,1.0445278930664064,-0.34218841552734425,0.5319937133789063,0.03081279806792736,0.5327417850494385,-0.11443513631820679
1778958628.2358704,1.0867401123046876,-0.5032534790039058,0.48948211669921876,0.027614174410700798,0.48313599824905396,-0.16334518790245056
1778958628.254255,0.901575164794922,-0.3812571716308586,0.5604345703125,0.03140471875667572,0.42676886916160583,-0.16629013419151306
1778958628.2724538,0.91729248046875,-0.19010467529296804,0.6462062072753907,0.014169305562973022,0.3658926486968994,-0.16099773347377777
1778958628.2923703,1.1301498413085938,-0.06960525512695348,0.6361770629882812,-0.015206525102257729,0.2891617715358734,-0.17699158191680908
1778958628.3113527,1.3148657226562501,-0.08891510009765646,0.6358776855468751,-0.049597419798374176,0.22024835646152496,-0.20231561362743378
1778958628.3315997,1.1228150939941406,-0.12978012084960966,0.6593788146972657,-0.07934433221817017,0.17630413174629211,-0.21363629400730133
1778958628.3519053,0.7911048889160157,-0.16914825439453196,0.6973997497558594,-0.12217854708433151,0.12939803302288055,-0.19179607927799225
1778958628.4435737,0.28770172119140625,0.15941848754882848,0.5611830139160157,-0.17370040714740753,-0.03465932607650757,-0.20470485091209412
1778958628.465495,0.11047027587890626,0.3180885314941406,0.5725593566894531,-0.13589702546596527,-0.06999362260103226,-0.1770242303609848
1778958628.482061,-0.03143463134765625,0.2938389587402348,0.5429209899902344,-0.13480086624622345,-0.09470056742429733,-0.20986899733543396
1778958628.5008879,-0.07828720092773438,0.34742752075195327,0.14923965454101562,-0.10302186757326126,-0.14266394078731537,-0.24781444668769836
1778958628.5177515,0.022004241943359377,0.22827529907226562,-0.17678237915039063,-0.05332082509994507,-0.1778765171766281,-0.259143203496933
1778958628.534574,-0.017663269042968752,-0.031434631347655895,-0.011376342773437501,-0.03153286129236221,-0.18604210019111633,-0.2794720232486725
1778958628.5508616,-0.004340972900390625,-0.1182540893554691,0.20806732177734377,-0.03778287395834923,-0.1994430124759674,-0.27833306789398193
1778958628.5662174,0.10433303833007813,-0.2881507873535156,0.5272036743164062,-0.042723268270492554,-0.21664667129516602,-0.26647940278053284
1778958628.581538,0.0963995361328125,-0.32078292846679624,0.5625302124023438,-0.03068072348833084,-0.2088444083929062,-0.28168046474456787
1778958628.5990674,0.05059478759765625,-0.413889312744141,0.4525090026855469,-0.02301163598895073,-0.18562887609004974,-0.32622823119163513
1778958628.6150608,-0.001197509765625,-0.21420455932617166,0.22498214721679688,-0.022158242762088776,-0.17111662030220032,-0.3297305703163147
1778958628.6323614,0.001047821044921875,-0.02963836669921882,0.0963995361328125,-0.011770417913794518,-0.16952818632125854,-0.3037283420562744
1778958628.649595,0.08113128662109376,0.23441253662109318,0.062120819091796876,0.01746097207069397,-0.15682461857795715,-0.24895501136779785
1778958628.6698568,0.003742218017578125,0.20627105712890703,0.12828323364257813,0.04367127642035484,-0.11008664965629578,-0.24369733035564423
1778958628.6888018,-0.04266128540039063,0.03487747192382784,0.20746856689453125,0.062489911913871765,-0.06098245084285736,-0.25824448466300964
1778958628.7088578,-0.09325607299804688,-0.14849121093750028,0.159268798828125,0.08489540964365005,-0.03436312451958656,-0.20893694460391998
1778958628.7286375,-0.15358062744140627,-0.2791694641113285,0.17932708740234377,0.09471727907657623,-0.02059803158044815,-0.15603534877300262
1778958628.7486804,-0.22947280883789065,-0.2300715637207027,0.2505789184570313,0.10243313759565353,-0.01278773695230484,-0.16656002402305603
1778958628.7682295,-0.46837600708007815,-0.25372238159179616,0.3465293884277344,0.11208145320415497,0.005131395999342203,-0.1776462197303772
1778958628.786461,-0.6256988525390625,-0.1592687988281245,0.5263055419921875,0.10100037604570389,-0.008160155266523361,-0.1589539498090744
1778958628.8118346,-0.6518943786621094,-0.1158590698242179,0.5891748046875,0.08045931905508041,-0.03149699792265892,-0.15365760028362274
1778958628.833781,-0.7479945373535156,-0.1619631958007819,0.5667214965820313,0.02955322340130806,0.015901200473308563,-0.15564216673374176
1778958628.8553438,-0.8690927124023438,-0.10298583984375043,0.5261558532714844,0.014461456798017025,0.04069114476442337,-0.1199258416891098
1778958628.876766,-0.9650431823730469,-0.10373428344726499,0.4463717651367188,-0.003948708530515432,0.04990994185209274,-0.09070191532373428
1778958628.8999522,-0.8830137634277344,-0.16929794311523416,0.3848497009277344,-0.013482395559549332,0.024922151118516922,-0.07618800550699234
1778958628.9218175,-0.9604028320312501,-0.18486557006835902,0.45265869140625004,0.043268002569675446,0.048264890909194946,-0.06933117657899857
1778958628.9421325,-1.4462924194335938,-0.5034031677246098,0.11481124877929688,-0.06113796681165695,-0.022103821858763695,-0.07809752970933914
1778958628.9659934,-1.4597644042968752,-0.3427871704101566,-0.013322296142578125,-0.01184580847620964,-0.008037349209189415,-0.011388620361685753
1778958628.9858112,-1.3909075927734376,-0.24953109741210966,0.3237767028808594,-0.00913968775421381,-0.03530753403902054,0.007566581480205059
1778958629.0071454,-1.6519647216796876,-0.13936019897460916,0.7122189331054688,-0.058152489364147186,-0.028004277497529984,-0.05921449884772301
1778958629.0449865,-1.9767892456054688,0.827778625488282,0.040415954589843754,-0.08961473405361176,0.023173445835709572,-0.08930522203445435
1778958629.0681274,-1.9712507629394531,1.0505154418945306,-0.08861572265625,-0.07316790521144867,0.01542980968952179,-0.07973397523164749
1778958629.0881457,-1.747166748046875,0.5665718078613278,0.1694476318359375,-0.06816846877336502,-0.02298886701464653,-0.10658730566501617
1778958629.1088128,-1.5600558471679689,-0.3649411010742192,0.4082011413574219,-0.04388437047600746,-0.02450980618596077,-0.13047589361667633
1778958629.1406555,-1.317111053466797,-1.1334429931640617,0.39817199707031253,-0.029829487204551697,-0.028749635443091393,-0.06222689151763916
1778958629.1646397,-1.4507830810546876,-0.9307644653320306,0.1071771240234375,-0.023720882833003998,-0.027694830670952797,-0.022360386326909065
1778958629.1857915,-1.5524217224121095,-0.4450245666503907,0.094603271484375,0.008424519561231136,-0.05955483019351959,-0.014302009716629982
1778958629.2156398,-1.6030165100097657,-0.16031661987304702,0.21929397583007815,0.04773992300033569,-0.04967229440808296,-0.0434427484869957
1778958629.2387109,-1.4429992675781251,0.0017962646484370737,0.23516098022460938,0.05618094280362129,-0.059194717556238174,-0.03727108612656593
1778958629.260313,-1.3334271240234377,0.03293151855468679,0.1471440124511719,0.07326994091272354,-0.03939024358987808,-0.02727874554693699
1778958629.279403,-1.328038330078125,-0.02499801635742216,0.25147705078125,0.06314978003501892,-0.034275200217962265,-0.01917886547744274
1778958629.3029733,-1.3931529235839843,-0.14190490722656257,0.4842430114746094,0.07341942191123962,-0.005033554974943399,-0.0005013076588511467
1778958629.3281116,-1.254840545654297,-0.3195854187011715,0.5529501342773437,0.09828709810972214,0.020875021815299988,0.04018464684486389
1778958629.3502705,-1.076411590576172,-0.5783972167968745,0.7206015014648438,0.08633428812026978,0.04445405304431915,0.0760008841753006
1778958629.3716035,-1.3317805480957032,-0.5822891235351566,0.6981481933593751,0.07050403952598572,0.05966971069574356,0.09763307869434357
1778958629.3904815,-1.6280145263671877,-0.4926255798339838,0.667012939453125,0.06745565682649612,0.07891026884317398,0.10756378620862961
1778958629.4162517,-1.7199234008789064,-0.3131488037109378,0.7638615417480469,0.024000009521842003,0.0834243968129158,0.09378549456596375
1778958629.4354963,-1.431024169921875,-0.1032852172851566,0.8714877319335937,0.058072127401828766,0.11390522122383118,0.08636648952960968
1778958629.4559827,-1.372196502685547,0.02739303588867159,1.1090437316894532,0.038940973579883575,0.10449012368917465,0.11174368113279343
1778958630.576429,1.1672726440429688,-1.3409115600585935,0.7586224365234375,-0.12751278281211853,0.13879720866680145,-0.04608462378382683
1778958630.5992362,1.4230906677246093,-1.5542179870605466,0.6448590087890625,-0.16873009502887726,0.1247960776090622,-0.04985154792666435
1778958630.6158693,1.3018428039550782,-1.4959890747070315,0.7553292846679688,-0.23471936583518982,0.14022192358970642,-0.054204706102609634
1778958630.6354518,1.289718017578125,-1.0219248962402343,0.798739013671875,-0.2534142732620239,0.09306003898382187,-0.09723808616399765
1778958630.657038,1.4112652587890626,-0.598904571533204,0.5589376831054688,-0.17654547095298767,0.09522191435098648,-0.13970135152339935
1778958630.6798558,1.377285919189453,-0.4056564331054684,0.39652542114257816,-0.13146071135997772,0.08747440576553345,-0.11405318230390549
1778958630.7015893,1.4296769714355468,-0.022004241943358593,0.4891827392578125,-0.14569111168384552,0.1640232503414154,-0.05439222604036331
1778958630.7201586,1.3479469299316407,0.20312759399414126,0.7066804504394532,-0.16465447843074799,0.1574132889509201,-0.05827882140874863
1778958630.7669947,1.472787322998047,-0.40176452636718807,0.8361611938476563,-0.11321768909692764,0.19473843276500702,-0.08270666003227234
1778958630.7867312,1.5515235900878908,-0.8113128662109368,0.5936654663085937,-0.1333773136138916,0.22513911128044128,-0.020087916404008865
1778958630.809685,1.5395484924316407,-0.568966827392579,0.4628375244140625,-0.1343182623386383,0.24052771925926208,0.014278415590524673
1778958630.8320546,1.4922468566894531,-0.16301101684570263,0.5526507568359376,-0.03925922513008118,0.2882828712463379,-0.02979508973658085
1778958630.8523507,1.2582833862304688,-0.16899856567382798,0.8068222045898438,-0.012394249439239502,0.32554635405540466,-0.07785309851169586
1778958630.873576,1.2334350585937501,-0.2881507873535156,0.8345146179199219,-0.01986481249332428,0.36279574036598206,-0.06771492958068848
1778958630.893967,1.3965957641601563,-0.3350033569335942,0.8048762512207032,-0.03227369487285614,0.39998960494995117,-0.05608956143260002
1778958630.9152777,1.2258009338378908,-0.35850448608398366,0.8666976928710938,-0.08668312430381775,0.41523948311805725,-0.11258844286203384
1778958630.9348297,1.2034973144531251,-0.3879931640625003,0.81670166015625,-0.06709833443164825,0.4201638102531433,-0.15233290195465088
1778958630.9555879,1.1226654052734375,-0.21570144653320256,0.8539741516113282,-0.010606573894619942,0.4116661548614502,-0.14800162613391876
1778958630.9762971,1.0734178161621095,-0.31898666381835916,0.7402107238769532,-0.1058620810508728,0.3086126744747162,-0.19827985763549805
1778958630.999826,0.7650590515136719,0.21390518188476548,0.27198440551757813,-0.07957087457180023,0.28700435161590576,-0.14939412474632263
1778958631.0211592,0.49097900390625004,0.6945556640625004,0.10463241577148438,-0.07147607952356339,0.22307083010673523,-0.06613975763320923
1778958631.041639,0.3387455749511719,0.8279283142089842,-0.06601272583007813,-0.03818078339099884,0.17234769463539124,-0.09178774803876877
1778958631.065358,0.3400927734375,0.6496490478515629,-0.3849993896484375,0.00586241390556097,0.15153206884860992,-0.15202486515045166
1778958631.0856957,0.21106109619140626,0.31928604125976534,-0.3734733581542969,0.040579743683338165,0.1378302276134491,-0.16036750376224518
1778958631.1054807,0.03592529296875,0.010927276611328196,0.2041754150390625,0.04415438324213028,0.12709905207157135,-0.1819043606519699
1778958631.1281197,0.20312759399414063,-0.23995101928711016,0.6399192810058594,0.0318647176027298,0.11798875033855438,-0.2304842472076416
1778958631.149878,0.7168592834472657,-0.628692626953125,0.532891845703125,0.02718232572078705,0.11213502287864685,-0.2675585150718689
1778958631.1705067,0.8312214660644531,-0.686622161865234,0.23246658325195313,0.010276668705046177,0.10400688648223877,-0.24261629581451416
1778958631.1902943,0.5966592407226563,-0.5047503662109367,0.12184661865234375,-0.03410430625081062,0.07412677258253098,-0.22699785232543945
1778958631.2123733,0.4632865905761719,-0.09026229858398516,0.053887939453125006,-0.014222969301044941,0.06374379247426987,-0.2002551257610321
1778958631.2313282,0.43529479980468755,0.13382171630859396,0.09265731811523438,0.009258516132831573,0.038555338978767395,-0.17649602890014648
1778958631.2494211,0.44502456665039064,-0.05403762817382862,-0.051492919921875005,0.04837528616189957,0.050820764154195786,-0.17259564995765686
1778958631.268331,0.39472915649414064,-0.2625540161132811,-0.1483415222167969,0.06319066137075424,0.04926791042089462,-0.1535603255033493
1778958631.287845,0.47750701904296877,-0.3044668579101568,-0.11930191040039063,0.0646924152970314,0.03807304427027702,-0.14605873823165894
1778958631.3101313,0.3603007507324219,-0.17887802124023366,0.02664459228515625,0.08463579416275024,0.05328994616866112,-0.14646755158901215
1778958631.3319323,0.1383123779296875,-0.043709106445312784,0.09505233764648438,0.10216105729341507,0.09376466274261475,-0.15541818737983704
1778958631.3511288,0.0987945556640625,-0.11121871948242124,0.04939727783203125,0.11836652457714081,0.1260429173707962,-0.15388691425323486
1778958631.3712232,0.149688720703125,-0.34637969970703075,0.00987945556640625,0.1310897320508957,0.13949176669120789,-0.1301046907901764
1778958631.392609,0.13112731933593752,-0.2788700866699223,0.08187973022460938,0.14555011689662933,0.1187300831079483,-0.09998174756765366
1778958631.414485,-0.0496966552734375,-0.20222946166992273,-0.0032931518554687503,0.21597440540790558,0.12718507647514343,-0.06539454311132431
1778958631.4328501,-0.16241226196289063,-0.2911445617675774,-0.016615447998046876,0.19588829576969147,0.10232626646757126,-0.010326310992240906
1778958631.4522645,-0.23590942382812502,-0.2806663513183594,-0.1095721435546875,0.1832217276096344,0.05005623772740364,-0.002243693917989731
1778958631.4737244,-0.5935157775878906,-0.06496490478515682,-0.02155517578125,0.23289349675178528,0.01894468069076538,-0.025140156969428062
1778958631.4955668,-1.0111473083496094,-0.18965560913085966,0.07409591674804687,0.2024831920862198,-0.08418616652488708,-0.04102212190628052
1778958631.5160258,-1.1683204650878907,-0.28231292724609425,0.6830296325683594,0.14513199031352997,-0.1912136822938919,0.03886818885803223
1778958631.5348618,-1.3299842834472657,-0.13965957641601534,1.0719209289550782,-0.0020951032638549805,-0.38108253479003906,0.015468092635273933
1778958631.5529833,-1.598525848388672,0.13277389526367145,2.096240844726563,-0.15240783989429474,-0.4280431270599365,-0.14476074278354645
1778958631.5711153,-0.87897216796875,0.5120851135253908,2.2649400329589846,-0.21469393372535706,-0.49097585678100586,-0.10816604644060135
1778958631.597402,0.6779402160644532,0.26734405517578175,1.169967041015625,-0.14050999283790588,-0.6555600166320801,0.25991350412368774
1778958631.6179779,1.635498962402344,-0.5966592407226567,0.25641677856445316,-0.0025755371898412704,-1.3078663349151611,0.8861262798309326
1778958631.6406088,0.5725593566894531,-2.2815554809570315,0.19833755493164062,-0.08987334370613098,-1.500190258026123,0.8439989686012268
1778958631.6591482,-0.7569758605957032,-4.0899449157714844,-0.15358062744140627,-0.17966122925281525,-1.2997411489486694,0.8316366672515869
1778958631.6761396,-1.9464024353027345,-4.33259033203125,0.23710693359375,-0.3754640221595764,-1.0436806678771973,1.0543993711471558
1778958631.6959224,-0.77359130859375,-2.6340724182128907,0.030985565185546876,-0.37176552414894104,-0.9861445426940918,1.2872748374938965
1778958631.7152333,1.8444644165039064,-1.4132112121582026,-3.144361267089844,0.35741642117500305,-0.9740622043609619,1.3240201473236084
1778958631.7356544,1.473835144042969,-1.6802558898925781,-3.7904177856445314,0.8150493502616882,-0.9418884515762329,1.022518515586853
1778958631.7549143,-0.7430548095703126,-4.704117736816406,-3.362457733154297,1.1123970746994019,-0.5366505980491638,0.8637636303901672
1778958631.7750933,-0.5644761657714844,-8.59138412475586,-2.0565733337402343,1.137000560760498,-0.24704763293266296,0.8877074718475342
1778958631.7940907,0.6138734436035157,-10.508746948242187,-1.3467494201660157,1.1050455570220947,-0.17071406543254852,0.9086463451385498
1778958631.8136992,2.056124267578125,-12.144844665527344,-0.6375242614746094,0.9234158992767334,-0.2837803065776825,1.1081589460372925
1778958631.831392,0.6867718505859375,-11.249257049560548,-1.2602293395996094,0.8769537210464478,-0.3000883162021637,0.9946041107177734
1778958631.8483057,0.020207977294921877,-8.089926910400392,-2.032473449707031,0.8826271891593933,-0.26528704166412354,0.8229179382324219
1778958631.8643053,0.2465373229980469,-3.2097752380371096,-0.8996292114257813,0.96086186170578,-0.6008492112159729,0.7041500210762024
1778958631.883404,1.3575270080566406,1.2193643188476564,-0.8939410400390625,1.6890313625335693,-0.6961753368377686,0.6565924882888794
1778958631.9000337,1.116228790283203,1.3973442077636715,-1.189276885986328,1.8588398694992065,-0.67238450050354,0.6322799324989319
1778958631.9192424,1.737436981201172,-3.217559051513672,-2.3810984802246096,1.4251638650894165,-0.5736406445503235,0.59871906042099
1778958632.950458,7.596103820800781,-6.810088348388672,15.628849639892579,-0.8346129059791565,-0.048617299646139145,0.6268216967582703
1778958632.970009,6.858737182617188,-11.463611297607422,6.917564849853516,-0.22702984511852264,0.17633399367332458,0.512201189994812
1778958632.9900386,4.283193054199219,-13.669124908447266,6.7457221984863285,0.4076758921146393,0.346075177192688,0.13192014396190643
1778958633.010603,2.5143214416503907,-13.684842224121095,9.0196435546875,0.40880000591278076,0.1742578148841858,0.3069128096103668
1778958633.0305297,0.7551795959472657,-11.378139038085939,8.959169311523437,0.35227543115615845,0.24447001516819,0.3152306079864502
1778958633.0499616,0.5376818847656251,-7.325017547607422,9.173373870849609,0.09695953130722046,0.36107075214385986,0.1638076901435852
1778958633.0677898,0.45520339965820317,-4.462669830322266,9.821526031494141,-0.18190276622772217,0.3633688986301422,-0.06189901381731033
1778958633.0866573,2.621199188232422,-5.021457824707031,9.955347747802735,-0.14548009634017944,0.4365004599094391,-0.31624215841293335
1778958633.1071904,3.8544845581054688,-7.875572662353516,10.235415344238282,-0.34572863578796387,0.4329517185688019,-0.6640670895576477
1778958633.1294315,3.8983433532714846,-10.915151824951172,9.280850372314454,-0.2013659030199051,0.6874102354049683,-0.6100026965141296
1778958633.1510165,3.652255096435547,-12.687466278076172,9.59295135498047,-0.23960700631141663,0.8232571482658386,-0.4449464678764343
1778958633.172185,4.351900177001953,-13.79905471801758,9.267079010009766,-0.2907821536064148,0.6874786615371704,-0.16434894502162933
1778958633.1904414,4.734205169677734,-12.78072235107422,9.45793212890625,-0.20725329220294952,0.537561297416687,-0.04202679544687271
1778958633.210002,3.0204190063476566,-11.114237823486329,9.753267974853516,-0.21586671471595764,0.3819287419319153,-0.14624235033988953
1778958633.231901,1.4551240539550783,-9.820328521728516,8.919801177978517,-0.1050628274679184,0.31999829411506653,-0.20236380398273468
1778958633.251057,0.9686357116699219,-9.456884307861328,8.378826141357422,0.0380924753844738,0.30983442068099976,-0.26946526765823364
1778958633.2714245,2.0336709594726563,-8.847800903320312,9.195228424072265,0.022968584671616554,0.1045055091381073,-0.36700376868247986
1778958633.2937565,2.6936485290527346,-9.197473754882813,10.071655883789063,-0.06201356276869774,-0.11805783957242966,-0.4832591414451599
1778958633.3167129,2.555635528564453,-10.900332641601564,9.441765747070313,-0.029036514461040497,-0.17222845554351807,-0.4167148172855377
1778958633.3382869,2.8770172119140627,-11.114387512207031,9.492659912109376,-0.03603627160191536,-0.1986740678548813,-0.2375333607196808
1778958633.3584542,2.854414215087891,-10.008786621093751,9.28114974975586,-0.004203790333122015,-0.21484114229679108,-0.20556014776229858
1778958633.3792288,2.755020904541016,-9.001531219482422,9.583970031738282,-0.032253704965114594,-0.27046963572502136,-0.24690604209899902
1778958633.3987494,2.585423583984375,-9.369615783691406,9.358688507080078,-0.0314045324921608,-0.26013195514678955,-0.26098915934562683
1778958633.419179,2.524500274658203,-9.967173156738282,9.224417724609376,0.03709641471505165,-0.12613508105278015,-0.2066701203584671
1778958633.440455,2.655926971435547,-9.438023529052735,9.60163330078125,-0.012658713385462761,-0.18552842736244202,-0.0721668004989624
1778958633.459907,2.0609143066406252,-8.594976654052735,10.181976470947266,0.06803639233112335,-0.10993599891662598,-0.1178978830575943
1778958633.4825995,1.919608154296875,-9.073681182861328,9.86792953491211,-0.07406207174062729,-0.08986739814281464,-0.3215475380420685
1778958633.5020947,2.6481431579589847,-9.49191146850586,8.523575134277344,0.05254805088043213,-0.06860341876745224,-0.4775896668434143
1778958633.5223236,2.212848358154297,-9.305848388671876,9.04015090942383,0.1497471034526825,-0.04401049390435219,-0.44557130336761475
1778958633.5412352,1.8782940673828126,-8.881331176757813,10.066566467285156,-0.04119597375392914,-0.1349160224199295,-0.3922883868217468
1778958633.565322,3.3389566040039065,-8.79346389770508,8.96306121826172,0.037759702652692795,-0.23963789641857147,-0.5639693140983582
1778958633.5855072,3.8544845581054688,-8.64362548828125,9.116342468261719,0.08601434528827667,-0.3216923773288727,-0.5062862038612366
1778958633.6052687,3.680845642089844,-8.547974395751954,9.202712860107422,0.07247401028871536,-0.3083988428115845,-0.35576626658439636
1778958633.625214,3.170856170654297,-8.427924041748048,9.335486755371095,0.09285179525613785,-0.18534867465496063,-0.318533718585968
1778958634.7820961,4.257147216796875,-4.720134429931641,6.980434112548829,0.03651418164372444,0.107917919754982,0.2812255322933197
1778958634.8071926,4.763544158935547,-4.897216186523438,7.221732330322266,-0.002532562706619501,0.08333075791597366,0.2810627222061157
1778958634.8279068,4.58930648803711,-4.944667510986329,6.96277084350586,-0.01759856566786766,0.09771408885717392,0.27908265590667725
1778958634.8483212,4.3701622009277346,-4.787943420410157,6.680008850097656,0.009599828161299229,0.09430922567844391,0.31840234994888306
1778958634.867694,4.320016479492188,-4.903054046630859,7.036717071533204,0.0021684570237994194,0.12921841442584991,0.26921918988227844
1778958634.8886724,4.386777648925781,-4.882696380615235,7.381300506591797,-0.05427350848913193,0.14304952323436737,0.2630214989185333
1778958634.909529,4.7380970764160155,-4.798870697021485,7.262896728515625,-0.08811557292938232,0.07447846233844757,0.2778280973434448
1778958634.960361,3.9176531982421876,-4.844376068115235,7.257507934570313,-0.05819178372621536,0.06702578067779541,0.2221718728542328
1778958634.981671,4.5355682373046875,-5.110073547363282,7.636070709228516,-0.1729453057050705,-0.0032373592257499695,0.3148287534713745
1778958635.0017169,4.973407745361328,-5.375172271728516,7.213649139404297,-0.23354436457157135,-0.0060799261555075645,0.2605937123298645
1778958635.0210826,4.636159057617188,-4.832850036621094,7.1896989440917976,-0.19314929842948914,-0.039594072848558426,0.2055877447128296
1778958635.0482929,4.292174377441406,-5.300327911376954,7.1365594482421875,-0.15090928971767426,-0.035544659942388535,0.17846915125846863
1778958635.0677931,4.636458435058594,-5.612728271484375,7.3639366149902346,-0.21458277106285095,0.026807796210050583,0.1650303155183792
1778958635.0875177,5.221741333007813,-5.263354797363282,7.359595642089844,-0.2660644054412842,0.011869633570313454,0.16343092918395996
1778958635.3751755,4.931195526123047,-4.863536224365235,6.922803955078125,-0.19041451811790466,0.020565370097756386,0.05554302781820297
1778958635.3983269,4.602030029296875,-5.698948974609375,7.142247619628907,0.1971583366394043,-0.1570281982421875,-0.22612862288951874
1778958635.421734,4.833748168945313,-5.917045440673828,7.839198303222656,0.2601938545703888,-0.2509923577308655,-0.28036412596702576
1778958635.4433615,4.6032275390625,-6.401138763427735,7.733817443847657,0.18333648145198822,-0.20956461131572723,-0.32940271496772766
1778958635.5369773,5.113516387939454,-5.297034759521485,7.370373229980469,0.3544234335422516,0.03795954957604408,-0.32947200536727905
1778958635.5596426,4.92221420288086,-5.255421295166016,7.4571926879882815,0.31104129552841187,0.1098904013633728,-0.31421148777008057
1778958635.5801685,4.809049530029297,-4.888384552001954,6.922803955078125,0.30525946617126465,0.16211141645908356,-0.33961549401283264
1778958635.6005085,4.880301361083984,-4.61041259765625,6.693780212402344,0.2969694435596466,0.15497417747974396,-0.3337540924549103
1778958635.6212559,4.681065673828125,-4.7521678161621095,6.747967529296876,0.31752780079841614,0.2612723708152771,-0.26736190915107727
1778958635.639606,4.202361145019531,-4.596940612792969,7.570057983398438,0.20678675174713135,0.40183666348457336,-0.1891184151172638
1778958635.6610446,4.21283935546875,-4.510270843505859,7.475454711914063,0.17845258116722107,0.41386377811431885,-0.1822594404220581
1778958635.682139,4.157604217529297,-4.531376953125,6.935826873779297,0.21337509155273438,0.3666297495365143,-0.18751099705696106
1778958635.7044485,3.5079551696777345,-4.881798248291016,7.001839599609375,0.16920097172260284,0.4034344553947449,-0.24192863702774048
1778958635.7606514,3.299887847900391,-4.712799682617188,7.247029724121094,0.16911648213863373,0.4942037761211395,-0.24988692998886108
1778958635.8182828,3.0220655822753906,-4.753814392089844,7.702382812500001,0.22884735465049744,0.26048803329467773,-0.2427748143672943
1778958635.8704712,2.5224046325683593,-4.135450286865234,7.341932373046875,0.3124106526374817,-0.01768273301422596,-0.3649073839187622
1778958635.9272275,2.724933471679688,-3.9739361572265626,7.421566772460938,0.3338210880756378,-0.28350022435188293,-0.38137829303741455
1778958635.9776661,3.1915132141113283,-3.6625836181640627,6.833140411376953,0.4587685167789459,-0.3852646052837372,-0.3973936438560486
1778958636.0003011,3.4347573852539064,-3.5295103454589842,7.413782958984376,0.4024094045162201,-0.39758265018463135,-0.32447174191474915
1778958636.021318,3.567082214355469,-3.6441719055175783,6.341113586425782,0.5067839622497559,-0.3724440634250641,-0.3345649242401123
1778958636.0402937,3.240311737060547,-3.457210693359375,6.376739501953125,0.6148620843887329,-0.32271647453308105,-0.29879531264305115
1778958636.059528,3.0051507568359375,-3.189118194580078,7.461982727050781,0.5640537738800049,-0.3465255796909332,-0.2403818517923355
1778958636.077779,3.4018258666992187,-3.1271470642089847,6.89571029663086,0.5530297756195068,-0.4052879810333252,-0.17954331636428833
1778958636.0977628,3.4398468017578128,-3.1460078430175784,5.800886993408203,0.6386422514915466,-0.39524558186531067,-0.2034725844860077
1778958636.1170607,3.363505554199219,-2.9559031677246095,5.82753158569336,0.7306933999061584,-0.4381186366081238,-0.27050623297691345
1778958636.1384728,3.091371459960938,-2.9437783813476566,6.577472076416016,0.7805342078208923,-0.4203175902366638,-0.33190372586250305
1778958636.1575794,2.8330087280273437,-2.7990293884277344,6.250402221679688,0.7907978892326355,-0.4370780885219574,-0.2764367163181305
1778958636.1777864,3.620970153808594,-3.0314959716796874,5.188360748291016,0.7904819846153259,-0.47816213965415955,-0.2871261239051819
1778958636.1988585,3.0530511474609376,-2.4453149414062505,5.318889312744141,0.867665708065033,-0.5681595206260681,-0.23263296484947205
1778958636.2196414,3.2627650451660157,-2.3938220214843753,5.260211334228516,0.8621514439582825,-0.652309000492096,-0.2273828685283661
1778958636.2402256,3.3664993286132816,-2.662662963867188,5.367238769531251,0.8503543138504028,-0.6441989541053772,-0.2603822350502014
1778958636.2601361,3.110681304931641,-2.752625885009766,5.163362731933594,0.6902045011520386,-0.6077591180801392,-0.19439749419689178
1778958636.291519,2.8803103637695315,-1.783840484619141,5.066663818359375,0.3972458243370056,-0.42440634965896606,-0.0213138610124588
1778958636.3134427,3.435505828857422,-1.046324157714844,4.735702056884766,0.40093880891799927,-0.33110135793685913,-0.027033420279622078
1778958636.3328357,3.4548156738281253,-1.1618838500976558,4.5690985107421875,0.5104039311408997,-0.2294664829969406,-0.1350346803665161
1778958636.351887,3.0862820434570315,-1.5696359252929692,4.8367419433593755,0.5076682567596436,-0.14954008162021637,-0.2339513748884201
1778958636.3722498,3.2838711547851562,-1.888023834228516,4.342769165039063,0.5082879662513733,-0.06718914955854416,-0.18279659748077393
1778958636.3921657,3.386258239746094,-1.9926562500000005,3.7519477844238285,0.4683358669281006,-0.026727663353085518,-0.15014636516571045
1778958636.4152513,3.2883618164062502,-1.780247955322265,3.5678306579589845,0.5026081204414368,-0.014135894365608692,-0.15393000841140747
1778958636.4352098,3.083288269042969,-1.641336822509766,4.228706359863281,0.5987784266471863,0.019173050299286842,-0.12847472727298737
1778958636.4546626,2.7869046020507815,-1.8320402526855473,4.968318328857422,0.5341898202896118,0.07372763752937317,-0.1563500314950943
1778958636.4737208,3.1060409545898438,-1.8046472167968748,4.553530883789063,0.33888256549835205,0.07783504575490952,-0.1511368751525879
1778958636.4962204,3.65958984375,-1.1120375061035155,3.234174499511719,0.43568533658981323,0.09646283090114594,-0.11107542365789413
1778958636.5167565,3.373235321044922,-1.380728759765626,3.0708641052246097,0.43540534377098083,0.03507280349731445,-0.05707269161939621
1778958636.5381083,3.416345672607422,-1.676513671875,3.147654418945313,0.4965687096118927,-0.0161755308508873,0.04662347584962845
1778958636.5584428,3.3461416625976566,-1.5865507507324228,3.8299356079101563,0.5169710516929626,0.006705974694341421,0.12733249366283417
1778958636.5795376,3.0663734436035157,-1.2692106628417967,4.214635620117187,0.43196430802345276,0.07686223834753036,0.14545491337776184
1778958636.6004293,3.5488201904296877,-1.0066566467285156,3.3458422851562504,0.4161189794540405,0.010624056681990623,0.19048333168029785
1778958636.6196246,3.7844302368164064,-1.2639715576171877,2.86683837890625,0.4505769610404968,-0.07120119035243988,0.20376232266426086
1778958636.6383617,3.3220417785644534,-1.4786251831054695,2.7396029663085937,0.5373662114143372,-0.035339292138814926,0.2334880828857422
1778958636.6582067,3.1654673767089845,-1.352437591552734,3.270997924804688,0.5944992899894714,0.039388880133628845,0.2988487184047699
1778958636.6774752,3.33626220703125,-1.0931767272949227,3.953877868652344,0.5038425922393799,0.10340031236410141,0.3279753625392914
1778958636.6983936,3.8446051025390626,-0.928070068359375,3.756139068603516,0.41327983140945435,0.05875078961253166,0.36715012788772583
1778958636.7191358,3.9173538208007814,-1.2087364196777344,2.7735823059082034,0.40173229575157166,0.05367050692439079,0.38175272941589355
1778958636.7387161,3.510799255371094,-1.400188293457031,2.422711944580078,0.44777536392211914,0.1328759640455246,0.38524457812309265
1778958636.758199,3.293900299072266,-1.4031820678710947,2.7837611389160157,0.5064026117324829,0.22353382408618927,0.3682347536087036
1778958636.7839413,3.932472381591797,-1.4885046386718752,3.327280883789063,0.5305091738700867,0.3164106607437134,0.34343624114990234
1778958636.8046567,4.228107604980469,-1.4188993835449217,3.9172041320800783,0.35551339387893677,0.3110867440700531,0.33772721886634827
1778958636.8253717,4.34696044921875,-1.3171110534667978,3.193758544921875,0.3080785870552063,0.3220551609992981,0.3468444347381592
1778958636.848083,4.081412658691407,-1.216969299316407,2.431992645263672,0.39974045753479004,0.40963172912597656,0.2995956540107727
1778958636.8675497,3.6889288330078127,-1.2301419067382806,2.3126907348632812,0.5350725054740906,0.462040513753891,0.2575627863407135
1778958636.8888023,3.710034942626953,-1.3006452941894526,2.535876617431641,0.6151131391525269,0.39262163639068604,0.33898842334747314
1778958636.9106424,3.798201599121094,-1.694326629638672,3.306324462890625,0.49948057532310486,0.38107961416244507,0.4701186716556549
1778958636.9319572,4.1323068237304685,-1.6247213745117186,3.193758544921875,0.32533448934555054,0.4486847221851349,0.45665183663368225
1778958636.9533,4.273463287353516,-1.1029064941406244,2.4935147094726564,0.42449504137039185,0.5017839670181274,0.3266292214393616
1778958636.9722617,4.9105384826660154,-0.9319619750976571,1.9251466369628907,0.5547488927841187,0.32492294907569885,0.2682226896286011
1778958636.9931483,5.016069030761719,-1.354084167480469,2.4574397277832034,0.7538890838623047,0.21739107370376587,0.2857014536857605
1778958637.017077,4.285588073730469,-2.1137544250488283,3.9904019165039064,0.44957584142684937,0.03798544779419899,0.33381402492523193
1778958637.037282,3.988755340576172,-2.766696624755859,2.8059150695800783,0.26844117045402527,0.04629833251237869,0.33104583621025085
1778958637.060688,4.589605865478516,-1.713337097167969,2.0112176513671876,0.3716373145580292,0.11937566101551056,0.3495090901851654
1778958637.082284,4.435725860595704,-0.2745291137695318,1.9428099060058595,0.6219979524612427,0.13882030546665192,0.26706773042678833
1778958637.103843,4.318669281005859,-0.23471191406249936,2.3487657165527347,0.6228915452957153,0.038577187806367874,0.09993252158164978
1778958637.123874,4.5461961364746095,-1.0906320190429692,3.366050262451172,0.4192889928817749,-0.11332957446575165,-0.017263995483517647
1778958637.142922,4.842280426025391,-2.5423132324218756,2.7933412170410157,0.2665051519870758,-0.09260621666908264,-0.07359389215707779
1778958637.1624286,5.411696319580078,-2.6565257263183595,1.861828308105469,0.15787476301193237,-0.23175805807113647,-0.09695398807525635
1778958637.1819084,4.751868438720703,-2.3586451721191404,1.1898756408691407,0.21172286570072174,-0.3006914258003235,-0.15288960933685303
1778958637.2149742,4.058959350585938,-1.588197326660156,1.350791015625,0.3129083514213562,-0.3127038776874542,-0.24675777554512024
1778958637.2324502,4.376449127197266,-1.049317932128906,1.8059944152832033,0.29867446422576904,-0.3580288589000702,-0.3038697838783264
1778958637.2500446,4.697531433105469,-0.8051756286621092,1.8106347656250001,0.296938955783844,-0.3701187074184418,-0.2866804301738739
1778958637.2686975,4.543052673339844,-0.9830058288574222,1.5365547180175783,0.3094281256198883,-0.3111051619052887,-0.3095945417881012
1778958637.285218,4.245321807861329,-0.9762698364257805,1.2665162658691407,0.37765535712242126,-0.13856059312820435,-0.3576313555240631
1778958637.304711,4.175716552734375,-0.5300477600097651,1.7188755798339845,0.4732762575149536,-0.010536343790590763,-0.4123297929763794
1778958637.322857,4.473896484375,-0.37886215209960916,2.615361328125,0.4260469973087311,-0.004386977758258581,-0.5046573281288147
1778958637.341018,4.662204895019531,-0.8364605712890629,2.7512786865234378,0.3567388951778412,0.055993784219026566,-0.4997486472129822
1778958637.3630633,4.579876098632813,-1.0291099548339844,2.0890557861328127,0.27470868825912476,0.12745407223701477,-0.41859954595565796
1778958637.3825293,4.549189910888672,-0.6801855468750002,1.214125213623047,0.2758139371871948,0.16185657680034637,-0.422730028629303
1778958637.399956,5.014871520996094,-0.6556365966796882,0.6851252746582032,0.3675459921360016,0.07934704422950745,-0.4140166938304901
1778958637.4159427,5.336103515625,-0.8729846191406256,0.8813671875000001,0.42148271203041077,0.014216350391507149,-0.35447564721107483
1778958637.4342554,5.644911346435547,-1.6657360839843758,1.641636199951172,0.48291900753974915,-0.11639241129159927,-0.14157302677631378
1778958637.4530542,5.017116851806641,-2.0627105712890623,1.9525396728515625,0.47804728150367737,-0.02315008081495762,0.07520322501659393
1778958637.4718285,4.133654022216797,-2.0996836853027343,1.0533595275878906,0.36298415064811707,0.28246209025382996,0.12054740637540817
1778958637.4919467,4.473597106933594,-0.364492034912109,0.4002676391601563,0.2961960732936859,0.34420228004455566,0.021137189120054245
1778958637.5141776,4.778812408447266,1.1439212036132815,0.5754034423828125,0.43093401193618774,0.29988279938697815,-0.07832009345293045
1778958637.5316143,4.311334533691406,0.2423460388183596,0.8461903381347656,0.22584901750087738,0.12020984292030334,-0.17271342873573303
1778958637.5523007,4.473447418212891,-1.1581416320800777,0.4141886901855469,0.06015186384320259,0.1081760972738266,-0.23369526863098145
1778958637.5728412,4.578079833984376,-1.546134796142578,0.12139755249023439,0.04028288275003433,0.19891265034675598,-0.16954000294208527
1778958637.5998204,4.0600071716308594,-0.5267546081542971,0.15672409057617187,-0.06783944368362427,0.15403041243553162,-0.31170907616615295
1778958637.6190195,4.404590606689453,0.25671615600585973,0.24504043579101564,-0.07999397069215775,0.024778341874480247,-0.37287643551826477
1778958637.6396053,4.726720733642578,0.5192701721191408,-0.12633728027343752,-0.02688896656036377,0.011423792690038681,-0.2837497591972351
1778958637.6582375,4.251608734130859,0.3035687255859383,-0.6514453125,0.1757163405418396,0.2867106795310974,-0.08125301450490952
1778958637.6827443,4.106710052490235,0.250129852294922,-0.02245330810546875,0.23481670022010803,0.4280998110771179,-0.016218800097703934
1778958637.7069983,4.40249496459961,0.13007949829101584,0.46119094848632813,0.20210444927215576,0.3727845251560211,-0.013811462558805943
1778958638.8719618,5.276377716064453,-2.152074737548828,-7.942932586669922,1.083878993988037,-0.001562034711241722,0.3092541992664337
1778958638.8947704,4.990472259521485,-2.7390042114257813,-7.747439117431641,0.9489920139312744,-0.09962902963161469,0.2129964679479599
1778958638.917449,4.770130462646485,-3.6256105041503908,-8.142467651367188,0.8002589344978333,-0.0940215140581131,0.2158193588256836
1778958638.937164,4.68031723022461,-3.463946685791016,-7.732170867919923,0.6471647024154663,-0.08195047080516815,0.23937155306339264
1778958638.9569287,4.2502615356445315,-3.0053004455566406,-7.37710922241211,0.4992392957210541,-0.13110633194446564,0.1240243911743164
1778958638.9776042,4.144581298828125,-3.2883618164062502,-7.357799377441407,0.29235467314720154,-0.30090442299842834,0.00614990433678031
1778958639.000864,4.054319000244141,-4.386927337646485,-7.628885650634766,0.14334070682525635,-0.35961630940437317,-0.05392078682780266
1778958639.0227199,3.0434710693359377,-3.629801788330078,-6.881489868164063,0.20139500498771667,-0.0014342032372951508,-0.16085311770439148
1778958639.0449522,2.609373779296875,-3.2397129821777346,-6.8391279602050785,0.06626053154468536,0.16767287254333496,-0.17426198720932007
1778958639.0991335,3.73383544921875,-3.993844757080078,-7.002138977050782,-0.24937571585178375,0.45121774077415466,-0.4567163288593292
1778958639.1207097,3.537294158935547,-3.578308868408203,-6.620133361816406,-0.4418112635612488,0.3273181915283203,-0.46064478158950806
1778958639.1401432,3.4012271118164064,-3.212469635009766,-6.791976013183594,-0.5455652475357056,0.22916294634342194,-0.5306484699249268
1778958639.1613445,3.377725982666016,-3.1510972595214843,-7.135661315917969,-0.5110368728637695,0.1197701245546341,-0.601078987121582
1778958639.1836464,3.9230419921875,-3.7041970825195314,-7.1262309265136725,-0.3944980204105377,0.07835869491100311,-0.54105144739151
1778958639.2040143,4.027524719238281,-3.9101687622070314,-6.380182342529297,-0.3689667284488678,0.08641113340854645,-0.5201209783554077
1778958639.2292092,3.4585578918457034,-3.7550912475585942,-5.494025115966797,-0.4241058826446533,0.20723885297775269,-0.6360430717468262
1778958639.2517343,4.081412658691407,-4.175866241455078,-5.071304168701172,-0.6571513414382935,0.18013690412044525,-0.7117290496826172
1778958639.2733061,4.439468078613282,-5.07549545288086,-5.821544036865235,-0.7369210720062256,0.20266354084014893,-0.6507618427276611
1778958639.2935753,4.643643493652344,-5.209616546630859,-5.691464538574219,-0.7520065307617188,0.14394593238830566,-0.549919605255127
1778958639.3157606,4.22765853881836,-4.556973724365235,-4.872068481445313,-0.7949077486991882,0.054316479712724686,-0.5089619755744934
1778958639.33692,3.460503845214844,-4.3842329406738285,-4.450095977783203,-0.9195874929428101,-0.011604826897382736,-0.514417827129364
1778958639.386657,3.8848713684082035,-4.185596008300782,-5.159470825195313,-1.0207862854003906,0.2057638168334961,-0.6087822318077087
1778958639.406175,4.577331390380859,-3.5158886718750004,-4.909490661621094,-1.000219464302063,-0.01246832124888897,-0.5116987228393555
1778958639.427756,3.3929942321777347,-3.5226246643066412,-4.2837918090820315,-1.0109586715698242,-0.09044672548770905,-0.5913434624671936
1778958639.464784,2.744393005371094,-3.801943817138672,-4.096231842041016,-1.0585947036743164,-0.0043577756732702255,-0.6387197375297546
1778958639.77893,3.560944976806641,-3.6519557189941407,-4.85994369506836,-0.707249641418457,0.2756858468055725,-0.4602711796760559
1778958639.8006425,2.1868025207519532,-1.3985417175292962,-2.429747314453125,-0.49989092350006104,0.6749417185783386,-0.5829939246177673
1778958639.821548,1.9091299438476563,-0.8388555908203124,-2.178120574951172,-0.4349266588687897,0.6680867075920105,-0.5127723217010498
1778958639.8390157,2.1679417419433595,-1.1521540832519523,-2.3070025634765625,-0.3798435628414154,0.693351149559021,-0.4204776883125305
1778958639.8576632,2.352208557128906,-1.3106744384765623,-2.3574476623535157,-0.3687371611595154,0.7420108914375305,-0.3478257656097412
1778958639.8806174,2.571951599121094,-1.169068908691406,-1.806892547607422,-0.47208017110824585,0.667536199092865,-0.24742093682289124
1778958639.899416,2.065554656982422,-0.9627978515625006,-1.7461189270019533,-0.5102863907814026,0.6365342140197754,-0.2633154094219208
1778958639.9197717,1.8179695129394533,-0.9924362182617195,-1.8733543395996095,-0.430042564868927,0.578071653842926,-0.30452099442481995
1778958639.937941,1.6964222717285158,-1.2564871215820315,-1.908680877685547,-0.3759162724018097,0.4449146091938019,-0.3211134076118469
1778958639.9985902,1.657054138183594,-0.6713539123535153,-1.5314653015136719,-0.4868204891681671,0.3508349657058716,-0.28927114605903625
1778958640.0164237,1.0704240417480468,-0.26988876342773516,-1.7227674865722657,-0.5575318932533264,0.14514698088169098,-0.34944143891334534
1778958640.0378797,1.1895762634277345,-0.36134857177734325,-1.7203724670410157,-0.46568548679351807,0.1760118305683136,-0.3279355764389038
1778958640.0544875,1.1319461059570313,-0.185015258789063,-1.1987072753906252,-0.3688812553882599,0.28060510754585266,-0.28957638144493103
1778958640.0740438,1.2891192626953125,-0.29324020385742244,-0.8138575744628906,-0.3635493218898773,0.24699713289737701,-0.26930296421051025
1778958640.0928087,1.984123992919922,0.08262817382812493,-0.7277865600585938,-0.487659752368927,-0.13202881813049316,-0.25673410296440125
1778958640.1154938,1.3904585266113283,0.05149291992187521,-0.8384065246582032,-0.4894673526287079,-0.21255509555339813,-0.27506518363952637
1778958640.136321,1.192570037841797,-0.20222946166992273,-0.9116043090820313,-0.45916348695755005,-0.1478615403175354,-0.21755439043045044
1778958640.1530473,0.8104147338867188,-0.08487350463867216,-0.8541238403320313,-0.4193636476993561,-0.05958401784300804,-0.21211063861846924
1778958640.2013652,0.9735754394531251,0.09145980834960987,-0.5763015747070312,-0.38567206263542175,-0.2736993432044983,-0.29902175068855286
1778958640.2207453,0.32871643066406253,0.15193405151367223,-0.6724017333984376,-0.36697086691856384,-0.29371485114097595,-0.4183662235736847
1778958640.2420244,1.1726614379882814,-0.5771997070312498,-0.7804769897460938,-0.24970276653766632,-0.4443979263305664,-0.344167560338974
1778958640.2634761,1.0328521728515625,-0.9391470336914072,-0.7173083496093751,-0.2007472813129425,-0.4666703939437866,-0.20006640255451202
1778958640.2832973,0.10822494506835938,-0.781824188232422,-0.28291168212890627,-0.16134865581989288,-0.3724423050880432,-0.29337242245674133
1778958640.3017128,0.09041198730468751,-0.6268963623046879,-0.135318603515625,-0.15815913677215576,-0.34093213081359863,-0.3307564854621887
1778958640.3213453,0.9283694458007813,-0.08292755126953111,-0.1790277099609375,-0.20084910094738007,-0.28372856974601746,-0.2658385634422302
1778958640.3392549,0.9123527526855469,-0.3267704772949216,-0.28291168212890627,-0.19031864404678345,-0.2450762540102005,-0.2527635395526886
1778958640.3579013,0.5204676818847657,-0.3620970153808596,-0.1299298095703125,-0.18856611847877502,-0.3204933702945709,-0.28340694308280945
1778958640.3758607,0.2927911376953125,0.04026626586914084,-0.016914825439453125,-0.2160567045211792,-0.2047276645898819,-0.2832810878753662
1778958640.398279,0.18770965576171875,0.009430389404297301,-0.057330780029296875,-0.23067346215248108,-0.15692631900310516,-0.17696449160575867
1778958640.4166398,0.5891748046875,-0.4505630493164059,-0.2341131591796875,-0.17550960183143616,-0.17517341673374176,-0.07716234773397446
1778958640.4348462,0.8581654357910157,-0.5984555053710938,0.23546035766601564,-0.17621280252933502,-0.11569400131702423,0.006276875734329224
1778958640.4513218,0.5140310668945313,-0.5695655822753913,0.6352789306640625,-0.2708618938922882,-0.06303383409976959,0.09072228521108627
1778958640.4751992,0.20627105712890625,-0.29159362792968757,0.5777984619140625,-0.22380436956882477,0.0596846267580986,0.07502668350934982
1778958640.4948032,-1.2075389099121094,-0.08053253173828168,0.9087602233886719,-0.2711004912853241,0.4710010886192322,-0.1469445526599884
1778958640.516275,-0.8039781188964844,-0.3658392333984377,0.42691223144531254,-0.30236539244651794,0.5987507700920105,-0.21282526850700378
1778958640.53673,0.7553292846679688,0.021405487060546236,0.0425115966796875,-0.1818097084760666,0.4170636832714081,-0.04754842445254326
1778958640.5557857,1.1686198425292968,-0.862805786132812,0.49951126098632814,-0.15542131662368774,0.2540417015552521,0.10108054429292679
1778958640.5752757,-0.277822265625,-0.5198689270019532,0.3706292724609375,-0.15037769079208374,0.21921905875205994,0.042934849858284
1778958640.5989714,-1.0675799560546875,0.16046630859374922,0.4620890808105469,-0.14000758528709412,0.31516727805137634,-0.025507338345050812
1778958640.6190875,-0.5288502502441407,0.3216810607910148,0.31913635253906253,-0.10896579176187515,0.34224361181259155,-0.15162776410579681
1778958640.6388285,-0.0413140869140625,0.32721954345703175,0.07259902954101563,-0.10612796247005463,0.24870485067367554,-0.1695519983768463
1778958640.658902,1.242865447998047,0.239501953125,-1.1808943176269533,0.11457248777151108,-0.10446489602327347,0.05671873688697815
1778958640.6811118,0.959055633544922,0.3650907897949214,-1.4518309020996094,0.35027945041656494,-0.28448089957237244,0.32390379905700684
1778958640.701,0.19564315795898438,0.07409591674804616,0.10568023681640626,0.25700369477272034,-0.33861061930656433,0.18158255517482758
1778958640.7190745,-0.1694476318359375,-0.26060806274414006,1.0758128356933594,0.17687082290649414,-0.19821275770664215,-0.15493156015872955
1778958640.7361424,-0.067060546875,-0.5093907165527352,0.9635462951660156,0.21703733503818512,-0.10460241883993149,-0.2609880268573761
1778958640.7529132,0.6568341064453125,-0.9970765686035161,-0.04326004028320313,0.33017203211784363,0.010992227122187614,-0.16259196400642395
1778958640.7706091,1.1317964172363282,-1.7881814575195314,-0.9358538818359375,0.27139249444007874,0.045605506747961044,0.22220616042613983
1778958640.7899885,1.0636880493164063,-1.102307739257812,-0.9901908874511719,0.14590312540531158,0.061177898198366165,0.41503968834877014
1778958640.8106153,0.19968475341796876,0.1835183715820321,-0.7403604125976563,0.1784733086824417,0.20118089020252228,0.18635687232017517
1778958640.8333123,-0.14624588012695314,0.6652166748046877,-0.6981481933593751,0.278847336769104,0.3040902316570282,-0.10318732261657715
1778958640.8521469,0.43724075317382816,0.649948425292969,-0.8129594421386719,0.30213940143585205,0.21319544315338135,-0.15193600952625275
1778958640.8702075,1.6651373291015625,0.4655319213867184,-1.3463003540039062,0.21779197454452515,-0.08180888742208481,-0.056554630398750305
1778958640.8900156,2.0384609985351565,0.2697390747070312,-1.1599378967285157,0.07099183648824692,-0.32074952125549316,0.00938397366553545
1778958640.9107857,0.7438032531738281,0.21136047363281207,-0.5194198608398438,-0.0100394980981946,-0.225107803940773,-0.1383579820394516
1778958640.9322205,0.10283615112304688,-0.1821711730957034,-0.31255004882812504,0.041917890310287476,0.10636448115110397,-0.3745989203453064
1778958640.9539685,0.6221063232421875,-0.6361770629882812,-0.49097900390625004,0.059900425374507904,0.3481954038143158,-0.33626046776771545
1778958640.973002,1.610650634765625,-0.5201683044433594,-0.7439529418945313,0.07403720170259476,0.26322367787361145,0.064334936439991
1778958641.0014186,0.9728269958496094,-2.3149360656738285,-1.1112890625,-0.15169757604599,0.09276017546653748,0.03439643979072571
1778958641.020197,1.2868739318847657,-1.2603790283203118,-1.1440708923339844,-0.23276090621948242,0.2597145736217499,-0.014462906867265701
1778958641.0399613,1.4509327697753907,0.7433541870117182,-0.7466473388671876,-0.10523370653390884,0.21712148189544678,0.06626532971858978
1778958641.0596738,1.6721726989746095,1.0967692565917968,-0.5837860107421875,0.01714147999882698,0.15855742990970612,0.05882509425282478
1778958641.0812545,1.7667759704589845,1.0615924072265628,-0.5272036743164062,0.04888534918427467,0.09682321548461914,0.02078443579375744
1778958641.1015785,1.7299525451660158,1.000070343017578,-0.8777746582031251,0.0676216185092926,0.04062402620911598,-0.034453149884939194
1778958641.1225095,1.7405804443359376,0.5102888488769537,-0.7816744995117187,-0.018005596473813057,0.01402962300926447,-0.03514358028769493
1778958641.143791,1.3684542846679688,-0.07918533325195298,-0.7424560546875001,-0.1327396035194397,0.07822603732347488,0.005930827930569649
1778958641.2415066,2.1068687438964844,-0.3348536682128902,-0.37976028442382814,-0.14513354003429413,0.16618148982524872,0.11421207338571548
1778958641.2687507,1.7069004821777345,-0.15178436279296825,-0.3980223083496094,-0.08892416208982468,0.03832468390464783,0.18904097378253937
1778958641.2879872,1.285975799560547,-0.239501953125,-0.41763153076171877,-0.11166039854288101,0.0991748571395874,0.13781028985977173
1778958641.3093264,0.9493258666992188,-0.10822494506835945,-0.40490798950195317,-0.1381595879793167,0.15737822651863098,0.013794307596981525
1778958641.330452,1.1876303100585939,-0.03293151855468679,-0.5297483825683594,-0.11278586089611053,0.15003438293933868,-0.04175243154168129
1778958641.3517942,1.4554234313964844,-0.3008743286132809,-0.5661227416992187,-0.04897252842783928,0.08312804996967316,-0.007823760621249676
1778958641.3720193,1.8018031311035156,-0.6839277648925783,-0.3243754577636719,0.01055032480508089,-0.004035782068967819,0.07643167674541473
1778958641.3908422,1.7130377197265625,-0.7680528259277342,0.099393310546875,-0.03559325635433197,-0.005884001962840557,0.10841812193393707
1778958641.410762,1.3055850219726564,-0.5942642211914055,0.1538800048828125,-0.09036439657211304,0.03740696609020233,0.047724366188049316
1778958641.4313974,1.0671308898925782,-0.3459306335449224,-0.11825408935546876,-0.05612701550126076,0.08882272988557816,-0.01747068203985691
1778958641.4506054,1.0844947814941406,-0.21585113525390653,-0.3864962768554688,0.0031527364626526833,0.059531569480895996,-0.08529390394687653
1778958641.4685583,1.0732681274414062,-0.033679962158203125,-0.49651748657226563,0.06910797208547592,0.03684452548623085,-0.043488893657922745
1778958641.487596,0.9761201477050782,-0.27288253784179695,-0.35745666503906254,-0.0013412493281066418,-0.021338198333978653,0.01925494708120823
1778958641.5086248,1.1561956787109375,0.20073257446289006,-0.20088226318359376,0.019509773701429367,-0.07788252085447311,0.11872600764036179
1778958641.5306525,1.1138337707519532,0.4260140991210939,0.04685256958007813,0.08838259428739548,-0.09908108413219452,0.08763716369867325
1778958641.5498695,1.148262176513672,0.0694555664062495,0.23725662231445313,0.0950857549905777,-0.10389494150876999,-0.07923159003257751
1778958641.571986,1.1798464965820312,-0.3366499328613273,0.1734892272949219,0.10332562774419785,-0.12659168243408203,-0.17203174531459808
1778958641.5915434,1.3145663452148437,-0.6140231323242187,0.12588821411132814,0.09698352962732315,-0.20422926545143127,-0.09342703968286514
1778958641.6151106,1.1955638122558594,-0.484243011474609,0.20522323608398438,0.07818003743886948,-0.30660903453826904,0.01017124205827713
1778958641.635164,1.227597198486328,-0.0788859558105468,0.2571652221679688,0.1258862316608429,-0.3881111443042755,-0.003008853876963258
1778958641.6554513,1.1479627990722656,-0.04460723876953132,0.40730300903320316,0.1448635756969452,-0.426453173160553,-0.063141368329525
1778958641.678456,0.9536668395996094,-0.37197647094726527,0.34682876586914063,0.07248459756374359,-0.3980611264705658,-0.1979413628578186
1778958641.6985035,1.159039764404297,-0.32706985473632777,0.28755203247070316,-0.02204369753599167,-0.4409632086753845,-0.19125282764434814
1778958641.7182403,1.2376263427734375,-0.24444168090820284,0.24803421020507813,-0.07289090752601624,-0.5039346218109131,-0.13738147914409637
1778958641.7376146,1.2864248657226562,-0.26165588378906257,0.23650817871093752,-0.09925314038991928,-0.5101929903030396,-0.17570948600769043
1778958641.7571702,1.299148406982422,-0.16795074462890547,0.2755769348144531,-0.09710216522216797,-0.5116943717002869,-0.2410004734992981
1778958641.7777712,1.417552185058594,-0.07589218139648501,0.3150947570800781,-0.09206247329711914,-0.5387125611305237,-0.2607761025428772
1778958641.7982101,1.3102253723144532,-0.24548950195312536,0.3745211791992188,-0.12026658654212952,-0.5178778767585754,-0.2811726927757263
1778958641.8176615,1.1181747436523437,-0.3793112182617193,0.5658233642578125,-0.18115130066871643,-0.45334091782569885,-0.3211035430431366
1778958641.8382528,1.3897100830078126,0.2179467773437498,0.8192463684082032,-0.20863422751426697,-0.5338571071624756,-0.2658979892730713
1778958641.8551507,1.3118719482421877,0.7143145751953117,0.43529479980468755,-0.13072355091571808,-0.5929625034332275,-0.24694859981536865
1778958641.8728135,0.6343807983398437,0.13307327270507763,-0.38993911743164067,-0.031485415995121,-0.47374507784843445,-0.31696510314941406
1778958641.8929925,0.15492782592773438,-0.02664459228515703,-0.5888754272460938,-0.004144476260989904,-0.2995653450489044,-0.308472216129303
1778958641.913082,0.16974700927734376,-0.06182144165039105,-0.5394781494140626,-0.043890345841646194,-0.2697547376155853,-0.18883101642131805
1778958641.94023,1.0820997619628907,0.5474116516113288,-0.5909710693359376,-0.0691789984703064,-0.3024950325489044,0.2090582251548767
1778958641.9589598,1.2901670837402344,0.9360035705566414,-0.42391845703125003,-0.07998716831207275,-0.3225105404853821,0.11928332597017288
1778958641.9831846,0.2528242492675781,0.08173004150390639,-0.3882925415039063,-0.15834762156009674,-0.2269257754087448,-0.17611870169639587
1778958642.001785,0.2667453002929688,-0.2652484130859367,-0.3614982604980469,-0.08931286633014679,-0.178416445851326,-0.1293991506099701
1778958642.020579,0.7408094787597657,-0.4219725036621096,-0.4333488464355469,-0.053413670510053635,-0.17185363173484802,-0.06088242679834366
1778958642.0396388,0.9086105346679688,-0.3195854187011715,-0.45834686279296877,-0.04946020990610123,-0.1489802747964859,-0.05667143687605858
1778958642.057783,0.9940827941894532,0.29608428955078203,-0.6764433288574219,-0.033977217972278595,-0.13760533928871155,-0.06231706589460373
1778958642.0789263,0.6245013427734375,0.5921685791015623,-0.55564453125,-0.04673819988965988,-0.09100531041622162,-0.06732263416051865
1778958642.0981193,0.19474502563476564,0.38559814453125085,-0.3441343688964844,-0.06407968699932098,-0.004348772577941418,-0.12466990947723389
1778958642.1176333,0.2785707092285156,0.22138961791992173,-0.2436932373046875,-0.09704770147800446,0.043020859360694885,-0.12078171223402023
1778958643.1676748,-0.9225315856933595,-0.051642608642577414,0.9846524047851563,-0.1164797693490982,0.5933334827423096,0.16927024722099304
1778958643.191023,-0.7647596740722656,0.10313552856445263,0.8225395202636719,-0.0726940929889679,0.579784095287323,0.13951949775218964
1778958643.2106736,-0.6719526672363282,0.14444961547851598,0.7246430969238281,-0.01526893675327301,0.5490468144416809,0.12810850143432617
1778958643.231247,-0.6511459350585938,0.12738510131836023,0.5108876037597656,0.041316721588373184,0.5131673216819763,0.12502144277095795
1778958643.250871,-0.7830216979980469,0.23486160278320334,0.15552658081054688,0.08716253191232681,0.5151102542877197,0.09091059863567352
1778958644.4117134,1.5160473632812501,-0.1377136230468743,-0.75443115234375,-0.09632696211338043,0.3423232436180115,-0.025136673822999
1778958644.4348326,1.7042060852050782,-0.2707868957519537,-0.6924600219726563,-0.13138842582702637,0.28052690625190735,-0.07049158215522766
1778958644.4547946,1.615290985107422,-0.399818572998047,-0.7738906860351563,-0.15349093079566956,0.24949486553668976,-0.12034855782985687
1778958644.4747553,1.5253280639648439,-0.3879931640625003,-0.7517367553710937,-0.1627890169620514,0.22682060301303864,-0.1249176636338234
1778958644.496045,1.4263838195800782,-0.3359014892578127,-0.583187255859375,-0.16630755364894867,0.17608700692653656,-0.14733558893203735
1778958644.5177324,1.4639556884765625,-0.2314187622070314,-0.5951623535156251,-0.15758627653121948,0.14301908016204834,-0.17565050721168518
1778958644.541948,1.5846047973632813,-0.029788055419921022,-0.6728507995605469,-0.13574014604091644,0.07794033735990524,-0.11133121699094772
1778958644.5638378,1.529219970703125,-0.1252894592285152,-0.8512797546386719,-0.1520116925239563,0.04383194446563721,-0.10586846619844437
1778958644.5853498,1.5780184936523438,-0.0504450988769527,-0.9858499145507813,-0.1283852458000183,-0.0010213321074843407,-0.08937028050422668
1778958644.6050878,1.4638059997558595,-0.18980529785156186,-0.9068142700195313,-0.12456036359071732,0.005540570244193077,-0.07638733088970184
1778958644.6271744,1.1192225646972658,-0.30716125488281243,-0.6792874145507812,-0.15793156623840332,0.04143696278333664,-0.06611783802509308
1778958644.6484995,1.0650352478027345,-0.3460803222656246,-0.5740562438964844,-0.14637242257595062,0.04285869747400284,-0.054813504219055176
1778958644.6657653,1.3350736999511719,-0.48783554077148494,-0.6056405639648438,-0.11355236917734146,0.05283381789922714,-0.08489447087049484
1778958644.6854894,1.0482701110839845,-0.5890251159667965,-0.4954696655273438,-0.1105513945221901,0.10576750338077545,-0.12156267464160919
1778958644.7056782,1.014290771484375,-0.3772155761718743,-0.45759841918945315,-0.1131897121667862,0.09857787191867828,-0.1067662313580513
1778958644.7257469,1.1958631896972658,-0.33709899902343743,-0.6465055847167969,-0.09079683572053909,0.10737645626068115,-0.11731893569231033
1778958644.7757218,0.8134085083007813,-0.053139495849610086,-0.6634204101562501,-0.08905794471502304,0.07213694602251053,-0.15975645184516907
1778958644.7972596,0.836909637451172,-0.1047821044921875,-0.5528004455566407,-0.08851048350334167,0.06513991206884384,-0.17115262150764465
1778958644.8208473,0.83107177734375,0.09894424438476612,-0.22902374267578127,-0.0647241622209549,0.0606519915163517,-0.13459482789039612
1778958644.842688,0.6550378417968751,-0.19534378051757884,-0.28680358886718754,-0.21402449905872345,0.019707318395376205,-0.16778557002544403
1778958644.8613222,0.613125,-0.07918533325195298,-0.3531156921386719,-0.24445731937885284,0.03381262719631195,-0.20536385476589203
1778958644.8847263,0.5751040649414063,0.2745291137695318,-0.20252883911132813,-0.19527305662631989,-0.057823795825242996,-0.12492513656616211
1778958644.9033296,0.3333567810058594,0.26869125366210866,0.030985565185546876,-0.24190986156463623,-0.16324341297149658,-0.16039708256721497
1778958644.9198468,0.20028350830078126,0.1907034301757804,-0.08098159790039063,-0.2656279504299164,-0.184078648686409,-0.21329918503761292
1778958644.939762,0.0056881713867187505,0.09280700683593679,-0.29608428955078125,-0.2776053845882416,-0.18499909341335297,-0.2837529480457306
1778958644.9588194,-0.30027557373046876,-0.028590545654296307,-0.13082794189453126,-0.2265600711107254,-0.13253620266914368,-0.2652083933353424
1778958645.002946,-0.022752685546875002,-0.2914439392089836,0.8252339172363282,-0.11737576127052307,-0.17962662875652313,-0.2999200224876404
1778958645.024513,0,0.003143463134765767,1.0291099548339844,-0.13716763257980347,-0.24141673743724823,-0.3301141560077667
1778958645.048563,-0.2177970886230469,0.3457809448242184,0.6162684631347657,-0.11489543318748474,-0.2787594199180603,-0.3582296073436737
1778958645.0679069,-0.5700146484375,0.7083270263671881,0.3052153015136719,-0.02279762178659439,-0.2681419849395752,-0.3536573052406311
1778958645.090365,-0.6372248840332032,0.8300239562988274,0.04101470947265625,0.05915115028619766,-0.2672426402568817,-0.33584538102149963
1778958645.1080225,-0.38814285278320315,0.5804928588867195,0.0017962646484375,0.1050681620836258,-0.3048368990421295,-0.3100699782371521
1778958645.1298428,-0.1728904724121094,0.10373428344726499,0.2347119140625,0.10891168564558029,-0.36801934242248535,-0.30478978157043457
1778958645.1508322,-0.2585124206542969,-0.6472540283203116,0.7491920471191407,0.09301357716321945,-0.41521328687667847,-0.29360300302505493
1778958645.1712656,-0.4141886901855469,-0.8354127502441404,0.8795709228515626,0.08220499753952026,-0.42720159888267517,-0.27889561653137207
1778958645.1915374,-0.626297607421875,-0.9169931030273446,0.95561279296875,0.09513875097036362,-0.41848137974739075,-0.22333924472332
1778958645.2110608,-0.6113287353515625,-0.7909552001953131,0.9560618591308594,0.08571498095989227,-0.41223669052124023,-0.15048663318157196
1778958645.2375824,-0.7667056274414062,-0.22932312011718814,0.8193960571289063,0.03596269711852074,-0.4186868369579315,-0.13279247283935547
1778958645.258053,-1.154549102783203,0.16241226196289027,0.6236032104492187,-0.030515123158693314,-0.41344302892684937,-0.1695318967103958
1778958645.2771528,-1.2253518676757813,0.44038421630859403,0.27812164306640624,0.07806456089019775,-0.39481207728385925,-0.17633621394634247
1778958645.2978609,-1.0156379699707032,0.49606842041015575,0.2836601257324219,0.06233891099691391,-0.4574294090270996,-0.14767372608184814
1778958645.3186736,-0.9318122863769531,0.026345214843750853,0.24099884033203126,-0.013002838008105755,-0.4438099265098572,-0.21503658592700958
1778958645.3389857,-0.9870474243164064,-0.08457412719726598,0.42840911865234377,-0.005318779032677412,-0.38720518350601196,-0.24529288709163666
1778958645.369626,-0.30252090454101566,-0.16899856567382798,0.7599696350097657,0.06600772589445114,-0.39057016372680664,-0.11109881103038788
1778958645.3900914,-0.24129821777343752,-0.21285736083984297,0.71132080078125,0.05458742007613182,-0.38564902544021606,-0.09812542796134949
1778958645.410639,-0.33185989379882813,-0.36958145141601584,0.5966592407226563,0.0016607213765382767,-0.34269946813583374,-0.10168561339378357
1778958645.4316142,-0.30267059326171875,-0.07394622802734396,0.7908055114746094,-0.07240009307861328,-0.27394193410873413,-0.0373385064303875
1778958645.4540782,-0.31569351196289064,-0.12184661865234325,0.7041357421875001,-0.10440543293952942,-0.23419158160686493,0.012617597356438637
1778958645.47304,-0.40266265869140627,-0.12244537353515561,0.5381309509277344,-0.12417937070131302,-0.17672976851463318,0.05738691985607147
1778958645.4898481,-0.5203179931640626,0.008831634521484943,0.4999603271484375,-0.1593519002199173,-0.14763735234737396,0.1022479459643364
1778958645.5110278,-0.5379812622070312,-0.02005828857421932,0.3487747192382813,-0.16881561279296875,-0.12180285155773163,0.12178324908018112
1778958645.5319538,-0.7375163269042969,-0.08397537231445362,0.3887416076660156,-0.17506973445415497,-0.07988331466913223,0.12112851440906525
1778958645.5534794,-0.6944059753417969,-0.07499404907226648,0.44143203735351566,-0.18569961190223694,-0.05368536338210106,0.11440808326005936
1778958645.5729249,-0.6251000976562501,-0.022303619384764772,0.3231779479980469,-0.1675879955291748,-0.05198984593153,0.09751749038696289
1778958645.5910523,-0.5397775268554688,-0.08143066406250021,0.276624755859375,-0.14962993562221527,-0.044099003076553345,0.0859280377626419
1778958645.6144726,-0.5069956970214844,-0.1619631958007819,0.3608995056152344,-0.1497206687927246,-0.045878078788518906,0.07770086824893951
1778958645.6369488,-0.3591032409667969,-0.17513580322265554,0.37676651000976563,-0.1588405817747116,-0.04110710695385933,0.07485239207744598
1778958645.657831,-0.425115966796875,-0.1362167358398434,0.3393443298339844,-0.16331876814365387,-0.02725193090736866,0.09746444225311279
1778958645.6807523,-0.5322930908203125,-0.21180953979492223,0.20312759399414063,-0.15179960429668427,-0.0015193186700344086,0.15408606827259064
1778958645.7042146,-0.4673281860351563,-0.3116519165039069,0.0640667724609375,-0.1214766874909401,0.004383801948279142,0.18396851420402527
1778958645.7249553,-0.4141886901855469,-0.3634442138671883,-0.0029937744140625003,-0.11839571595191956,-0.011416520923376083,0.21075525879859924
1778958645.7450905,-0.5542973327636719,-0.4707710266113274,-0.035176849365234374,-0.07026943564414978,0.015412289649248123,0.21959906816482544
1778958645.7663558,-0.7200027465820313,-0.155077514648438,0.0892144775390625,0.004500255919992924,0.014774433337152004,0.26688051223754883
1778958645.7871015,-0.6357279968261719,-0.2724334716796868,-0.37077896118164066,0.025888431817293167,-0.0021752631291747093,0.21104887127876282
1778958645.8129497,-0.6068380737304688,0.0017962646484370737,-0.5025050354003906,0.09077049791812897,-0.014787271618843079,0.13264906406402588
1778958645.83275,-0.57240966796875,0.22932312011718814,-0.6685098266601562,0.1620483696460724,-0.034130390733480453,0.06448155641555786
1778958645.8580818,-0.4968168640136719,0.14145584106445241,-0.30865814208984377,0.19338655471801758,-0.09055225551128387,0.05501136556267738
1778958645.8818498,-0.21405487060546877,-0.3309617614746099,0.10732681274414063,0.21985812485218048,-0.09137018024921417,0.06842213124036789
1778958645.903608,0.2417472839355469,-0.7402107238769524,0.5102888488769531,0.2054295390844345,-0.07183773070573807,0.08435910195112228
1778958645.923501,0.4255650329589844,-0.8749305725097649,0.8346643066406251,0.13137128949165344,-0.05917653441429138,0.07250270992517471
1778958645.942892,0.4584965515136719,-0.4873864746093748,0.7378157043457032,0.07741948217153549,-0.01660558581352234,0.03560144826769829
1778958645.965228,0.44023452758789067,0.07244934082031307,0.32257919311523436,0.10689709335565567,0.012012232095003128,0.04534684494137764
1778958645.9861782,0.6935078430175782,0.304616546630859,0.05942642211914063,0.10038810223340988,0.05822087079286575,0.09697802364826202
1778958646.0068486,0.9818083190917969,0.23890319824218764,0.17004638671875,0.026924675330519676,0.11478270590305328,0.10327303409576416
1778958646.027744,1.4015354919433594,0.22962249755859432,0.3266207885742188,0.0032215332612395287,0.14440903067588806,0.114528588950634
1778958646.048518,1.4245875549316407,-0.009580078124999503,0.2927911376953125,0.08862581849098206,0.20938585698604584,0.12002204358577728
1778958646.1462045,0.9129515075683594,0.2272274780273431,0.7210505676269532,0.29865652322769165,0.37660330533981323,0.32968273758888245
1778958646.2023556,1.0277627563476563,0.8113128662109368,0.10538085937500001,0.37043729424476624,0.5334054231643677,0.4336795508861542
1778958646.2547617,0.8340655517578125,-1.4183006286621094,0.4110452270507813,0.25143468379974365,0.5325895547866821,0.3394344449043274
1778958646.309594,0.9331594848632813,0.04535568237304766,0.4831951904296875,0.21697551012039185,0.45809435844421387,0.25681957602500916
1778958646.3432436,1.031205596923828,0.6987469482421869,0.5542973327636719,0.14310038089752197,0.4565950930118561,0.1626727432012558
1778958646.3649883,0.8644523620605469,0.30386810302734446,0.5098397827148438,0.04543033242225647,0.5098910927772522,0.11409986019134521
1778958646.388958,0.961450653076172,-0.18576370239257756,0.36703674316406254,0.03914884477853775,0.5423361659049988,0.13025519251823425
1778958646.4099915,1.2088861083984375,-0.4668791198730471,0.2130070495605469,0.06608951091766357,0.5470755696296692,0.15854297578334808
1778958646.4321177,1.2304412841796875,-0.5337899780273432,0.13486953735351564,0.10696861147880554,0.5154836177825928,0.1785297989845276
1778958646.4515674,1.1768527221679688,-0.5221142578125004,-0.010029144287109375,0.10784902423620224,0.4587743282318115,0.1733330637216568
1778958646.4700086,1.1695179748535156,-0.3674858093261726,-0.025896148681640627,0.09116237610578537,0.4007825553417206,0.13837778568267822
1778958646.4901457,1.1570938110351563,-0.12349319458007812,0.06721023559570313,0.06561551988124847,0.31310969591140747,0.10393323004245758
1778958646.5071821,1.1337423706054688,-0.10103988647460938,0.016465759277343752,0.0669373869895935,0.27440446615219116,0.06169064715504646
1778958646.526203,1.1994557189941406,-0.11406280517578082,0.030237121582031252,0.07254911959171295,0.26095548272132874,0.045892134308815
1778958646.543424,1.3320799255371094,-0.14070739746093786,0.0059875488281250005,0.05562553182244301,0.2555871605873108,0.04094116762280464
1778958646.5648863,1.4678475952148438,-0.1577719116210936,0.022602996826171878,0.018932467326521873,0.23714154958724976,0.03264972195029259
1778958646.5832922,1.5465838623046875,-0.24519012451171918,0.0149688720703125,0.006656202487647533,0.21066585183143616,0.006443343125283718
1778958646.6012163,1.6576528930664063,-0.33395553588867166,-0.010029144287109375,0.008045278489589691,0.205263152718544,-0.010129083879292011
1778958646.619596,1.696871337890625,-0.3290158081054688,0.001047821044921875,0.007507055066525936,0.1931813806295395,-2.943212166428566e-05
1778958646.639748,1.7708175659179688,-0.3975732421874998,-0.02484832763671875,0.007089416496455669,0.18792439997196198,0.03214170038700104
1778958646.6593783,1.7381854248046875,-0.3770658874511721,-0.08711883544921875,0.010909857228398323,0.22698967158794403,0.04802431911230087
1778958646.682788,1.6567547607421875,-0.21674926757812507,-0.07858657836914062,0.006216592155396938,0.26157328486442566,0.026817698031663895
1778958646.701504,1.791474609375,-0.12409194946289048,-0.1682501220703125,0.06372934579849243,0.2800303101539612,0.013573063537478447
1778958646.719603,1.809437255859375,-0.09834548950195376,-0.13412109375,0.03208092227578163,0.26298442482948303,0.01370256394147873
1778958647.7842422,-0.41882904052734377,0.12439132690429666,0.8288264465332031,-0.051278576254844666,0.06703026592731476,-0.18451960384845734
1778958647.806662,-0.5846841430664063,-0.24519012451171918,0.7500901794433594,-0.04691336676478386,0.09556277841329575,-0.07456956803798676
1778958647.8275523,-0.6741979980468751,-0.304766235351563,0.9601034545898438,-0.029401294887065887,0.07461877167224884,-0.007911143824458122
1778958647.8453565,-0.6565347290039063,-0.22213806152343807,1.071471862792969,-0.009405003860592842,0.06577540934085846,-0.017657343298196793
1778958647.8657556,-0.8125103759765625,-0.19414627075195234,1.1903247070312502,-0.014964912086725235,0.09993477910757065,-0.10532258450984955
1778958647.8846004,-0.9948312377929688,-0.16675323486328075,1.0687774658203126,-0.019857272505760193,0.14901354908943176,-0.13106198608875275
1778958647.900641,-0.9755213928222657,-0.04236190795898409,0.9122030639648437,-0.014223888516426086,0.13847196102142334,-0.08626068383455276
1778958647.9202135,-0.6432124328613281,0.0913101196289059,0.7366181945800782,-0.004574453923851252,0.08127650618553162,0.011286521330475807
1778958647.9381447,-0.7065307617187501,0.07858657836914062,0.7146139526367188,-0.00128502631559968,0.05077303200960159,-0.007932011969387531
1778958647.9575946,-0.9836045837402344,-0.1062789916992184,0.8452922058105469,0.0178013164550066,0.07595135271549225,-0.07079912722110748
1778958647.976964,-1.0044113159179688,-0.22558090209961001,1.0503657531738282,0.035275835543870926,0.09440793842077255,-0.04938473179936409
1778958647.9993093,-0.7478448486328125,-0.33560211181640653,1.1151809692382812,0.030810272321105003,0.05129947513341904,-0.03171839565038681
1778958648.0187023,-0.3116519165039063,-0.30686187744140625,1.1000624084472657,0.01335810124874115,0.041650451719760895,-0.045710429549217224
1778958648.0386562,-0.43798919677734377,-0.20926483154296882,1.0089019775390626,0.00628234725445509,0.037040095776319504,-0.04989875853061676
1778958648.062953,-0.46598098754882816,-0.20836669921875028,1.0394384765625,0.020069904625415802,0.029135804623365402,-0.012417210265994072
1778958648.0837448,-0.6472540283203125,-0.4058061218261724,1.1901750183105468,-0.006418800912797451,-0.009158291853964329,0.04208789020776749
1778958648.1014433,-0.8264314270019532,-0.23321502685546847,1.2919633483886719,0.06826401501893997,0.07064312696456909,0.07293911278247833
1778958648.1221464,-0.7234455871582032,-0.19474502563476648,1.188977508544922,0.0003681071102619171,0.06779983639717102,0.105683334171772
1778958648.1882613,-0.49786468505859377,0.09160949707031207,0.95561279296875,0.08727525174617767,0.0770513042807579,0.06674471497535706
1778958648.3185325,-0.0544866943359375,-0.33006362915039134,1.2484039306640626,0.008040565066039562,0.029568862169981003,0.17416976392269135
1778958648.3724349,-0.47795608520507815,-0.07649093627929737,1.272952880859375,-0.016783900558948517,0.2224995195865631,0.1718420684337616
1778958648.3984525,0.24279510498046877,0.17768051147460895,1.3054353332519533,0.03392805904150009,0.1695234477519989,0.25501614809036255
1778958648.4198463,0.16630416870117187,-0.024099884033203622,1.3055850219726564,0.055850058794021606,0.1977449357509613,0.21890437602996826
1778958648.4407053,-0.3150947570800781,-0.10672805786132855,1.3904585266113283,0.03513910621404648,0.24098195135593414,0.2217666655778885
1778958648.4609337,0.1669029235839844,-0.07828720092773445,1.28133544921875,0.04882243275642395,0.2684684693813324,0.1944362372159958
1778958648.4830732,0.6385720825195312,0.2546205139160165,1.1189231872558594,0.03603329136967659,0.2404438555240631,0.19991318881511688
1778958648.5033214,0.47660888671875,0.5075944519042963,0.6026467895507813,0.06787902116775513,0.2013324797153473,0.2265836000442505
1778958648.5246809,0.17513580322265626,0.5963598632812506,0.47136978149414066,0.0722150206565857,0.16946560144424438,0.22416940331459045
1778958648.5403197,-0.24923171997070315,0.4819976806640618,0.5252577209472656,0.053606003522872925,0.15466244518756866,0.1753670871257782
1778958648.5593972,-0.34817596435546877,0.23321502685546847,0.43828857421875,0.04271739721298218,0.151515394449234,0.14616872370243073
1778958648.5817559,0.025896148681640627,-0.3210823059082024,0.5462141418457032,0.15047936141490936,0.19035306572914124,0.10763111710548401
1778958648.6010714,0.319735107421875,-0.688568115234375,0.7942483520507813,0.0424414686858654,0.11735771596431732,0.06850480288267136
1778958648.6205544,0.08337661743164063,-0.8369096374511713,0.8241860961914063,0.013864900916814804,0.10344963520765305,0.07335603982210159
1778958648.6405265,-0.14220428466796875,-0.4709207153320314,0.705333251953125,0.06293521076440811,0.1210143119096756,0.12209604680538177
1778958648.660081,-0.29832962036132815,0.16480728149414148,0.5965095520019531,0.09176501631736755,0.09273379296064377,0.15490910410881042
1778958648.6815557,-0.271834716796875,0.4311035156250007,0.23710693359375,0.08994006365537643,0.07521043717861176,0.11830177903175354
1778958648.7018468,-0.1824705505371094,0.6177653503417968,-0.16510665893554688,0.1096927598118782,0.061697572469711304,0.07915833592414856
1778958648.7224228,-0.1191522216796875,0.5484594726562495,-0.14340179443359377,0.0914059728384018,0.03618238866329193,0.05713542923331261
1778958648.7422433,0.0449066162109375,0.25222549438476527,0.011825408935546875,0.06516998261213303,-0.00445746211335063,0.07958685606718063
1778958648.763996,0.16151412963867187,-0.023052062988281108,0.061671752929687504,0.0891721174120903,-0.025627531111240387,0.08050667494535446
1778958648.7837982,0.3035687255859375,-0.07035369873046804,0.08996292114257813,0.13484527170658112,-0.035558976233005524,0.10488181561231613
1778958648.801794,0.3706292724609375,-0.04281097412109425,0.059725799560546876,0.11896858364343643,-0.06547623127698898,0.13316161930561066
1778958648.8190908,0.4053570556640625,-0.13995895385742152,-0.06436614990234375,0.10343234241008759,-0.05563332140445709,0.11314976960420609
1778958648.8405542,0.4314028930664063,-0.1661544799804684,-0.07080276489257813,0.0977969542145729,-0.05418809875845909,0.10487715154886246
1778958648.8717752,0.42885818481445315,-0.24069946289062472,0.12094848632812501,0.09652816504240036,-0.051381826400756836,0.13245247304439545
1778958648.891164,0.6246510314941407,-0.29877868652343764,0.08427474975585938,0.10502740740776062,-0.04973515495657921,0.11598121374845505
1778958648.9097629,0.7728428649902345,-0.10987152099609432,-0.06077362060546875,0.13540621101856232,-0.04674086719751358,0.10430372506380081
1778958648.9318495,0.8382568359375,-0.021255798339844034,-0.16959732055664065,0.13119804859161377,-0.05523853003978729,0.09508272260427475
1778958648.9508836,0.6816824340820313,-0.09714797973632727,-0.24129821777343752,0.11112955957651138,-0.04197090491652489,0.09306588023900986
1778958648.9695923,0.7915539550781251,-0.21046234130859354,-0.3507206726074219,0.11303529143333435,-0.03028329834342003,0.10286673158407211
1778958648.9876285,0.985550537109375,-0.29982650756836016,-0.38859191894531253,0.11499026417732239,-0.016131959855556488,0.12893016636371613
1778958649.0069327,1.2641212463378906,-0.18741027832031243,-0.4493655395507813,0.12558218836784363,-0.02401704713702202,0.15972749888896942
1778958649.0272517,1.2507989501953125,-0.2068698120117194,-0.45699966430664063,0.1208081841468811,-0.03586707264184952,0.1726670265197754
1778958649.0485988,0.9952803039550782,-0.29309051513671847,-0.4233197021484375,0.07393982261419296,-0.03823097050189972,0.12859898805618286
1778958649.0692613,0.9759704589843751,-0.14639556884765703,-0.36434234619140626,0.05914692208170891,-0.044230688363313675,0.16749410331249237
1778958649.0895145,0.8596623229980469,-0.3948788452148442,-0.42870849609375,0.030504994094371796,-0.03263114020228386,0.12927544116973877
1778958649.119186,1.294508056640625,0.03981719970703068,-0.21899459838867188,0.07071476429700851,0.003352982457727194,0.06881365180015564
1778958649.1399488,1.2960049438476564,0.5665718078613278,0.13561798095703126,0.06303990632295609,-0.03569893166422844,0.08811181038618088
1778958649.1605928,1.3437556457519533,0.5837860107421875,0.09894424438476564,0.045284073799848557,-0.03485718369483948,0.07937173545360565
1778958649.1824107,1.2237052917480469,0.31644195556640575,-0.09580078125000001,0.020401258021593094,-0.0015044412575662136,0.06879942119121552
1778958649.205036,1.349443817138672,-0.03293151855468679,-0.08367599487304687,-0.012073354795575142,-0.0061371345072984695,0.08966690301895142
1778958649.2252023,1.4760804748535157,-0.46747787475585945,0.026195526123046875,-0.05916683003306389,-0.02654121071100235,0.09375804662704468
1778958649.248687,1.7467176818847656,-0.6474037170410156,-0.07634124755859376,-0.0016907812096178532,-0.06369296461343765,0.11810041218996048
1778958649.2688096,1.4497352600097657,-0.47556106567382805,-0.11256591796875001,0.027365125715732574,-0.06918249279260635,0.14522990584373474
1778958649.285784,1.452429656982422,-0.22109024047851555,-0.20133132934570314,-0.019658120349049568,-0.1131196990609169,0.13696642220020294
1778958649.3027236,1.4400054931640627,-0.1781295776367191,-0.23605911254882814,-0.05719435587525368,-0.11885418742895126,0.1170692890882492
1778958649.349276,1.315913543701172,-0.005837860107421378,-0.20836669921875,-0.10228529572486877,-0.14305588603019714,0.09893003106117249
1778958649.3685744,1.3334271240234377,-0.2639012145996098,-0.13980926513671876,-0.08487959206104279,-0.15013845264911652,0.06459254026412964
1778958649.3872285,1.3064831542968751,-0.2176473999023436,-0.07259902954101563,-0.08903025090694427,-0.16370205581188202,0.07942135632038116
1778958649.4063487,1.680106201171875,-0.26479934692382834,-0.10403366088867189,-0.059163615107536316,-0.1446867138147354,0.034380603581666946
1778958649.4261386,1.684746551513672,-0.30386810302734446,0.001945953369140625,-0.05572482571005821,-0.14367352426052094,0.0014516119845211506
1778958649.4496102,1.8628761291503908,-0.343236236572265,-0.018112335205078125,-0.06109817326068878,-0.15431466698646545,0.017480185255408287
1778958649.4715333,1.907483367919922,-0.3812571716308586,-0.07604187011718751,-0.07769052684307098,-0.15835794806480408,0.008697515353560448
1778958649.4928927,1.9191590881347658,-0.22827529907226562,-0.004340972900390625,-0.06907596439123154,-0.18436376750469208,0.0019529038108885288
1778958649.5133417,1.9188597106933594,-0.24533981323242138,0.017812957763671877,-0.04472170025110245,-0.1592174917459488,0.017414454370737076
1778958649.531685,1.857187957763672,-0.3276686096191401,0.06511459350585938,-0.07299818843603134,-0.1446561962366104,0.02452821657061577
1778958649.57629,2.1739292907714844,-0.669258270263672,0.06870712280273437,-0.12499518692493439,-0.12174852937459946,-0.005549863446503878
1778958649.5945656,2.035467224121094,-0.6161187744140619,0.02005828857421875,-0.06712543219327927,-0.10515101999044418,-0.019467055797576904
1778958649.6153822,2.0437001037597655,-0.5019062805175789,0.09355545043945312,0.018524929881095886,-0.10975217819213867,-0.001414760947227478
1778958649.636461,2.062860260009766,-0.6292913818359374,0.21570144653320314,0.042112987488508224,-0.12945225834846497,-0.027936212718486786
1778958649.6564536,2.242935791015625,-0.7240443420410152,0.10089019775390626,0.013750577345490456,-0.13211417198181152,-0.07196637243032455
1778958649.6757073,2.2483245849609377,-0.5209167480468757,0.0652642822265625,-0.041358135640621185,-0.15205742418766022,-0.07156107574701309
1778958649.6975727,1.9938537597656252,-0.11600875854492188,0.1622625732421875,-0.11850492656230927,-0.17839644849300385,-0.05726466327905655
1778958649.7200406,1.7485139465332031,0.021704864501952414,0.11795471191406251,-0.15493713319301605,-0.19933044910430908,-0.09884026646614075
1778958649.7392101,1.886077880859375,0.20312759399414126,0.023201751708984378,-0.10657969117164612,-0.2038709968328476,-0.11444400250911713
1778958649.7588375,1.8079403686523439,0.2216889953613279,0.10283615112304688,-0.058605290949344635,-0.19808393716812134,-0.10858236253261566
1778958650.8514373,-0.75922119140625,0.18007553100586016,0.9605525207519532,0.01769692823290825,-0.3025885820388794,0.013314129784703255
1778958650.8714402,-0.2041754150390625,0.3704795837402344,0.9645941162109376,0.05329960957169533,-0.35233697295188904,0.14209982752799988
1778958650.8900304,0.26584716796875,0.35880386352538984,1.0148895263671875,0.07881850004196167,-0.44022178649902344,0.23659972846508026
1778958650.9067647,-0.024998016357421875,0.0038919067382821027,0.8649014282226563,0.08832385390996933,-0.43845316767692566,0.15735018253326416
1778958650.9251492,-0.19190093994140625,-0.0016465759277348724,0.6870712280273438,0.08045528084039688,-0.4122828245162964,0.11280295252799988
1778958650.9424753,-0.5242098999023438,0.23336471557617244,0.24623794555664064,0.07811939716339111,-0.4022068977355957,0.1211266741156578
1778958650.9606154,-0.4477189636230469,0.08966354370117102,-0.09520202636718751,0.14268997311592102,-0.42790916562080383,0.20348715782165527
1778958650.981986,-0.329315185546875,-0.2311193847656252,0.0688568115234375,0.17157980799674988,-0.4193197786808014,0.15560464560985565
1778958651.0000916,-0.1537303161621094,-0.42556503295898374,0.47077102661132814,0.16654935479164124,-0.4325000047683716,0.08221857994794846
1778958651.0226066,0.0161663818359375,-0.5533992004394523,0.6755451965332031,0.1735890805721283,-0.4527236521244049,0.09456236660480499
1778958651.0411985,-0.25731491088867187,-0.5044509887695305,0.5924679565429688,0.1587245911359787,-0.4328804314136505,0.12012128531932831
1778958651.0577877,-0.43379791259765627,0.018112335205078267,0.3983216857910156,0.11021050810813904,-0.4481202960014343,0.13873642683029175
1778958651.0741367,-0.37856277465820315,0.4748126220703117,0.08906478881835939,0.06319886445999146,-0.4876454770565033,0.10578615963459015
1778958651.0956888,-0.2567161560058594,0.7569758605957038,-0.1149609375,0.03955985605716705,-0.5474485754966736,0.0582888089120388
1778958652.185377,1.332528991699219,-0.14729370117187557,0.4836442565917969,-0.12579302489757538,-0.5756533741950989,-0.04003753140568733
1778958652.2070367,1.194965057373047,-0.07544311523437486,0.5084925842285156,-0.12040264904499054,-0.5738202333450317,-0.08607369661331177
1778958652.2284265,0.8403524780273438,-0.11316467285156229,0.4432283020019531,-0.15184924006462097,-0.5674512386322021,-0.12086430191993713
1778958652.249154,1.2352313232421877,-0.02963836669921882,0.44038421630859376,-0.083729088306427,-0.5983402729034424,-0.08000911772251129
1778958652.2671654,1.0535092163085937,-0.5198689270019532,0.5701643371582031,-0.17471647262573242,-0.6205142140388489,-0.128288134932518
1778958652.2870378,0.805924072265625,-0.6845265197753907,0.6038442993164063,-0.19004495441913605,-0.5754299163818359,-0.1863950490951538
1778958652.3047993,0.8574169921875,-0.5520520019531254,0.6146218872070313,-0.1532781571149826,-0.5804415345191956,-0.17710207402706146
1778958652.323605,1.0017169189453126,-0.33021331787109354,0.5075944519042969,-0.09608463943004608,-0.5824307799339294,-0.17288856208324432
1778958652.3404963,0.8768765258789063,-0.2600093078613277,0.5192701721191406,-0.08872531354427338,-0.6308698058128357,-0.19101333618164062
1778958652.3595161,1.0822494506835938,-0.19639160156249957,0.4471202087402344,-0.08476623147726059,-0.6898338794708252,-0.20887170732021332
1778958652.382953,0.7521858215332031,0.0017962646484370737,0.5517526245117188,-0.1162075400352478,-0.7051019072532654,-0.22852714359760284
1778958652.4082236,0.5661227416992187,0.7243437194824214,0.2848576354980469,-0.10402863472700119,-0.741032063961029,-0.19988523423671722
1778958652.429491,0.9265731811523438,0.6277944946289065,-0.36254608154296875,-0.04083152487874031,-0.7140848636627197,-0.18665282428264618
1778958652.4479306,0.7876620483398438,0.45146118164062443,-0.10927276611328125,-0.034779734909534454,-0.7277277112007141,-0.22199136018753052
1778958652.4669402,1.0318043518066407,0.03787124633789141,-0.07948471069335938,-0.00810274574905634,-0.7579768896102905,-0.21527932584285736
1778958652.4877963,1.1392808532714844,-0.18306930541992195,-0.013172607421875001,-0.004870167002081871,-0.791566014289856,-0.16626869142055511
1778958652.5158005,0.9770182800292969,0.06242019653320341,0.06661148071289062,-0.06856779009103775,-0.7699853777885437,-0.18424946069717407
1778958652.5350192,1.0123448181152344,0.2719844055175784,0.0413140869140625,-0.0776870921254158,-0.7403232455253601,-0.19884367287158966
1778958652.556131,1.0455757141113282,0.17109420776367124,-0.042361907958984375,-0.043725479394197464,-0.697782576084137,-0.19094829261302948
1778958652.5792153,1.0523117065429688,-0.10897338867187578,-0.06721023559570313,-0.032157398760318756,-0.6588749289512634,-0.1649918407201767
1778958652.6003404,0.9262738037109376,-0.27587631225585874,-0.10987152099609375,-0.03302726894617081,-0.6233450174331665,-0.14889033138751984
1778958652.619797,0.6547384643554688,-0.27018814086914134,-0.16675323486328125,-0.03346437215805054,-0.5755016207695007,-0.15971019864082336
1778958652.6371305,0.5734574890136719,-0.07050338745117202,-0.13965957641601562,-0.015380838885903358,-0.5452346801757812,-0.1544346660375595
1778958652.657329,0.6002517700195312,-0.035625915527344176,-0.17318984985351563,0.019969403743743896,-0.5189635157585144,-0.1601410210132599
1778958652.673707,0.6331832885742188,-0.07993377685546932,-0.1627116394042969,0.026806004345417023,-0.5123642086982727,-0.16571661829948425
1778958652.6958892,0.5312452697753907,-0.14774276733398395,-0.14519805908203126,0.021581679582595825,-0.4652603268623352,-0.1583324670791626
1778958652.715802,0.2854563903808594,-0.10597961425781222,-0.11391311645507814,0.004175785928964615,-0.4343760907649994,-0.140343576669693
1778958652.7368553,0.32706985473632816,-0.095202026367188,-0.1191522216796875,0.004801101982593536,-0.4226263165473938,-0.13391287624835968
1778958652.75675,0.4273612976074219,-0.17872833251953146,-0.09086105346679688,0.017947286367416382,-0.3943938612937927,-0.14979583024978638
1778958652.7757945,0.4159849548339844,-0.2272274780273431,-0.08547225952148438,-0.013994721695780754,-0.38238269090652466,-0.1623944193124771
1778958652.794328,0.4773573303222656,-0.15582595825195256,-0.13142669677734375,0.060064490884542465,-0.31321680545806885,-0.13519325852394104
1778958652.8153646,0.29219238281250004,-0.05298980712890611,0.038769378662109374,-0.009282809682190418,-0.32729393243789673,-0.11260489374399185
1778958652.834359,0.16301101684570313,-0.33275802612304695,-0.22378463745117189,-0.029665125533938408,-0.2510890066623688,-0.15851962566375732
1778958652.8542233,0.22602996826171876,-0.09789642333984361,-0.2417472839355469,-0.002385618630796671,-0.22393646836280823,-0.14220507442951202
1778958652.8746386,0.3333567810058594,0.08367599487304744,-0.14594650268554688,0.0437503419816494,-0.23095262050628662,-0.09593884646892548
1778958652.898067,0.2698887634277344,-0.030386810302735157,-0.06301895141601563,0.05783337354660034,-0.22044284641742706,-0.10655871778726578
1778958652.9177582,0.12783416748046875,-0.002844085693359588,-0.07379653930664062,0.03534095361828804,-0.2159605175256729,-0.11155379563570023
1778958652.940641,-0.08472381591796875,-0.04056564331054702,-0.1477427673339844,0.02015358954668045,-0.18337030708789825,-0.1295313835144043
1778958652.960312,-0.1389111328125,0.008981323242187145,-0.061372375488281256,0.02224082127213478,-0.18795806169509888,-0.12046618014574051
1778958652.9778383,-0.018112335205078125,-0.09550140380859418,-0.13936019897460938,0.02715573087334633,-0.22804833948612213,-0.11435624212026596
1778958652.9960072,-0.08562194824218751,-0.29488677978515554,-0.31793884277343754,0.050755031406879425,-0.24277302622795105,-0.1361483484506607
1778958653.0146897,-0.276624755859375,-0.22273681640625043,-0.23980133056640626,0.07179826498031616,-0.25817734003067017,-0.12830373644828796
1778958653.035767,-0.44158172607421875,-0.23875350952148366,-0.2279759216308594,0.06791386753320694,-0.2778794765472412,-0.10634428262710571
1778958653.056936,-0.4668791198730469,-0.3902384948730475,-0.316142578125,0.07830510288476944,-0.2590942680835724,-0.10332632064819336
1778958653.0764995,-0.42421783447265626,-0.2912942504882814,-0.3106040954589844,0.06779327243566513,-0.2552890479564667,-0.10723979026079178
1778958653.0966804,-0.39398071289062503,-0.046403503417968395,-0.21165985107421875,0.04325835034251213,-0.27812331914901733,-0.11326824873685837
1778958653.1160498,-0.37272491455078127,0.03966751098632848,-0.2267784118652344,0.03087032586336136,-0.30312293767929077,-0.11321216821670532
1778958653.1336446,-0.5062472534179687,-0.11645782470703203,-0.11466156005859375,0.026132259517908096,-0.2797549068927765,-0.1252489686012268
1778958653.1529222,-0.5480104064941407,-0.23366409301757862,-0.05553451538085938,0.009698106907308102,-0.2399715930223465,-0.12900346517562866
1778958653.1717312,-0.4025129699707031,-0.18187179565429723,-0.047451324462890625,0.004599767737090588,-0.1885637640953064,-0.12358459830284119
1778958653.191215,-0.4343966674804688,0.1263372802734377,0.05583389282226563,-0.013652980327606201,-0.14455196261405945,-0.09863079339265823
1778958653.2142038,-0.38634658813476563,0.41823028564453146,0.0059875488281250005,-0.024879053235054016,-0.13016848266124725,-0.08085417002439499
1778958653.2350874,-0.2716850280761719,0.42930725097656186,-0.20088226318359376,-0.024153901264071465,-0.12544682621955872,-0.07395949959754944
1778958653.2535884,-0.2721340942382813,0.18426681518554666,-0.22602996826171876,-0.016603514552116394,-0.1178697943687439,-0.05840068310499191
1778958653.2710018,-0.4071533203125,-0.10642868041992237,-0.03817062377929688,-0.015953170135617256,-0.09597541391849518,-0.05087645351886749
1778958653.2889724,-0.4848417663574219,-0.26225463867187493,0.040415954589843754,-0.010935507714748383,-0.0761985182762146,-0.05253826454281807
1778958653.3070347,-0.5399272155761718,-0.33829650878906214,0.1550775146484375,0.0009192358702421188,-0.04348822310566902,-0.031218303367495537
1778958653.3331704,-0.31524444580078126,-0.17887802124023366,0.08771759033203125,-0.02058185636997223,-0.0700700506567955,-0.012094516307115555
1778958653.3505452,-0.2977308654785156,0.08412506103515582,0.17393829345703127,0.01985134743154049,-0.07301410287618637,0.0018159686587750912
1778958653.3695095,-0.35161880493164066,0.18202148437499943,0.2543211364746094,-0.034328266978263855,-0.11643268167972565,0.01705564185976982
1778958653.386812,-0.602347412109375,-0.13501922607421868,0.061372375488281256,-0.1021415963768959,-0.15451520681381226,-0.0017484521958976984
1778958653.404483,-0.7596702575683594,-0.08786727905273395,-0.0034428405761718754,-0.10061783343553543,-0.1719016581773758,0.0025025438517332077
1778958653.4253724,-0.6698570251464844,0.017812957763672088,-0.016615447998046876,-0.08237110078334808,-0.20541122555732727,0.04437284916639328
1778958653.4467037,-0.6843768310546875,-0.03876937866210994,0.05239105224609375,-0.07886584103107452,-0.2197144776582718,0.03664008527994156
1778958653.4655633,-0.7107220458984376,-0.024548950195312003,0.058528289794921876,-0.07291150093078613,-0.2220466285943985,0.03807923197746277
1778958653.481344,-0.7797285461425781,-0.07170089721679673,0.07394622802734375,-0.0715537816286087,-0.20784008502960205,0.07243546098470688
1778958653.500265,-0.730331268310547,-0.09400451660156328,0.2136058044433594,-0.06434837728738785,-0.19841405749320984,0.09663975983858109
1778958653.5194786,-0.6568341064453125,-0.1932481384277338,0.20657043457031252,-0.05857498198747635,-0.19575604796409607,0.09089694917201996
1778958653.5373514,-0.6189628601074219,-0.23965164184570398,0.17992584228515626,-0.0650828406214714,-0.195552796125412,0.07692315429449081
1778958653.5589738,-0.6444099426269532,-0.3311114501953121,-0.008831634521484376,-0.04454405605792999,-0.17517852783203125,0.060857128351926804
1778958653.5760677,-0.769998779296875,-0.18157241821289105,-0.054636383056640626,-0.0030430620536208153,-0.1563771516084671,0.06723691523075104
1778958653.5929694,-0.7472460937500001,-0.1266366577148439,-0.09325607299804688,0.018131932243704796,-0.1481696218252182,0.06093524396419525
1778958653.6138015,-0.6771917724609375,-0.11286529541015611,0.03382965087890625,0.03207753598690033,-0.12245861440896988,0.06557834893465042
1778958653.6344812,-0.5685177612304688,-0.20342697143554744,0.207169189453125,0.014057306572794914,-0.10072724521160126,0.0753641128540039
1778958653.655585,-0.40969802856445314,-0.29309051513671847,0.3010240173339844,-0.02383669838309288,-0.09132063388824463,0.09408408403396606
1778958653.6762586,-0.3740721130371094,-0.28351043701171896,0.36658767700195316,-0.042428158223629,-0.07366439700126648,0.10451711714267731
1778958653.6997612,-0.5307962036132813,-0.17049545288085888,0.3591032409667969,-0.04576367884874344,0.0004257406108081341,0.12911415100097656
1778958653.7201807,-0.5204676818847657,-0.04520599365234368,0.32048355102539067,-0.04500214755535126,0.04586237668991089,0.16790157556533813
1778958653.7385588,-0.3745211791992188,0.02694396972656321,0.3375480651855469,-0.06120392680168152,0.0811893492937088,0.17014004290103912
1778958653.7623873,-0.2924917602539063,0.039218444824218324,0.31180160522460937,-0.054569777101278305,0.1114855483174324,0.14408156275749207
1778958653.7815046,-0.3158432006835938,0.12858261108398494,0.2805166625976563,-0.01495902519673109,0.1346638798713684,0.17041745781898499
1778958653.799461,-0.45415557861328126,0.04445755004882734,0.3200344848632813,-0.002862622495740652,0.17103737592697144,0.18229112029075623
1778958653.8183556,-0.5562432861328125,-0.019010467529296804,0.42945693969726567,-0.027954386547207832,0.20715494453907013,0.16515220701694489
1778958653.8386436,-0.4255650329589844,0.029039611816406463,0.40655456542968754,-0.04066372662782669,0.22540293633937836,0.1676517128944397
1778958653.8637109,-0.3333567810058594,0.025896148681640696,0.43664199829101563,-0.04555843770503998,0.235276460647583,0.17188124358654022
1778958653.881925,-0.28410919189453127,0.03802093505859361,0.47181884765625004,-0.026634322479367256,0.2367018312215805,0.17767563462257385
1778958653.9015455,-0.33635055541992187,-0.03727249145507727,0.46762756347656254,-0.027591930702328682,0.22533100843429565,0.15988394618034363
1778958653.9224803,-0.2785707092285156,-0.18426681518554666,0.199984130859375,-0.000838743057101965,0.2372504025697708,0.12598851323127747
1778958653.9394515,-0.14983840942382814,0.17363891601562464,0.23111938476562502,-0.035445693880319595,0.2014659196138382,0.1364239603281021
1778958653.9582376,-0.18950592041015626,0.2532733154296878,-0.04101470947265625,-0.04331178218126297,0.20909525454044342,0.08074572682380676
1778958653.9803934,0.07379653930664062,0.6457571411132808,-0.3124003601074219,0.05605382099747658,0.21632002294063568,0.09157247841358185
1778958654.0006952,0.44158172607421875,0.6439608764648437,-0.44143203735351566,0.1098255068063736,0.16697651147842407,0.12558434903621674
1778958654.0180216,0.4201762390136719,0.12049942016601634,0.03203338623046875,0.07304944843053818,0.12415322661399841,0.08374378085136414
1778958654.0443041,0.5745053100585937,-0.49202682495117145,0.39128631591796875,0.023412656038999557,0.12518653273582458,0.08908847719430923
1778958654.066134,0.4980143737792969,-0.9370513916015621,0.542322235107422,-0.0048343949019908905,0.20963738858699799,0.16508322954177856
1778958654.086435,0.5727090454101563,-0.6054908752441399,0.3362008666992188,0.005917335860431194,0.24427562952041626,0.2050478160381317
1778958654.106325,0.3921844482421875,-0.1034349060058588,-0.15073654174804688,0.038263242691755295,0.2694222629070282,0.19861789047718048
1778958654.1550126,0.32811767578125,0.45684997558593743,-0.3201841735839844,0.07256850600242615,0.2096322923898697,0.10407194495201111
1778958654.1762033,0.4927752685546875,0.0637673950195321,-0.21001327514648438,0.04264748468995094,0.21314004063606262,0.06936556845903397
1778958654.1982336,0.5691165161132813,-0.07170089721679673,-0.05313949584960938,0.025513648986816406,0.2253958135843277,0.08832893520593643
1778958655.7539394,0.9181906127929688,-0.4023632812500004,1.1064990234375,-0.048089638352394104,0.38482052087783813,-0.13329164683818817
1778958655.7742374,0.4025129699707031,-0.3427871704101566,1.1132350158691406,-0.07375543564558029,0.24843254685401917,-0.15344040095806122
1778958655.7981448,0.1802252197265625,-0.30177246093749943,0.9815089416503907,-0.09598167985677719,0.15834137797355652,-0.12286583334207535
1778958655.8184927,-0.03382965087890625,-0.24968078613281186,0.8524772644042969,-0.06786490976810455,0.13048584759235382,-0.13972745835781097
1778958655.83956,0.043559417724609376,-0.2421963500976556,0.7541317749023438,-0.04190985858440399,0.10129249095916748,-0.19198541343212128
1778958655.8669946,0.25881179809570315,-0.23426284790039098,0.8075706481933594,-0.031001893803477287,0.06021365523338318,-0.21758447587490082
1778958655.885462,-0.06511459350585938,-0.1537303161621093,0.9668394470214844,-0.02481555938720703,0.06558700650930405,-0.19473060965538025
1778958655.910194,-0.044307861328125,-0.05328918457031229,0.8514294433593751,-0.03644593805074692,0.05166136100888252,-0.12640169262886047
1778958655.9313154,0.15193405151367187,0.03772155761718743,0.7999365234375,-0.043956100940704346,0.020859789103269577,-0.133749857544899
1778958655.950856,0.49517028808593755,0.13846206665039062,0.8196954345703126,-0.0337039977312088,-0.017926489934325218,-0.19080835580825806
1778958655.9706109,0.5748046875,0.11600875854492188,1.0044113159179688,-0.0327027328312397,-0.06672671437263489,-0.18674258887767792
1778958655.9913108,0.22962249755859376,-0.04999603271484432,1.1988569641113282,-0.02241106703877449,-0.06106477975845337,-0.14267802238464355
1778958656.0141928,-0.19609222412109376,-0.12648696899413991,1.3801300048828127,-0.026740044355392456,-0.017407458275556564,-0.12728586792945862
1778958656.0330915,-0.0622705078125,-0.08966354370117102,1.490899658203125,-0.0512901246547699,-0.017023876309394836,-0.08005537837743759
1778958656.0535038,0.5917195129394531,0.38679565429687557,1.469045104980469,-0.0874144434928894,-0.10601943731307983,-0.0007041567005217075
1778958656.0757017,0.7744894409179688,0.7307803344726569,1.4097683715820313,-0.18225646018981934,-0.21128986775875092,0.12025059759616852
1778958656.094649,0.43529479980468755,0.8062234497070317,1.7941690063476563,-0.3955138325691223,-0.21991394460201263,0.2260425090789795
1778958656.1209753,0.024698638916015626,1.0741662597656259,2.3080503845214846,-0.6038615703582764,-0.3205547332763672,0.3640674352645874
1778958656.1392033,0.18426681518554688,0.9514215087890623,2.262844390869141,-0.7723407745361328,-0.5150323510169983,0.4364214539527893
1778958656.1595044,0.41149429321289066,0.14085708618164006,2.3668780517578125,-1.0406972169876099,-0.5836959481239319,0.5864752531051636
1778958656.1825569,0.7679031372070313,-0.5743556213378902,3.1783406066894533,-1.2541126012802124,-0.6506762504577637,0.9397233724594116
1778958656.2028644,1.5497273254394532,-2.104623413085938,1.8324893188476563,-1.423201084136963,-1.0673401355743408,1.324776291847229
1778958656.2216375,1.4361135864257812,-2.2445823669433596,0.8297245788574219,-1.285864233970642,-1.1420539617538452,1.3872637748718262
1778958656.24096,0.6662644958496095,-2.195783843994141,-0.8649014282226563,-0.9556463360786438,-1.4477590322494507,1.6694177389144897
1778958656.2581449,0.3477268981933594,-2.9087512207031248,-1.7625846862792969,-0.8342783451080322,-1.7945119142532349,1.9960495233535767
1778958656.274602,0.46792694091796877,-5.01322494506836,-4.067341918945313,-0.7029948234558105,-1.9476901292800903,1.827836275100708
1778958656.2929566,-0.4164340209960938,-7.615413665771484,-6.017037506103516,-0.15710733830928802,-1.7524592876434326,1.5483406782150269
1778958656.3138113,-0.6399192810058594,-11.55686737060547,-3.869154052734375,0.21901868283748627,-0.9859160780906677,1.6609712839126587
1778958656.3337288,0.6738986206054688,-12.972323913574218,2.1034259033203124,-0.026860790327191353,-0.7904173731803894,1.75480318069458
1778958656.3525195,3.105142822265625,-12.698543243408203,3.429518280029297,-0.08035892993211746,-1.1556627750396729,2.0577785968780518
1778958656.3754153,1.450034637451172,-11.52333709716797,0.49187713623046875,0.09551620483398438,-1.2446515560150146,2.378174304962158
1778958656.3961024,-2.3734643554687502,-9.391170959472657,-2.805166625976563,0.40288466215133667,-0.8974300622940063,2.120546579360962
1778958656.4158077,-2.0016375732421876,-6.284381561279297,-3.0388307189941406,0.5034274458885193,-0.8532556891441345,1.4787627458572388
1778958656.437966,4.291725311279297,-4.357438659667969,0.8175997924804688,0.3492870330810547,-1.3508713245391846,1.2082931995391846
1778958656.4653225,4.021537170410157,-4.862638092041016,-0.28695327758789063,0.9358033537864685,-1.404789924621582,1.3318936824798584
1778958656.486449,4.735702056884766,-4.171674957275391,-2.2634431457519533,1.1917613744735718,-1.4962005615234375,1.9532524347305298
1778958656.5063295,6.908733215332032,-6.060596923828125,-1.3615686035156251,1.350838303565979,-1.321785807609558,1.504721760749817
1778958656.5254304,11.007509765625,-6.623576202392579,1.6830999755859375,1.4140777587890625,-1.2306123971939087,1.1722747087478638
1778958656.544293,11.279643859863281,-6.514602813720703,0.8357121276855469,1.031258463859558,-1.0603511333465576,2.1647396087646484
1778958656.5656674,5.103936309814453,-1.9541862487792967,-2.1667442321777344,0.5367893576622009,-0.5094072222709656,2.5022976398468018
1778958656.6147983,4.878205718994141,1.9627185058593746,-3.1737002563476566,1.2914215326309204,0.9161622524261475,0.5673190355300903
1778958656.6334217,6.959477691650391,-1.2192146301269524,-5.14210693359375,0.7881830334663391,0.35283762216567993,0.7225692868232727
1778958656.649838,-0.17558486938476564,-0.5595364379882817,-2.146685943603516,0.68819260597229,0.7966564297676086,-0.07292123883962631
1778958656.666317,-1.1883787536621095,-0.2996768188476562,0.06855743408203126,0.6022705435752869,1.3014543056488037,-0.3004513382911682
1778958656.6808188,0.640667724609375,-2.707120513916016,3.3644036865234375,0.09923193603754044,2.3646552562713623,-0.1727416068315506
1778958656.6989462,10.245594177246094,0.07424560546875014,1.64058837890625,-0.12423202395439148,1.9628140926361084,0.25472208857536316
1778958656.7169454,11.484268341064453,2.273322601318359,-1.04662353515625,-0.023598577827215195,1.4332902431488037,0.1312296986579895
1778958656.7334254,14.841337280273438,4.765340423583984,-1.3629158020019532,-0.40557345747947693,0.23485618829727173,-1.032999038696289
1778958656.7488844,14.816339263916017,5.760021972656251,-2.3807991027832034,0.14284232258796692,-0.5913545489311218,-1.1299649477005005
1778958656.7664773,13.021421813964844,4.68705322265625,1.3971945190429689,0.11311239004135132,-1.0275652408599854,-1.2625764608383179
1778958656.7825212,8.299042053222657,0.26300308227539126,3.5786082458496096,-0.3070998191833496,-1.1689391136169434,-1.6271910667419434
1778958656.805097,11.732601928710938,-1.232686614990234,1.7688716125488282,-1.8191065788269043,-0.9492424726486206,-1.4134612083435059
1778958656.823685,15.186070404052735,-0.6563850402832028,-4.908293151855469,-2.7797279357910156,-0.5965293049812317,-1.1633217334747314
1778958656.8424535,9.779912567138672,2.101180572509765,-8.130043487548829,-2.893915891647339,0.019898509606719017,-0.9243381023406982
1778958656.859415,6.290219421386719,-3.645668792724609,-0.48139892578125004,-3.2367630004882812,1.407820224761963,-1.0919729471206665
1778958656.8747883,8.1574365234375,-7.694598999023437,-0.06661148071289062,-3.7699697017669678,1.3780076503753662,-1.01702082157135
1778958656.8931947,15.884817352294922,-6.026767272949219,-5.725144500732422,-3.5116467475891113,0.056969162076711655,-0.031407978385686874
1778958656.9101117,27.46802993774414,14.821278991699218,3.0557455444335937,-5.178326606750488,-2.1941914558410645,-0.2913857698440552
1778958656.9293263,14.77098358154297,14.289135589599612,5.8371116638183596,-6.257483005523682,-3.7716634273529053,-1.6819261312484741
1778958656.946988,2.3231689453125,9.397158508300782,9.659862213134765,-4.564387798309326,-4.453043460845947,0.6754221320152283
1778958656.9666128,4.165537719726562,-1.805096282958985,15.161970520019532,-3.600379467010498,-2.2428348064422607,1.2191218137741089
1778958656.9847212,8.431666259765626,-18.609301757812503,0.7566764831542969,-2.0252206325531006,3.115363836288452,1.9259060621261597
1778958657.0021293,20.045714721679687,-11.217523040771486,-5.736820220947266,-2.6928157806396484,1.940860390663147,3.118699550628662
1778958657.019715,6.857689361572266,-3.8628671264648435,0.37976028442382814,-1.6719356775283813,1.9819066524505615,1.7771825790405273
1778958657.0363326,-1.2169692993164063,-3.2501911926269536,7.599546661376953,-2.0514349937438965,1.5330947637557983,-0.2250770628452301
1778958657.0577955,-0.6450086975097656,-6.230044555664063,10.01791763305664,-2.1187193393707275,1.1608761548995972,0.5268423557281494
1778958657.078407,5.606141967773437,-8.940907287597657,6.404282226562501,-2.8680717945098877,0.45979762077331543,0.811504065990448
1778958657.0979285,5.156776428222656,-4.667893066406251,7.7865078735351565,-2.3090765476226807,0.6573020815849304,0.2898186445236206
1778958657.1177323,6.368506622314453,-3.6167788696289067,6.425388336181641,-1.8662998676300049,0.15381461381912231,0.13100038468837738
1778958657.1381845,7.780969390869141,-5.116659851074219,8.749904479980469,-0.7512101531028748,0.3698970079421997,0.07580521702766418
1778958657.1580474,11.957434387207032,-8.534951477050782,13.012739868164063,-1.6780792474746704,0.0344923734664917,-0.37373286485671997
1778958657.1772933,11.875255279541015,-14.781910858154298,-0.28530670166015626,-1.7072792053222656,-0.33019742369651794,-0.05648140609264374
1778958657.1983078,6.3813798522949226,-12.960199127197267,1.3097763061523438,-1.9448162317276,-1.03379225730896,0.07849996536970139
1778958657.2171414,2.284998321533203,-8.599916381835937,7.7790234375,-0.537389874458313,0.21653839945793152,-0.25086429715156555
1778958657.2401903,3.0395791625976565,-8.52866455078125,13.905034332275392,-1.9449059963226318,0.5768842697143555,0.16055776178836823
1778958657.2588043,8.813671875,-7.860005035400391,5.869145050048829,-1.554671049118042,0.8474115133285522,0.8300166130065918
1778958657.2806327,9.727970581054688,-5.908213806152344,3.1228060913085938,-1.1116070747375488,0.4734697639942169,0.23387135565280914
1778958657.3003163,6.042035522460938,-5.5799464416503906,6.491101684570313,-0.5908238887786865,0.43237265944480896,-0.1649002581834793
1778958657.319537,4.076622619628907,-9.625733184814454,14.175821228027344,-2.0224974155426025,0.6860586404800415,-0.03566297888755798
1778958657.340013,9.491163024902344,-12.103979644775391,4.183799743652344,-1.477347731590271,1.1142692565917969,0.23183293640613556
1778958657.357666,9.389973449707032,-8.506360931396484,3.4687367248535157,-1.401881456375122,-0.3035941421985626,0.35502707958221436
1778958657.3760033,4.3402244567871096,-8.690627746582031,7.648943939208984,-0.8963295221328735,-0.3638925850391388,0.11491813510656357
1778958657.3952706,3.5965708923339847,-10.601853332519532,8.859326934814453,-0.6174259185791016,-0.04632266238331795,-0.07230719923973083
1778958657.4152272,6.871610412597657,-10.606493682861329,11.325598297119141,-1.283193826675415,0.6273547410964966,1.116073727607727
1778958657.4344494,7.195836181640625,-8.518785095214845,6.243217163085938,-0.9179791808128357,0.8765424489974976,0.8813281059265137
1778958657.4528823,6.2349842834472655,-6.981182556152344,5.205574951171875,-0.4931192696094513,0.7233396172523499,0.5932600498199463
1778958657.471144,4.827461242675781,-9.710457000732422,5.618266754150391,-0.4877920150756836,0.5326954126358032,0.14522920548915863
1778958657.4901047,3.2913555908203125,-12.946876831054688,11.659104766845704,-1.5125349760055542,1.320692777633667,0.5839335918426514
1778958657.5086422,6.91008041381836,-11.197464752197266,6.45263168334961,-1.7722358703613281,1.1702539920806885,0.8325999975204468
1778958657.5273268,3.779041442871094,-9.525741119384765,2.8815078735351562,-1.3441895246505737,0.38870969414711,0.5513234734535217
1778958657.5484643,1.8793418884277344,-12.907808074951173,7.8869490051269535,-0.5252847671508789,0.757760226726532,-0.07454655319452286
1778958657.5675883,7.661368103027344,-12.684622192382813,16.03944580078125,0.16642040014266968,2.913820743560791,-1.4447011947631836
1778958657.5827816,14.844181365966797,-12.316986694335938,13.65206039428711,-0.952043890953064,1.3424280881881714,-0.30094751715660095
1778958657.6009617,13.677208099365235,-10.380763092041017,7.3110964965820315,-0.5340823531150818,0.7161888480186462,0.6530002355575562
1778958657.6179724,-0.6713539123535157,-17.041911163330077,4.788691864013672,0.19867873191833496,0.22260908782482147,-0.39129501581192017
1778958657.637422,-3.1091844177246095,-17.653688964843752,8.802295532226562,1.079667568206787,0.3327676057815552,-0.19211260974407196
1778958657.6587362,3.9913000488281254,-14.744937744140625,8.70065689086914,0.6627073884010315,-0.25188037753105164,0.21703344583511353
1778958657.6764936,5.655389556884766,-7.1611083984375,7.2599029541015625,0.37131989002227783,0.03278464823961258,-0.26548460125923157
1778958657.698098,3.0241612243652347,-0.7608677673339841,10.087971954345704,-0.08069067448377609,0.05230636149644852,-0.2484908550977707
1778958657.7167122,1.9845730590820314,-3.5473233032226563,10.299332427978516,-0.011175442487001419,0.18613070249557495,-0.6836979985237122
1778958658.8387392,4.201912078857422,-5.148992614746094,5.718258819580078,0.45022299885749817,0.0916212722659111,-0.11670078337192535
1778958658.8581307,4.3683659362792975,-5.075794830322266,7.6703494262695315,0.39597928524017334,0.07526224106550217,-0.10691672563552856
1778958658.8765752,4.481380920410157,-5.077142028808594,9.36781951904297,0.3233635425567627,0.11183349043130875,-0.05014125257730484
1778958658.8969693,5.3458332824707036,-5.123246154785156,6.611750793457031,0.28639572858810425,-0.059775322675704956,0.005109166260808706
1778958658.917584,4.9265551757812505,-5.071154479980469,4.903952178955079,0.5199854373931885,-0.11015332490205765,0.043111976236104965
1778958658.936733,3.7145256042480472,-4.872667236328125,8.148455200195313,0.3295961916446686,-0.023260818794369698,0.016029048711061478
1778958658.9533877,3.677103424072266,-5.105732574462891,9.647737426757812,0.2664361596107483,0.0389074832201004,-0.03451642021536827
1778958658.968465,4.774471435546875,-5.266947326660157,9.011260986328125,0.1942942589521408,-0.06353113055229187,-0.025289520621299744
1778958658.9855306,4.678670654296876,-5.348377990722657,5.586532745361328,0.10378815233707428,-0.20504887402057648,-0.08704516291618347
1778958659.003117,4.443359985351563,-5.399272155761719,4.972958679199219,0.13347451388835907,-0.2230810672044754,-0.10136106610298157
1778958659.020378,4.072730712890626,-4.802313537597657,7.134463806152344,0.14531578123569489,-0.15705576539039612,-0.10331517457962036
1778958659.0363712,4.5355682373046875,-4.805457000732422,8.76053237915039,0.011733634397387505,-0.17661152780056,-0.17952904105186462
1778958659.05599,5.098846893310547,-5.062622222900391,7.029681701660157,-0.10474330186843872,-0.2907159626483917,-0.2131844311952591
1778958659.076803,4.381388854980469,-4.881648559570313,5.410199432373047,-0.046016938984394073,-0.21263615787029266,-0.19826124608516693
1778958659.096316,4.009562072753907,-4.646188201904297,6.565047912597657,0.007314937189221382,-0.07898340374231339,-0.14412465691566467
1778958659.1815856,3.965553588867188,-4.741839294433594,6.181395721435547,0.1815994381904602,0.0922103002667427,-0.19152158498764038
1778958659.2029297,3.964655456542969,-4.6378056335449225,7.093299407958985,0.2098088264465332,0.14617836475372314,-0.18048377335071564
1778958659.2208726,4.825515289306641,-4.7294151306152346,7.912845153808594,0.21961769461631775,0.10506975650787354,-0.2426777482032776
1778958659.2394907,4.626129913330078,-4.8506629943847654,7.069049835205078,0.1836034208536148,0.011062237434089184,-0.23697911202907562
1778958659.2583177,3.942052459716797,-4.9265551757812505,6.400090942382813,0.27250078320503235,0.057006917893886566,-0.1269906908273697
1778958659.2762961,4.221670989990234,-4.7116021728515625,7.08252182006836,0.30642858147621155,0.1075344830751419,-0.17050407826900482
1778958659.2950532,4.830604705810547,-4.320016479492188,7.60703109741211,0.43053725361824036,0.086677186191082,-0.2578640878200531
1778958659.314114,4.362079010009766,-4.846771087646484,7.405400390625,0.3906002342700958,0.010072588920593262,-0.2975213825702667
1778958659.3348038,4.596790924072266,-4.780309295654297,6.221661987304688,0.4304675757884979,0.00835224986076355,-0.23307251930236816
1778958659.3564575,4.062551879882813,-4.380041656494141,6.668782196044922,0.4956957697868347,0.0782909020781517,-0.18872088193893433
1778958659.4018075,4.159400482177735,-4.368815002441407,7.497009887695313,0.53564453125,0.06193685159087181,-0.16260644793510437
1778958659.4225514,4.112547912597656,-4.231849822998047,6.257886657714844,0.5867540836334229,0.05069315806031227,-0.3140019476413727
1778958659.4401515,4.0848554992675785,-4.015549621582031,6.0658360290527344,0.6233020424842834,-0.002034488134086132,-0.28428930044174194
1778958659.4590192,3.7675154113769533,-4.045786743164062,6.510860595703125,0.711302638053894,-0.010366905480623245,-0.19789838790893555
1778958659.47728,3.716022491455078,-4.076323242187501,7.425308990478516,0.6380502581596375,-0.06349526345729828,-0.22523221373558044
1778958659.4930623,4.2104443359375,-4.202361145019531,6.687942352294923,0.5576451420783997,-0.1494801640510559,-0.2316926270723343
1778958659.5107229,4.14143783569336,-4.077371063232422,6.058351593017578,0.5234096646308899,-0.15973280370235443,-0.2108595222234726
1778958659.533009,2.747985534667969,-3.0162277221679688,6.089187469482423,0.47262042760849,-0.05294303968548775,-0.12235407531261444
1778958659.5509036,3.184926910400391,-2.446063385009766,7.240293731689453,0.47077423334121704,-0.06941589713096619,-0.13906006515026093
1778958659.5687876,3.5938764953613282,-2.5105792236328126,7.7707905578613286,0.45622509717941284,-0.12172916531562805,-0.19606663286685944
1778958659.616524,3.5461257934570316,-2.9011170959472654,5.001998291015625,0.43282243609428406,-0.19355888664722443,-0.3002689778804779
1778958659.6339564,3.5351985168457034,-2.6951454162597654,6.031856689453125,0.5238964557647705,-0.14959374070167542,-0.3084295690059662
1778958659.6529837,3.8609211730957034,-3.080294494628906,6.306385803222657,0.5672978162765503,-0.1515476256608963,-0.3264881670475006
1778958659.6720273,4.305796051025391,-3.251239013671875,5.386398925781251,0.5379577875137329,-0.2375367283821106,-0.3005693256855011
1778958659.6904702,4.165238342285156,-3.1093341064453126,4.680167541503907,0.6107783317565918,-0.223907932639122,-0.20066411793231964
1778958659.7110746,3.8716987609863285,-2.6018893432617185,5.068460083007813,0.6902182698249817,-0.2069409191608429,-0.14463457465171814
1778958659.7321587,3.8315821838378907,-2.4908203125000004,5.172044677734375,0.8247388601303101,-0.08206767588853836,-0.14544454216957092
1778958659.749841,3.5854939270019535,-2.4013064575195315,5.9321640014648445,0.6390107870101929,-0.13688598573207855,-0.10199157893657684
1778958659.7678308,3.4820590209960938,-2.4818389892578123,5.620212707519531,0.68128502368927,-0.14141309261322021,-0.05976662039756775
1778958660.1579497,3.8676571655273437,-2.322719879150391,5.319188690185547,0.6910195350646973,-0.110512875020504,0.08063702285289764
1778958660.3695662,6.041137390136719,-2.2653890991210934,2.1748274230957034,0.7426767349243164,0.24871821701526642,0.5947051048278809
1778958660.3864074,6.008654937744141,-2.3867866516113283,2.8198361206054687,0.5835846662521362,0.1650868058204651,0.36843442916870117
1778958660.4082992,5.624403991699219,-2.1459375000000005,2.4469615173339845,0.45316019654273987,0.2358834445476532,0.09178423136472702
1778958660.669569,6.477330322265625,-2.065704345703125,1.235979766845703,0.5607714056968689,0.02343607135117054,-0.2151181995868683
1778958660.6887949,7.023095397949219,-1.8750009155273437,-0.9310638427734376,-0.26936593651771545,-0.08972662687301636,-0.08330657333135605
1778958660.7118948,8.513995056152345,1.250349884033204,-1.1773017883300783,-0.16339312493801117,-0.15601931512355804,-0.10692713409662247
1778958660.731315,6.784042510986328,2.1368064880371094,-0.1742376708984375,-0.07443253695964813,-0.11461695283651352,-0.0693211629986763
1778958660.7498858,5.179529113769531,-0.29458740234374936,0.1375639343261719,-0.10018302500247955,0.005828505847603083,-0.18524335324764252
1778958660.768464,5.6821838378906255,-2.6899063110351564,-0.4604425048828125,-0.0641787201166153,0.08285242319107056,-0.2455235719680786
1778958660.7873313,6.4991848754882815,-3.414699096679688,-0.20207977294921875,-0.0051279026083648205,0.16911470890045166,-0.020515432581305504
1778958660.8047316,6.187832336425782,-3.182531890869141,0.5571414184570312,-0.16128523647785187,0.22017429769039154,0.15161894261837006
1778958660.8236923,5.960904235839844,-2.7776239013671873,0.09550140380859376,-0.25899189710617065,0.08446896076202393,0.05456993728876114
1778958661.0793176,5.889203338623047,-2.3643333435058596,-0.48020141601562505,-0.06692098081111908,0.1280183047056198,0.08808768540620804
1778958661.099641,6.104904785156251,-1.9342776489257814,1.7067507934570314,0.24298761785030365,0.20223546028137207,-0.20063826441764832
1778958661.1200187,6.874454498291016,-1.5829582214355469,0.5894741821289062,0.41962891817092896,0.09782681614160538,-0.16401077806949615
1778958661.1405754,4.469854888916016,-1.6084053039550774,1.2500505065917968,0.55063396692276,0.25417864322662354,-0.11226550489664078
1778958661.1598897,3.188818817138672,-2.2270687866210936,2.519560546875,0.3879531919956207,0.3673877418041229,-0.2021297812461853
1778958661.1805708,4.5584706115722655,-2.6920019531250006,2.3558010864257812,0.21905571222305298,0.2148364931344986,-0.27609938383102417
1778958661.2002532,6.588249664306641,-2.3763084411621094,0.719703369140625,0.16222909092903137,-0.027615603059530258,-0.21011769771575928
1778958661.2214282,6.222859497070313,-2.219284973144531,0.5770500183105469,0.2747422456741333,-0.05475256219506264,-0.15154419839382172
1778958661.2387533,5.144501953125,-1.9534378051757812,1.845063171386719,0.21344149112701416,-0.21155822277069092,-0.13605090975761414
1778958661.2577627,4.5361669921875,-2.556982727050781,2.9650341796875,0.08927986025810242,-0.27873164415359497,-0.23799698054790497
1778958661.277465,4.851561126708985,-2.817740478515625,2.085612945556641,-0.10363009572029114,-0.3858201205730438,-0.2779928743839264
1778958661.2964256,4.505480804443359,-2.3574476623535157,1.0636880493164063,-0.12361723929643631,-0.3254010081291199,-0.17657361924648285
1778958661.318187,4.243076477050781,-1.380579071044922,0.8632548522949219,-0.04982760548591614,-0.24546198546886444,-0.1552804559469223
1778958661.3359795,4.565805358886719,-1.6530125427246087,1.8937120056152346,-0.09893558919429779,-0.4184299111366272,-0.30333206057548523
1778958661.3533888,6.059399414062501,-3.2641122436523435,0.7129673767089844,-0.07774193584918976,-0.6168309450149536,-0.14870819449424744
1778958661.371292,4.558021545410156,-3.9935453796386717,1.0539582824707032,-0.02424616739153862,-0.5669882297515869,-0.029785461723804474
1778958661.3913724,4.330345001220703,-3.1883697509765625,1.0361453247070314,-0.0786968469619751,-0.6708366274833679,0.06965034455060959
1778958661.4077253,4.979844360351563,-2.874322814941406,0.4644841003417969,-0.04076140373945236,-0.7530540227890015,0.08430555462837219
1778958661.4246612,6.15041015625,-3.1605276489257816,-0.9705816650390625,0.2041240930557251,-0.9240031838417053,0.13488547503948212
1778958661.4425845,5.982160034179688,-3.754492492675781,0.17528549194335938,0.3311547040939331,-0.7793423533439636,0.19174274802207947
1778958661.4634352,4.79288314819336,-3.402125244140625,3.3350646972656253,0.3269805610179901,-0.6622335314750671,0.15524840354919434
1778958661.796516,5.908363494873047,-1.9449055480957034,1.5480807495117188,0.13394731283187866,-1.1344091892242432,0.30769428610801697
1778958661.9079468,5.094954986572266,-0.9854008483886716,-5.733976135253907,0.5166984796524048,-0.29209864139556885,-0.535667896270752
1778958661.92637,4.509672088623047,-1.042432250976562,-5.533692626953125,0.4980456233024597,-0.30491167306900024,-0.5522801280021667
1778958661.948673,4.122726745605469,-1.5932867431640627,-5.602549438476562,0.5368553400039673,-0.16863152384757996,-0.5469692349433899
1778958662.3076224,3.544329528808594,-2.829715576171875,-5.101092224121094,0.495635986328125,0.28318989276885986,-0.38587138056755066
1778958662.7178688,2.9862899780273438,-1.7552499389648446,-4.158053283691406,-0.600692629814148,0.4663257598876953,-0.4015735983848572
1778958662.930814,4.642595672607422,-2.405497741699219,-1.708696746826172,-0.07238277792930603,0.6306580901145935,-0.005236995872110128
1778958662.9487598,4.618495788574219,-2.407144317626953,-1.4876065063476562,-0.13350018858909607,0.6042141914367676,0.03360201418399811
1778958662.969133,3.9663020324707032,-2.50758544921875,-1.242865447998047,-0.18207630515098572,0.6377593874931335,-0.01566186733543873
1778958662.9867065,3.8507423400878906,-2.6447003173828127,-1.0225236511230469,-0.1978478878736496,0.7102574110031128,-0.11877696216106415
1778958663.004215,3.8181101989746096,-2.8886929321289063,-1.332678680419922,-0.21439023315906525,0.6861832737922668,-0.1773562729358673
1778958663.024134,4.0829095458984375,-2.5035438537597656,-1.6172369384765626,-0.2105192095041275,0.5931398272514343,-0.1499713808298111
1778958663.043725,4.281546478271484,-1.8294955444335939,-1.4311738586425782,-0.20248113572597504,0.48466044664382935,-0.09818307310342789
1778958663.064658,4.1534129333496095,-1.290915527343751,-0.8195457458496094,-0.2289845496416092,0.41629236936569214,-0.11362762749195099
1778958663.0815308,3.7779936218261723,-1.2211605834960935,-0.21420455932617188,-0.29938891530036926,0.41754350066185,-0.27166929841041565
1778958663.1004071,3.5199302673339847,-1.2605287170410158,-0.5566923522949219,-0.33575239777565,0.3865572214126587,-0.4094208776950836
1778958663.1183307,3.9643560791015626,-1.3609698486328128,-0.6749464416503906,-0.3439474403858185,0.36057522892951965,-0.42296871542930603
1778958663.1364365,4.383185119628907,-1.3988410949707024,-0.6716532897949219,-0.363452285528183,0.20741452276706696,-0.3607694208621979
1778958663.1565928,4.584217071533203,-1.4557228088378906,-0.7060816955566407,-0.4356476366519928,0.10062983632087708,-0.27666568756103516
1778958663.1802127,3.2742910766601563,-0.750389556884766,-0.9467811584472656,-0.4454607367515564,0.12427862733602524,-0.2707400619983673
1778958663.2018855,3.1388227844238283,-0.5911207580566398,-1.0904823303222657,-0.36018601059913635,0.16793204843997955,-0.3143925368785858
1778958663.2213776,3.231031036376953,-0.3116519165039069,-1.1883787536621095,-0.3323107063770294,0.21756510436534882,-0.340239554643631
1778958664.3733094,1.0315049743652345,-0.13576766967773501,0.38350250244140627,-0.0003876686096191406,0.5143570899963379,0.1642160713672638
1778958664.4233887,1.2278965759277345,-0.33709899902343743,0.33485366821289064,0.04417308419942856,0.5807968974113464,0.06399551779031754
1778958664.44751,0.8738827514648438,-0.3330574035644531,0.5240602111816407,-0.07168451696634293,0.5867729783058167,0.017435703426599503
1778958664.4714963,0.8795709228515626,-0.4173321533203129,0.47601013183593754,-0.09693693369626999,0.6483984589576721,-0.0765000432729721
1778958664.4899678,0.8655001831054688,-0.21929397583007848,0.5442681884765626,-0.09251052141189575,0.6376281380653381,-0.039692722260951996
1778958664.5113409,0.5310955810546876,0.08173004150390639,0.6819818115234375,-0.11039835959672928,0.5994890332221985,0.010968748480081558
1778958664.53141,0.5225633239746094,-0.08502319335937436,0.7726931762695313,-0.11108175665140152,0.6141347289085388,-0.028465714305639267
1778958664.554328,0.8628057861328126,-0.026794281005859233,0.8641529846191407,-0.10664341598749161,0.601158857345581,0.007847914472222328
1778958664.5746572,1.0422825622558594,0.32587234497070305,0.9431886291503907,-0.11842066049575806,0.5385550260543823,-0.057826247066259384
1778958664.5951407,1.1517050170898437,-0.19983444213867152,-0.06990463256835938,-0.04534772038459778,0.5162922143936157,-0.3394734263420105
1778958664.647593,0.32213012695312504,1.4588662719726564,-1.0565029907226564,0.11117708683013916,0.2771981358528137,-0.025147369131445885
1778958664.6673763,0.1778302001953125,0.8861572265624993,-0.6256988525390625,0.09773579239845276,0.25564059615135193,0.08838247507810593
1778958664.6895986,0.46119094848632813,0.3062631225585939,0.0185614013671875,0.11010031402111053,0.27711722254753113,0.039008770138025284
1778958664.7084198,1.0924282836914063,-0.04969665527343814,0.48828460693359377,0.1366146206855774,0.3187326192855835,0.03471936285495758
1778958664.838954,0.7661068725585938,-0.08232879638671875,-0.33440460205078126,0.028706565499305725,0.43680670857429504,0.16324612498283386
1778958664.8961153,1.1933184814453126,-0.2165995788574211,-0.04176315307617188,0.03354710713028908,0.44589218497276306,0.0955863893032074
1778958664.9490538,1.24780517578125,-0.5272036743164055,0.21001327514648438,-0.0782661885023117,0.4790991246700287,0.12252315133810043
1778958664.9895573,1.5859519958496096,-0.051343231201171236,-0.44337799072265627,-0.029867881909012794,0.4671121835708618,0.11330659687519073
1778958665.0119615,1.8841319274902344,-0.0709524536132804,-0.20537292480468752,-0.03955454379320145,0.4423021972179413,0.1544467955827713
1778958665.0359347,2.117047576904297,-0.19384689331054616,-0.19788848876953127,-0.007685788441449404,0.4358822703361511,0.19508711993694305
1778958665.086584,2.075284423828125,-0.5409750366210933,-0.14444961547851562,0.0210860762745142,0.47230422496795654,0.21279142796993256
1778958665.1069627,2.136207733154297,-0.5445675659179692,-0.2836601257324219,0.054975755512714386,0.4961380064487457,0.19393447041511536
1778958665.1294806,2.354154510498047,-0.5812413024902341,-0.49052993774414066,0.115126833319664,0.4953760504722595,0.20864859223365784
1778958665.1464756,2.561174011230469,-0.7168592834472651,-0.5559439086914063,0.10467784851789474,0.4884644150733948,0.20492209494113922
1778958665.164925,2.7425967407226564,-0.7455995178222654,-0.5908213806152344,0.1092473492026329,0.4787270724773407,0.18382979929447174
1778958665.1832168,2.7035279846191407,-0.6625222778320321,-0.5049000549316407,0.12517055869102478,0.5117506980895996,0.15107060968875885
1778958665.2002983,2.5706044006347657,-0.35715728759765675,-0.41044647216796876,0.16594675183296204,0.5518260598182678,0.16170808672904968
1778958665.2175446,2.821183319091797,-0.2311193847656252,-0.4831951904296875,0.20691587030887604,0.5485953092575073,0.14641344547271729
1778958665.2376442,2.812651062011719,-0.24683670043945227,-0.45026367187500005,0.216948002576828,0.5917084813117981,0.13867215812206268
1778958665.255029,2.396067352294922,-0.3320095825195306,-0.31344818115234374,0.2291748970746994,0.7316932082176208,0.15704312920570374
1778958665.3146126,2.635718994140625,-0.6215075683593749,-0.33605117797851564,0.31595316529273987,0.9009615182876587,0.15544819831848145
1778958665.3413007,2.1354592895507816,-0.36823425292968714,-0.18217117309570313,0.25890010595321655,0.9976363778114319,0.19426578283309937
1778958665.3618484,3.0460157775878907,-0.32841705322265646,-0.34443374633789064,0.29133105278015137,0.9627140760421753,0.23016971349716187
1778958665.384192,2.836750946044922,-0.4679269409179696,-0.2582130432128906,0.27281907200813293,0.9647268056869507,0.15788783133029938
1778958665.402255,2.3412812805175784,-0.3384461975097661,-0.195194091796875,0.3358422517776489,1.0057835578918457,0.10111537575721741
1778958665.4203606,2.2878424072265626,-0.28934829711914034,-0.14325210571289063,0.27750810980796814,1.0243078470230103,0.06366892904043198
1778958665.437354,2.5174649047851565,-0.42002655029296854,-0.3303630065917969,0.23085074126720428,1.040074110031128,0.05640155076980591
1778958665.4552076,2.660717010498047,-0.4267625427246102,-0.3469784545898438,0.257173627614975,1.0757514238357544,0.06120329722762108
1778958665.4749956,2.5770410156250003,-0.39143600463867223,-0.24219635009765625,0.2769951820373535,1.1026172637939453,0.06218314543366432
1778958665.4933538,2.5417144775390628,-0.33560211181640653,-0.2347119140625,0.2792910933494568,1.0873826742172241,0.054267965257167816
1778958665.5116262,2.6707461547851565,-0.3990701293945307,-0.20148101806640625,0.3038436472415924,1.0477288961410522,0.00853770412504673
1778958665.530484,2.652484130859375,-0.6051914978027337,-0.1621128845214844,0.3051080107688904,1.0601221323013306,-0.019250165671110153
1778958665.5490046,2.5331822204589844,-0.47900390625,-0.06691085815429688,0.27962279319763184,1.0720583200454712,0.008726464584469795
1778958665.566966,2.6728417968750002,-0.23845413208007749,-0.17318984985351563,0.27977806329727173,1.0723791122436523,-0.011532222852110863
1778958665.5852625,2.661764831542969,-0.16795074462890547,-0.2827619934082031,0.27319255471229553,1.093724012374878,-0.049815114587545395
1778958665.6054392,2.659220123291016,-0.17333953857421847,-0.35206787109375004,0.26861488819122314,1.0594360828399658,-0.029528016224503517
1778958665.6231103,3.224594421386719,-0.4147874450683595,-0.506546630859375,0.25529879331588745,0.972690761089325,-0.0035376420710235834
1778958665.6410503,3.1117291259765625,-0.5825885009765628,-0.4601431274414063,0.2380194067955017,0.9720169901847839,-0.016396980732679367
1778958665.6591578,2.561473388671875,-0.5412744140624994,-0.20672012329101563,0.18247152864933014,0.995049774646759,-0.02047806791961193
1778958665.6811728,2.4093896484375,-0.42242156982421797,-0.15941848754882812,0.18254274129867554,1.017907977104187,-0.0005396236665546894
1778958665.6990848,2.7761270141601564,-0.4273612976074226,-0.22887405395507815,0.22397956252098083,1.0022705793380737,0.00599321536719799
1778958665.7190237,2.91473876953125,-0.47900390625,-0.2333647155761719,0.22712428867816925,0.9776606559753418,-0.01985868439078331
1778958665.7508276,2.690804443359375,-0.4653822326660162,-0.1675016784667969,0.18745502829551697,0.930911660194397,-0.030474450439214706
1778958665.7847273,2.822380828857422,-0.6469546508789055,-0.0652642822265625,0.11670515686273575,0.8498464226722717,-0.061694882810115814
1778958665.8051271,2.628533935546875,-0.6230044555664058,-0.030237121582031252,0.06581554561853409,0.8593506217002869,-0.09686797857284546
1778958665.8238926,2.5689578247070313,-0.4242178344726568,-0.05014572143554688,0.03531397134065628,0.8544493317604065,-0.08063455671072006
1778958665.8422787,2.6015899658203128,-0.28096572875976555,0.0061372375488281256,0.03300538659095764,0.8175768256187439,-0.09346257150173187
1778958665.8635461,2.519410858154297,-0.16346008300781278,0.12558883666992188,-0.011300446465611458,0.7636279463768005,-0.16378478705883026
1778958665.8863504,2.4673191833496095,-0.2667453002929694,-0.030087432861328128,0.023003917187452316,0.7483252882957458,-0.19732137024402618
1778958665.9040596,2.239492950439453,-0.31883697509765696,-0.01107696533203125,-0.04259759187698364,0.7228339314460754,-0.1764439046382904
1778958665.9232879,2.1547691345214846,-0.40505767822265604,-0.017064514160156252,-0.10583186149597168,0.7110064625740051,-0.18427929282188416
1778958665.9664993,2.0564236450195312,-0.22378463745117116,0.21600082397460937,-0.0739063173532486,0.7018980979919434,-0.18041913211345673
1778958665.9884584,2.115700378417969,-0.06721023559570227,0.4243675231933594,-0.0043008821085095406,0.6090760231018066,-0.17813757061958313
1778958666.0087314,2.07169189453125,-0.18336868286132812,0.20492385864257814,-0.01678319461643696,0.5511965155601501,-0.18592700362205505
1778958666.0278926,1.8579364013671875,-0.274678802490234,-0.03817062377929688,-0.036774564534425735,0.48234260082244873,-0.16951492428779602
1778958666.0494926,2.030826873779297,-0.31629226684570355,-0.04819976806640625,-0.031927160918712616,0.38361117243766785,-0.17771019041538239
1778958666.0686986,1.9616706848144532,-0.35146911621093757,0.0724493408203125,-0.00010451208800077438,0.32551366090774536,-0.17644914984703064
1778958666.093979,2.1537213134765625,-0.4734654235839848,0.31210098266601566,-0.011283247731626034,0.2112986296415329,-0.15379755198955536
1778958666.1179733,2.2278172302246095,-0.653391265869141,0.2697390747070313,-0.044945210218429565,0.157828226685524,-0.17032285034656525
1778958666.1402016,1.7110917663574219,-0.5322930908203123,0.40505767822265626,-0.07924855500459671,0.16580769419670105,-0.1831505298614502
1778958666.160168,1.5919395446777345,-0.125139770507813,0.39233413696289066,-0.06259411573410034,0.1758439838886261,-0.1351894736289978
1778958666.1834698,2.0516336059570315,-0.13367202758788999,0.32108230590820314,-0.03948134928941727,0.16445474326610565,-0.15969134867191315
1778958666.2065096,1.7431251525878908,-0.16690292358398473,0.3836521911621094,-0.05582691356539726,0.17940612137317657,-0.19505293667316437
1778958666.2245643,1.666783905029297,-0.07694000244140575,0.3897894287109375,-0.04897444695234299,0.13007649779319763,-0.1466546505689621
1778958666.246613,1.9832258605957032,-0.12049942016601634,0.4140390014648438,-0.04354666545987129,0.05342010781168938,-0.11003110557794571
1778958666.2669055,1.3415103149414063,-0.17872833251953146,0.5421725463867187,-0.06973004341125488,0.09069328010082245,-0.1790831834077835
1778958666.283869,0.9952803039550782,-0.1576222229003914,0.5965095520019531,-0.0769910216331482,0.13976553082466125,-0.1975826472043991
1778958666.302135,1.0355465698242188,-0.21719833374023523,0.6551875305175782,-0.0643964484333992,0.17392165958881378,-0.18313950300216675
1778958666.3223011,1.141226806640625,-0.38709503173828175,0.6529421997070313,-0.041553795337677,0.17406965792179108,-0.13962338864803314
1778958666.3468995,1.5173945617675781,-0.43170227050781307,0.6520440673828125,-0.06345565617084503,0.12788741290569305,-0.08419151604175568
1778958666.3647373,1.3057347106933594,-0.5221142578125004,0.6469546508789062,-0.07583338767290115,0.15231141448020935,-0.12301919609308243
1778958666.3821754,0.9647438049316407,-0.12573852539062536,0.8434959411621095,-0.13950003683567047,0.19002850353717804,-0.13730354607105255
1778958666.4002314,0.7583230590820312,-0.06661148071288991,0.6833290100097656,-0.17377795279026031,0.21052762866020203,-0.16202287375926971
1778958666.4174335,0.7084767150878907,-0.03203338623046825,0.5504054260253907,-0.08456071466207504,0.25153258442878723,-0.16549590229988098
1778958666.4359145,0.7908055114746094,0.18890716552734332,0.6433621215820313,0.04381660372018814,0.29436370730400085,-0.11976777017116547
1778958666.4599903,0.7653584289550782,0.0788859558105468,0.7011419677734375,0.048189617693424225,0.3284984230995178,-0.08723735064268112
1778958666.4794087,0.5661227416992187,-0.15298187255859297,0.8848100280761719,-0.08389013260602951,0.366271436214447,-0.11102304607629776
1778958666.496431,0.5219645690917969,-0.22213806152343807,0.9391470336914063,-0.09164834767580032,0.3875676393508911,-0.13399767875671387
1778958666.5167048,0.499361572265625,-0.1619631958007819,1.0856922912597657,-0.039367616176605225,0.4133395850658417,-0.13077203929424286
1778958666.536843,0.5442681884765626,-0.14789245605468793,1.044228515625,0.0665552169084549,0.42975157499313354,-0.10602554678916931
1778958666.559076,0.26794281005859377,0.14504837036132834,0.9704319763183594,0.09614165872335434,0.46730291843414307,-0.09339047223329544
1778958666.5749228,0.19294876098632813,0.14879058837890646,0.8921447753906251,0.0705556869506836,0.46038326621055603,-0.0930347889661789
1778958666.5971904,0.0508941650390625,-0.04026626586914084,0.7232958984375001,0.04323785752058029,0.45559945702552795,-0.11120535433292389
1778958666.6172037,0.2571652221679688,-0.4272116088867186,0.7677534484863282,0.05555636063218117,0.41204267740249634,-0.1490456759929657
1778958666.6349223,0.4165837097167969,-0.473764801025391,0.8279283142089844,0.07096122205257416,0.3817700147628784,-0.1399524062871933
1778958666.6561759,0.6138734436035157,-0.4273612976074226,0.963995361328125,0.07009343802928925,0.3404529094696045,-0.10252955555915833
1778958666.6781156,0.21525238037109376,-0.20746856689453175,1.0280621337890625,0.05082160606980324,0.34889063239097595,-0.07629327476024628
1778958666.6986513,0.16780105590820313,-0.1158590698242179,0.9301657104492188,0.07452699542045593,0.3754398822784424,-0.07472448796033859
1778958666.7167969,0.44083328247070314,-0.1567240905761711,0.9166937255859375,0.09813495725393295,0.39820072054862976,-0.0793510302901268
1778958666.7365534,0.6960525512695312,-0.16136444091796953,1.0924282836914063,0.09217469394207001,0.40072640776634216,-0.06983456760644913
1778958667.8508031,2.175725555419922,-0.4815486145019534,0.7110214233398438,0.19782020151615143,0.8046702146530151,0.03593413159251213
1778958667.8689926,2.472258911132813,-0.5251080322265622,0.9470805358886719,0.2012845277786255,0.7253114581108093,0.05602838844060898
1778958667.888451,2.542462921142578,-0.6637197875976568,1.0283615112304687,0.19288788735866547,0.7116525769233704,0.02976982854306698
1778958667.903615,2.2838008117675783,-0.759071502685547,1.1463162231445314,0.14697512984275818,0.7035051584243774,-0.03830817714333534
1778958667.9212694,2.404749298095703,-0.5947132873535157,1.1814930725097657,0.0955980122089386,0.648646891117096,-0.06276261806488037
1778958667.9364538,2.637814636230469,-0.5773493957519538,1.152902526855469,0.0902053713798523,0.6117962002754211,-0.08036584407091141
1778958667.9534552,2.6098228454589845,-0.6390211486816408,1.2166699218750001,0.07321193814277649,0.5532761812210083,-0.10988812148571014
1778958667.9710271,2.31598388671875,-0.6671626281738288,1.2504995727539063,0.061146512627601624,0.5208637714385986,-0.10880734026432037
1778958668.057821,2.7400520324707034,-0.6068380737304686,1.2469070434570313,-0.0011561335995793343,0.363853394985199,-0.15261389315128326
1778958668.0756257,2.368524627685547,-0.48244674682617195,1.275347900390625,0.012076491490006447,0.3327201306819916,-0.15039265155792236
1778958668.0936143,2.2552102661132816,-0.3812571716308586,1.2198133850097657,0.030500687658786774,0.3213292062282562,-0.18047930300235748
1778958668.114778,2.1965322875976563,-0.22079086303710938,1.120869140625,0.04227575287222862,0.2927471995353699,-0.18725933134555817
1778958668.1311417,2.19144287109375,-0.15792160034179759,1.2175680541992189,0.035914842039346695,0.24993975460529327,-0.18294453620910645
1778958668.4524236,1.9175125122070313,-0.09355545043945312,1.53999755859375,-0.04222901538014412,0.22998741269111633,-0.18662558495998383
1778958668.5689516,0.8488847351074219,-0.4912783813476569,-0.4441264343261719,0.00715128518640995,0.3021239936351776,-0.016457056626677513
1778958668.5897474,0.5677693176269532,-0.6038442993164068,-0.11391311645507814,-0.0008541564457118511,0.3246866464614868,-0.024502428248524666
1778958668.612458,0.6113287353515625,-0.2011816406250002,0.021704864501953126,-0.05062580481171608,0.3404731750488281,0.007504095323383808
1778958668.6329904,0.8548722839355469,0.5074447631835941,-0.19429595947265627,-0.028458669781684875,0.38279181718826294,-0.013651849702000618
1778958668.653115,0.9247769165039063,0.926124114990234,-0.494571533203125,0.04608267545700073,0.46153828501701355,-0.05946514382958412
1778958668.6727893,0.9373507690429688,0.8770262145996099,-0.21570144653320314,0.048806775361299515,0.5241562128067017,-0.059278931468725204
1778958668.6918314,0.8939410400390625,0.22393432617187514,0.20118164062500002,-0.01663406565785408,0.5385423898696899,-0.07178720831871033
1778958668.7108057,0.8749305725097657,-0.5718109130859368,0.3603007507324219,0.07289563119411469,0.6353914737701416,-0.05442728102207184
1778958668.7349904,0.7439529418945313,-1.1424243164062506,0.3189866638183594,0.05011221021413803,0.7002524733543396,0.004856973886489868
1778958668.7522001,0.6682104492187501,-1.0403366088867188,0.27393035888671874,0.08028928935527802,0.7285708785057068,0.014089355245232582
1778958668.7700074,0.6424639892578126,-0.39278320312499915,0.37631744384765625,0.12002520263195038,0.7449137568473816,0.03854941576719284
1778958668.788258,0.7226971435546875,0.035925292968750355,0.3864962768554688,0.124268539249897,0.7125611901283264,0.06539519131183624
1778958668.8200116,0.7571255493164063,0.012573852539063068,0.48948211669921876,0.07553426921367645,0.6762879490852356,0.05438844487071037
1778958668.8379502,0.6698570251464844,-0.25896148681640696,0.4954696655273438,0.04693607613444328,0.663841187953949,0.010598081164062023
1778958668.861895,0.7367678833007812,-0.20357666015624964,0.6867718505859375,0.04967905580997467,0.6531057357788086,0.0449414998292923
1778958668.8841186,0.8318202209472657,-0.26315277099609347,0.8196954345703126,0.08716040849685669,0.6618598699569702,0.03158918023109436
1778958668.9019248,0.8565188598632812,-0.30416748046875064,0.8402027893066407,0.07971631735563278,0.6611176133155823,0.013018384575843811
1778958668.924489,1.0271640014648438,-0.2736309814453133,0.8517288208007813,0.052894800901412964,0.6350134611129761,0.023337168619036674
1778958668.9478667,1.1669732666015626,-0.22288650512695263,0.9226812744140626,0.06717760115861893,0.6128556728363037,0.08961819112300873
1778958668.966666,1.1524534606933594,-0.24459136962890682,0.9991722106933594,0.09049604833126068,0.6064430475234985,0.14847368001937866
1778958668.9842637,0.9575587463378906,-0.2983296203613275,1.1265573120117187,0.09855232387781143,0.6554874181747437,0.1584528684616089
1778958669.004391,0.9762698364257812,-0.2884501647949218,1.2136761474609377,0.07929523289203644,0.6877731680870056,0.1320008933544159
1778958669.0236895,1.0737171936035157,-0.35850448608398366,1.1383827209472657,0.099680595099926,0.6649471521377563,0.11388271301984787
1778958669.0403094,1.0970686340332032,-0.40655456542968693,1.1190728759765625,0.11310279369354248,0.6571421027183533,0.11327711492776871
1778958669.0584228,0.9330097961425782,-0.5315446472167977,1.272653503417969,0.09167926758527756,0.6430624723434448,0.12445580959320068
1778958669.0856586,0.6734495544433594,-0.5831872558593751,1.4183006286621094,0.04073129966855049,0.6589339971542358,0.1179066076874733
1778958669.1044586,0.8205935668945313,-0.3796105957031255,1.4965878295898438,-0.015781987458467484,0.636690616607666,0.17692740261554718
1778958669.1250842,0.9021739196777344,-0.35476226806640554,1.4934443664550783,-0.0047891708090901375,0.618259072303772,0.17101305723190308
1778958669.15011,0.6911128234863282,-0.35610946655273423,1.4747332763671877,-0.00957999937236309,0.6062561869621277,0.11405432969331741
1778958669.1699662,0.6927593994140625,-0.09145980834960987,1.5459851074218751,0.010772252455353737,0.6238251328468323,0.11589991301298141
1778958669.248597,1.101559295654297,1.2039463806152337,1.4769786071777344,0.15675625205039978,0.5832245349884033,-0.06604046374559402
1778958669.2674732,1.5313156127929688,0.9855505371093756,-0.08861572265625,0.4024199843406677,0.5745435953140259,-0.20760659873485565
1778958669.2883573,1.9778370666503908,0.9749226379394536,-0.9529183959960938,0.4625101089477539,0.411745548248291,-0.14625422656536102
1778958669.308125,1.4380595397949218,0.6387217712402347,-0.3683839416503906,0.20164746046066284,0.18534551560878754,-0.1512186974287033
1778958669.3326428,0.5676196289062501,0.438438262939453,0.6978488159179688,0.09965861588716507,0.18582844734191895,-0.2690390944480896
1778958669.352737,0.5577401733398438,0.5065466308593756,0.9645941162109376,0.2650279998779297,0.3383089005947113,-0.22018161416053772
1778958669.3720684,0.8640032958984375,0.13921051025390696,0.6725514221191407,0.37503430247306824,0.5096219182014465,-0.07707885652780533
1778958669.3926852,1.4296769714355468,-0.2776725769042976,0.3297642517089844,0.3211701512336731,0.53863126039505,0.09442459791898727
1778958669.440776,0.9120533752441407,-0.3553610229492179,-0.00987945556640625,0.06367174535989761,0.48204097151756287,0.17849460244178772
1778958669.4579449,0.6857240295410156,-0.33949401855468686,-0.08966354370117188,0.08262763917446136,0.4799193739891052,0.17811377346515656
1778958669.474977,0.6643185424804687,-0.49292495727539,-0.19474502563476564,0.11094418168067932,0.4902544319629669,0.2119457721710205
1778958669.4913423,1.0925779724121094,-0.4016148376464841,-0.44143203735351566,0.12438799440860748,0.48618069291114807,0.2476027011871338
1778958669.5062895,1.4013858032226563,-0.3604504394531247,-0.504151611328125,0.11498250812292099,0.48792293667793274,0.24711427092552185
1778958669.5225232,1.9934046936035157,-0.25387207031250014,-0.49247589111328127,0.08460845798254013,0.47495266795158386,0.2103855013847351
1778958669.5399396,2.3701712036132814,-0.33156051635742223,-0.4932243347167969,0.07963745296001434,0.43680042028427124,0.16039416193962097
1778958669.5618377,2.3682252502441408,-0.4598437499999992,-0.5264552307128907,0.12351014465093613,0.4294705390930176,0.15786249935626984
1778958669.6058898,2.2137464904785156,-0.5703140258789059,-0.5032534790039063,0.1394074261188507,0.4510520100593567,0.17151544988155365
1778958669.6520798,2.3676264953613284,-0.5502557373046884,-0.21944366455078126,0.12548628449440002,0.48583048582077026,0.11778530478477478
1778958669.671661,2.26808349609375,0.20761825561523395,0.17663269042968752,-0.00919217150658369,0.4740661084651947,0.09820859134197235
1778958669.6918743,2.0026853942871097,-0.04221221923828189,0.014819183349609376,0.02672821655869484,0.5690116286277771,0.0707298144698143
1778958669.7139113,2.1377046203613284,-0.040865020751953196,0.021405487060546877,0.022923998534679413,0.6325627565383911,-0.014183529652655125
1778958669.7334933,2.6192532348632813,-0.35715728759765675,-0.053438873291015626,0.03391587361693382,0.6481527090072632,-0.05145394802093506
1778958669.7520478,2.684966583251953,-0.6700067138671884,0.11346405029296876,0.030400671064853668,0.5867565870285034,-0.02017046883702278
1778958669.7739244,2.338586883544922,-1.2219090270996098,0.132923583984375,0.031056877225637436,0.6282779574394226,-0.09538453072309494
1778958669.8271074,2.172881469726563,-0.6646179199218754,0.24983047485351564,-0.006533827167004347,0.7211599946022034,-0.10948891192674637
1778958669.9547827,2.1330642700195312,-0.3815565490722648,0.3059637451171875,0.1187775731086731,0.742006242275238,0.08090806752443314
1778958670.0108638,1.921703796386719,1.0657836914062493,1.0529104614257814,0.0022173654288053513,0.6933663487434387,0.2724384069442749
1778958670.0538085,2.3215223693847657,0.2529739379882816,0.7542814636230469,0.07270403951406479,0.6024911999702454,-0.23741380870342255
1778958670.1200635,1.958976287841797,-0.936752014160156,1.2229568481445312,-0.09998098015785217,0.5057528614997864,-0.04603124409914017
1778958670.1817555,2.092798004150391,-0.3567082214355466,1.1371852111816407,-0.02952069416642189,0.37219780683517456,-0.18131595849990845
1778958670.243794,1.6340020751953126,-0.6563850402832028,1.3942007446289064,-0.0853409692645073,0.34900349378585815,-0.10306818783283234
1778958670.305815,1.6582516479492189,-0.03577560424804638,1.3239967346191408,0.04270496591925621,0.2178482860326767,-0.16379854083061218
1778958670.338142,2.4516018676757816,-0.5875282287597656,0.33784744262695315,-0.0012697027996182442,0.014748459681868553,-0.7133378982543945
1778958670.38301,1.000968475341797,2.08890609741211,0.8304730224609376,0.16803386807441711,-0.01866212859749794,-0.360139399766922
1778958670.429561,0.7671546936035156,0.9973759460449223,0.719553680419922,0.17318090796470642,0.027618087828159332,-0.5063607096672058
1778958670.4503963,0.9857002258300782,0.20178039550781257,0.21091140747070314,0.13952983915805817,0.21214555203914642,-0.2668960988521576
1778958670.4704077,0.9470805358886719,0.8710386657714846,0.21016296386718752,0.13799968361854553,0.2574383318424225,0.013855806551873684
1778958670.4911966,0.4519102478027344,0.34203872680664027,0.5514532470703125,0.1992000788450241,0.20833009481430054,0.019234590232372284
1778958670.5130413,0.3158432006835938,-0.24519012451171918,0.4528083801269531,0.18521912395954132,0.2891978919506073,-0.14216527342796326
1778958670.5328963,0.7611671447753907,-0.5053491210937509,0.39173538208007813,0.18133527040481567,0.28758350014686584,-0.16899609565734863
1778958670.5512273,0.901575164794922,-0.5219645690917964,0.20207977294921875,0.15346743166446686,0.302083283662796,-0.15360556542873383
1778958670.5696821,0.9785151672363281,-0.5649252319335929,0.06571334838867188,0.11842038482427597,0.28814008831977844,-0.10709916055202484
1778958670.5895667,0.6604266357421875,-0.030536499023437358,0.23201751708984375,0.08054445683956146,0.2905471622943878,-0.058399949222803116
1778958670.6117527,0.25641677856445316,0.4760101318359382,0.45580215454101564,0.06490705162286758,0.31905874609947205,-0.045928262174129486
1778958670.6331413,0.2728825378417969,-0.020657043457031676,0.13696517944335937,0.07556804269552231,0.3503572940826416,-0.05364478752017021
1778958670.6571755,0.1926493835449219,-0.155077514648438,-0.08352630615234376,0.020711563527584076,0.3579026460647583,-0.0018449707422405481
1778958670.6780896,0.13112731933593752,-0.10672805786132855,-0.17872833251953127,-0.024681488052010536,0.31748878955841064,0.07313830405473709
1778958670.6978688,0.22273681640625,-0.1811233520507809,-0.28755203247070316,-0.007721790112555027,0.3055703938007355,0.07743041217327118
1778958670.7183776,0.23441253662109376,-0.37482055664062486,-0.26435028076171874,0.056036707013845444,0.2947830855846405,0.016732141375541687
1778958670.7386663,0.10044113159179688,-0.523012390136719,-0.3351530456542969,0.09178979694843292,0.2567068636417389,-0.015522843226790428
1778958670.758008,0.013022918701171875,-0.47286666870117244,-0.34024246215820314,0.054720863699913025,0.2168044000864029,-0.026885565370321274
1778958670.7768452,-0.09026229858398438,-0.47436355590820334,-0.37212615966796875,0.0433662049472332,0.24901941418647766,-0.010191915556788445
1778958670.79755,-0.25147705078125,-0.32437545776367216,-0.17438735961914065,0.043174680322408676,0.35231339931488037,0.016502343118190765
1778958670.817186,-0.3734733581542969,0.010777587890624218,-0.0293389892578125,0.043435320258140564,0.43394356966018677,-0.00556117994710803
1778958670.8355677,-0.056282958984375006,0.3429368591308588,0.06062393188476563,0.051105797290802,0.4629742205142975,0.01247277483344078
1778958670.858306,0.15088623046875002,0.2791694641113285,0.061072998046875,0.07017502933740616,0.47277289628982544,0.04849276319146156
1778958671.9492655,1.4426998901367187,-0.17483642578124936,0.29368927001953127,0.031055079773068428,0.8803295493125916,0.051917824894189835
1778958671.96998,1.543739776611328,-0.05957611083984382,0.23590942382812502,0.055468104779720306,0.8264890313148499,0.07587880641222
1778958671.992089,1.824855194091797,-0.02574645996093672,0.4037104797363281,0.09614145010709763,0.7482240796089172,0.09167225658893585
1778958672.01344,1.5190411376953126,-0.3430865478515628,0.5713618469238282,0.10646983236074448,0.6841354966163635,0.059555020183324814
1778958672.0469985,1.3130694580078126,-0.44442581176757834,0.484991455078125,0.10732577741146088,0.6614446640014648,0.06700851768255234
1778958672.066054,1.293160858154297,-0.2736309814453133,0.45340713500976565,0.08760251104831696,0.6161563396453857,0.058688003569841385
1778958672.086076,1.3019924926757813,-0.14879058837890646,0.4999603271484375,0.07823317497968674,0.5679835081100464,0.02705533802509308
1778958672.1027708,1.3537847900390625,-0.10133926391601555,0.5014572143554688,0.0905320793390274,0.5502046942710876,0.011005530133843422
1778958672.1195297,1.391356658935547,-0.155077514648438,0.5131329345703125,0.13404564559459686,0.5283927321434021,0.004043620079755783
1778958672.1380708,1.391356658935547,-0.16585510253906222,0.6007008361816406,0.1127653643488884,0.4897313714027405,0.00778528256341815
1778958672.1551275,1.4130615234375001,-0.3526666259765623,0.5641767883300781,0.07603909075260162,0.43108460307121277,-0.03412851691246033
1778958672.1739192,1.53520751953125,-0.3894900512695312,0.59635986328125,0.06386673450469971,0.3745689392089844,-0.07293248176574707
1778958672.1948094,1.5753240966796875,-0.3671864318847664,0.6541397094726563,0.054354701191186905,0.32868245244026184,-0.06878846138715744
1778958672.2151787,1.4780264282226563,-0.3703298950195304,0.6938072204589845,0.04935246333479881,0.31883692741394043,-0.06426318734884262
1778958672.2351265,1.5332615661621094,-0.3809577941894524,0.7785310363769532,0.016723457723855972,0.3031659722328186,-0.0808158591389656
1778958672.255718,1.7236656188964845,-0.3574566650390629,0.7566764831542969,-0.0298636332154274,0.2580246031284332,-0.1057182177901268
1778958672.2769883,1.9185603332519532,-0.14998809814453118,0.7571255493164063,-0.0783776193857193,0.19662857055664062,-0.10316385328769684
1778958672.2999573,1.7178277587890627,0.01945953369140696,0.6234535217285156,-0.10372517257928848,0.13101668655872345,-0.11594618856906891
1778958672.3187726,1.2120295715332032,0.2653981018066407,0.5695655822753907,-0.1276729255914688,0.11128989607095718,-0.11141617596149445
1778958672.3360338,0.7707472229003907,0.6536906433105472,0.25462051391601564,-0.10737443715333939,0.1302657127380371,-0.08277207612991333
1778958672.356917,0.8743318176269532,0.6628216552734383,-0.24908203125,-0.008907333016395569,0.14072610437870026,-0.026621222496032715
1778958672.3765333,1.0794053649902344,0.41044647216796903,-0.45385620117187503,0.04141715541481972,0.10203199833631516,0.008952656760811806
1778958672.3972147,0.9243278503417969,-0.09086105346679751,-0.12888198852539062,0.07329147309064865,0.07372567802667618,-0.050115082412958145
1778958672.4160597,0.8072712707519532,-0.3375480651855476,0.4788542175292969,-0.02435746043920517,0.03583907335996628,-0.09838053584098816
1778958672.4342828,0.810714111328125,-0.4290078735351557,0.5508544921875,-0.1214713603258133,0.02458929270505905,-0.08465121686458588
1778958672.4565964,0.7036866760253907,-0.3309617614746099,0.2077679443359375,-0.09156116098165512,0.0237211175262928,-0.06736338883638382
1778958672.476346,0.5569917297363282,-0.11346405029296847,-0.0652642822265625,-0.034337326884269714,0.040409889072179794,-0.07884767651557922
1778958672.496865,0.5334906005859376,0.12169692993164105,-0.10627899169921876,-0.021921223029494286,0.06735429167747498,-0.07740119099617004
1778958672.5172384,0.5945635986328125,0.3020718383789056,0.022004241943359377,-0.05528808385133743,0.0871378481388092,-0.08072727173566818
1778958672.5387328,0.909957733154297,0.3603007507324225,0.16181350708007813,-0.0716073140501976,0.0831831842660904,-0.10052879899740219
1778958672.5580728,0.8568182373046875,0.03502716064453182,0.197589111328125,-0.053748663514852524,0.08996026962995529,-0.15216116607189178
1778958672.5753677,0.6938072204589845,-0.2164498901367189,0.12109817504882812,-0.04736290127038956,0.11500702053308487,-0.1535685807466507
1778958672.5977697,0.7056326293945313,-0.19145187377929673,0.16795074462890625,-0.05919976904988289,0.13226549327373505,-0.10006552934646606
1778958672.6194015,0.7512876892089844,-0.15058685302734354,0.1945953369140625,-0.06634606420993805,0.14560861885547638,-0.06751719117164612
1778958672.6400354,0.6465055847167969,-0.2450404357910152,0.243094482421875,-0.044128552079200745,0.1415071040391922,-0.10280835628509521
1778958672.6637855,0.5866300964355469,-0.43888732910156314,0.36823425292968753,-0.0038991975598037243,0.14506854116916656,-0.10733678191900253
1778958672.6828644,0.53408935546875,-0.3589535522460938,0.46493316650390626,-0.02654123306274414,0.14189183712005615,-0.06947781145572662
1778958672.7098365,0.4439767456054688,-0.038919067382812145,0.3285667419433594,-0.05901642143726349,0.1293841302394867,-0.044076066464185715
1778958672.730068,0.47151947021484375,0.05748046875000057,0.21570144653320314,-0.04249753803014755,0.08701536804437637,-0.07207922637462616
1778958672.7515652,0.31329849243164065,-0.03607498168945256,0.14639556884765625,-0.02466653846204281,0.07440682500600815,-0.11789729446172714
1778958672.7749994,0.15627502441406252,-0.1716929626464836,0.18546432495117188,-0.003763883840292692,0.08029404282569885,-0.13481572270393372
1778958672.7983885,0.3207829284667969,-0.18591339111328153,0.25776397705078125,-0.004501421004533768,0.08865214884281158,-0.09831508994102478
1778958672.818393,0.4581971740722656,-0.13965957641601534,0.37437149047851564,-0.054188989102840424,0.07529401779174805,-0.10164725035429001
1778958672.8375187,0.41344024658203127,-0.09071136474609354,0.33440460205078126,-0.056567996740341187,0.07919805496931076,-0.11179879307746887
1778958672.858332,0.35476226806640626,-0.05328918457031229,0.3243754577636719,-0.03391962870955467,0.07670968025922775,-0.10801306366920471
1778958672.8833385,0.35131942749023437,-0.20432510375976598,0.3842509460449219,0.00832621194422245,0.07493560016155243,-0.08864447474479675
1778958672.9059958,0.2130070495605469,-0.2559677124023434,0.3742218017578125,-0.0035031605511903763,0.08597883582115173,-0.10613055527210236
1778958672.9264371,0.24519012451171876,-0.13950988769531314,0.42167312622070313,-0.000581636093556881,0.09611576050519943,-0.097803995013237
1778958672.9455595,0.2760260009765625,0.008232879638672586,0.3848497009277344,-0.057207971811294556,0.0776689276099205,-0.0737982764840126
1778958672.9649763,0.11286529541015626,-0.14923965454101484,0.30551467895507817,-0.05807189643383026,0.08110733330249786,-0.08373905718326569
1778958672.984761,0.09415420532226564,-0.14085708618164006,0.19504440307617188,0.00853970367461443,0.082595095038414,-0.08491922914981842
1778958673.0026422,0.008532257080078126,-0.09400451660156328,0.21061203002929688,0.03963608294725418,0.07141398638486862,-0.08769367635250092
1778958673.0212202,-0.0449066162109375,-0.1607656860351554,0.24938140869140626,0.02742466703057289,0.06868601590394974,-0.08375083655118942
1778958673.041286,-0.06780899047851563,-0.12798385620117259,0.2532733154296875,0.0005788104608654976,0.07399443536996841,-0.08038574457168579
1778958673.0579712,-0.10822494506835938,-0.028740234375000284,0.247884521484375,-0.0001453254371881485,0.06958441436290741,-0.08734562247991562
1778958673.0768552,-0.15642471313476564,-0.09460327148437564,0.1993853759765625,0.01217618491500616,0.07216347008943558,-0.09111524373292923
1778958673.0984426,-0.1776805114746094,-0.1890568542480473,0.18950592041015626,0.03492610901594162,0.07149816304445267,-0.0708334892988205
1778958673.1168723,-0.4507127380371094,-0.46717849731445327,0.42152343750000004,0.03151959553360939,0.0975547656416893,-0.02241525799036026
1778958673.1348178,-0.4915777587890625,-0.4270619201660164,0.5486091613769531,0.02119629830121994,0.11996274441480637,-0.014443226158618927
1778958673.1544988,-0.5860313415527344,-0.2272274780273431,0.6661148071289062,-0.017859995365142822,0.1511692851781845,-0.004959994461387396
1778958673.1728148,-0.5653742980957032,0.15956817626953068,0.5225633239746094,-0.010958162136375904,0.16525374352931976,-0.023021146655082703
1778958673.191935,-0.5336402893066406,0.3826043701171873,0.2544708251953125,0.032885774970054626,0.15085624158382416,-0.042881619185209274
1778958673.2455173,-0.5971083068847657,0.1672023010253909,0.12349319458007812,0.07520267367362976,0.15419428050518036,-0.06359817832708359
1778958673.2903156,-0.30551467895507817,-0.1308279418945304,0.43499542236328126,0.08948621898889542,0.156206414103508,-0.11177428811788559
1778958673.3444314,-0.4324507141113281,-0.40371047973632734,0.45265869140625004,0.13673420250415802,0.1852235645055771,-0.0023534628562629223
1778958673.3928509,-0.5295986938476562,-0.060623931884766336,0.41583526611328125,0.12001927942037582,0.16675502061843872,0.008632531389594078
1778958673.4262867,-0.29758117675781254,0.0050894165039068184,0.5337899780273437,0.10566465556621552,0.15365324914455414,0.03186862915754318
1778958673.4476578,-0.267044677734375,-0.0449066162109375,0.5613327026367188,0.08857641369104385,0.14246442914009094,0.036733247339725494
1778958673.4693437,-0.28500732421875,-0.11600875854492188,0.48529083251953126,0.07129883021116257,0.12764503061771393,0.02245054952800274
1778958673.4874742,-0.2621049499511719,0.003143463134765767,0.3634442138671875,0.03525895997881889,0.13451389968395233,0.050994470715522766
1778958673.504297,-0.27422973632812503,-0.006885681152343892,0.26719436645507816,0.035088103264570236,0.16311028599739075,0.05980949476361275
1778958673.5226123,-0.34084121704101566,0.014819183349608522,0.21225860595703125,0.05130622163414955,0.18165387213230133,0.043552495539188385
1778958673.538949,-0.2381547546386719,0.0016465759277348724,0.1573228454589844,0.08237873017787933,0.2080923318862915,0.04332347959280014
1778958673.5572317,-0.11690689086914063,-0.0761915588378912,0.18217117309570313,0.07161550968885422,0.2054988592863083,0.08292143791913986
1778958673.5761883,-0.11406280517578125,-0.19788848876953047,0.20118164062500002,0.033250000327825546,0.20642569661140442,0.09491805732250214
1778958673.6018336,-0.2442919921875,-0.036374359130858736,0.34682876586914063,-0.018674705177545547,0.2060895413160324,0.08425941318273544
1778958673.6179564,-0.37751495361328125,0.11900253295898366,0.37212615966796875,-0.05060527101159096,0.21616794168949127,0.064215749502182
1778958673.636991,-0.37976028442382814,0.09624984741210874,0.19728973388671875,-0.025254301726818085,0.23053352534770966,0.0364278219640255
1778958673.6569638,-0.06691085815429688,-0.006885681152343892,0.0628692626953125,0.028554502874612808,0.20269228518009186,0.058228470385074615
1778958673.674039,0.22273681640625,0.01975891113281314,0.1299298095703125,0.05719633400440216,0.1590265929698944,0.07078251242637634
1778958673.6918402,0.22034179687500002,0.003442840576171946,0.13980926513671876,0.04904710501432419,0.13377119600772858,0.0543331652879715
1778958673.709884,0.0628692626953125,0.01242416381835909,0.16076568603515626,0.03318410366773605,0.11417447775602341,-0.011677579954266548
1778958673.7329247,-0.07499404907226563,-0.01047821044921804,0.06376739501953126,0.07029428333044052,0.13457271456718445,-0.030990038067102432
1778958673.7511263,-0.043559417724609376,-0.03787124633789141,0.02784210205078125,0.0874306857585907,0.14433355629444122,-0.013951165601611137
1778958673.7677205,0.1299298095703125,-0.1333726501464838,-0.02604583740234375,0.10735281556844711,0.12897546589374542,0.014118149876594543
1778958673.7868197,0.37167709350585937,-0.24279510498046797,-0.000149688720703125,0.13446180522441864,0.0907541885972023,0.017058856785297394
1778958673.8064325,0.29877868652343753,-0.29937744140625,0.1251397705078125,0.1490945965051651,0.07687072455883026,-0.000781599897891283
1778958673.8337717,0.06930587768554688,-0.1676513671874993,0.27692413330078125,0.11018767207860947,0.06191053241491318,0.01925857551395893
1778958673.9140675,-0.02305206298828125,0.01197509765625071,-0.027991790771484375,0.044854629784822464,0.04343888908624649,0.012229852378368378
1778958673.939608,-0.1387614440917969,0.17977615356445398,-0.08113128662109376,0.03577709570527077,0.03728310763835907,0.004556173458695412
1778958673.9583175,0.06750961303710938,0.08352630615234347,-0.04086502075195313,0.02436758391559124,0.01916487142443657,-0.025850456207990646
1778958673.9765606,0.21121078491210937,-0.0410147094726554,0.045056304931640624,0.03747598081827164,0.026751238852739334,-0.04182644560933113
1778958673.9957998,0.16435821533203127,-0.07005432128906186,0.10942245483398438,0.014482173137366772,0.05232272669672966,-0.03190884739160538
1778958674.0127287,0.19549346923828126,-0.11945159912109382,0.03667373657226563,0.027499139308929443,0.057741954922676086,-0.010297389701008797
1778958674.0308633,0.29952713012695314,-0.02963836669921882,-0.0796343994140625,-0.014189890585839748,0.04376650229096413,0.02629123255610466
1778958674.0517673,0.2609074401855469,-0.13292358398437543,-0.11181747436523438,-0.013943919911980629,0.02626798115670681,0.027434686198830605
1778958674.071814,0.24204666137695313,-0.17214202880859375,-0.09145980834960937,0.022033628076314926,0.022336309775710106,0.014605016447603703
1778958674.0902488,0.07080276489257813,-0.058079223632812926,0.02305206298828125,0.012824301607906818,0.028875276446342468,0.008678720332682133
1778958674.1094759,0.0484991455078125,-0.01751358032226591,0.033679962158203125,0.007650022394955158,0.025672772899270058,0.01602003164589405
1778958674.1307,0.13247451782226563,-0.028889923095702486,0.0016465759277343752,-0.012629223056137562,-0.003795023774728179,0.04281966760754585
1778958674.1497157,0.0676593017578125,-0.07364685058593778,0.024998016357421875,-0.005152921658009291,-0.031506653875112534,0.03063049539923668
1778958674.169143,-0.022752685546875002,-0.0859213256835929,0.0221539306640625,0.0016943849623203278,-0.03414975106716156,0.016031360253691673
1778958674.1881647,-0.13726455688476563,-0.0911604309082037,-0.032183074951171876,0.0050558289512991905,-0.030934737995266914,-0.0026246048510074615
1778958674.2358336,0.1347198486328125,0.0022453308105472303,-0.07035369873046875,0.05047142505645752,-0.03827986121177673,-0.00034561147913336754
1778958674.2554975,0.2267784118652344,0.026195526123046875,-0.041912841796875,0.008086154237389565,-0.06270185112953186,-0.025861091911792755
1778958674.2716944,0.2547702026367188,-0.02574645996093672,-0.0425115966796875,-0.008856398053467274,-0.06879263371229172,-0.02657248266041279
1778958674.292895,0.14115646362304687,-0.09610015869140653,-0.07768844604492188,0.0021676504984498024,-0.06031148135662079,-0.012414161115884781
1778958674.3149657,0.06900650024414062,-0.21869522094726612,-0.09175918579101563,0.01365402527153492,-0.028787024319171906,-0.004564858041703701
1778958674.334094,0.14983840942382814,-0.2465373229980461,-0.12079879760742188,0.02900746837258339,-0.011874532327055931,0.010929728858172894
1778958674.3542705,0.3680845642089844,-0.13292358398437543,-0.12304412841796876,0.025690317153930664,-0.019781066104769707,0.032136350870132446
1778958674.3732178,0.28919860839843753,0.013921051025389986,-0.07229965209960938,0.01756603643298149,-0.02810630388557911,0.02143956534564495
1778958674.3911412,0.09924362182617188,0.03158432006835987,-0.06616241455078126,0.017538469284772873,-0.02088162675499916,0.0002864198759198189
1778958674.411625,0.0007484436035156251,-0.0802331542968755,-0.12484039306640625,0.026887260377407074,-0.004635820630937815,0.0040199849754571915
1778958674.4597821,0.26839187622070315,-0.00523910522460902,-0.09116043090820312,-0.006857247091829777,-0.02097325585782528,0.02309267967939377
1778958674.4806845,0.12963043212890626,0.0788859558105468,-0.09774673461914063,-0.002927284687757492,-0.029563307762145996,0.004243985749781132
1778958674.5007443,0.046702880859375004,-0.05104385375976506,-0.1381626892089844,0.03286413848400116,-0.018015630543231964,-0.00019558100029826164
1778958674.5217133,0.028590545654296876,-0.13591735839843722,-0.11316467285156251,0.03064504638314247,0.0013912543654441833,0.012788893654942513
1778958674.5421457,0.11361373901367187,-0.20791763305664013,-0.08846603393554688,0.013807849027216434,0.00531026953831315,0.011045951396226883
1778958674.5656402,0.277822265625,-0.0761915588378912,-0.0748443603515625,-0.03978833183646202,-0.005373826250433922,0.025564800947904587
1778958674.5848181,0.19579284667968752,-0.07544311523437486,-0.18037490844726564,-0.07783006131649017,-0.020796112716197968,0.02432667836546898
1778958674.6028311,-0.0053887939453125,-0.06466552734375064,-0.22348526000976562,-0.02594744600355625,-0.004601793363690376,0.0077916765585541725
1778958674.6215322,-0.0101788330078125,-0.014669494628906321,-0.17438735961914065,0.03251950442790985,0.01720910519361496,0.010955903679132462
1778958674.6410632,0.08532257080078126,-0.07918533325195298,-0.10343490600585938,0.029674945399165154,0.028117531910538673,0.024335967376828194
1778958674.6868207,0.20043319702148438,0.010328521728515838,0.011226654052734375,-0.04834262281656265,0.018187936395406723,0.0005712499842047691
1778958674.709794,0.045205993652343755,0.00014968872070397765,-0.011975097656250001,-0.04829152673482895,0.028650926426053047,-0.02459624782204628
1778958674.7343464,0.12244537353515626,-0.10822494506835945,-0.13861175537109377,-0.025077026337385178,0.030116040259599686,-0.0073726302944123745
1778958674.753564,0.3011737060546875,-0.17618362426757805,-0.15567626953125,-0.0070975711569190025,0.025068581104278564,0.017681825906038284
1778958674.7743804,0.28336074829101565,-0.07319778442382763,-0.0383203125,-0.022063083946704865,0.033860642462968826,0.004735102411359549
1778958674.7924392,0.14175521850585937,0.03203338623046825,-0.05583389282226563,-0.04731283336877823,0.05538896471261978,-0.01542615331709385
1778958674.818738,0.23246658325195313,-0.10014175415039084,-0.0496966552734375,-0.020463071763515472,0.07601800560951233,0.017407629638910294
1778958675.940437,0.4053570556640625,1.4239888000488286,-1.575623474121094,0.3822314143180847,0.9150534272193909,0.22713957726955414
1778958675.9595156,0.5504054260253907,1.204395446777344,-0.55564453125,0.2610178291797638,0.7871444821357727,0.13623499870300293
1778958675.9807925,1.0050100708007812,0.17962646484375,0.4481680297851563,0.1948625147342682,0.7462818026542664,0.13052594661712646
1778958676.0021102,1.0792556762695313,-0.8217910766601566,0.9078620910644531,0.24197004735469818,0.778708279132843,0.23675596714019775
1778958676.0236263,0.9527687072753906,-1.2663665771484371,0.8101153564453125,0.23841632902622223,0.8178040385246277,0.30768048763275146
1778958676.0433557,0.7559280395507812,-0.987945556640625,0.24608825683593752,0.19895942509174347,0.817907989025116,0.26935893297195435
1778958676.0675251,0.9325607299804688,-0.33949401855468686,-0.22273681640625,0.1861908882856369,0.780637800693512,0.2291632741689682
1778958676.086875,1.0553054809570312,0.09490264892578182,-0.4831951904296875,0.18672393262386322,0.7326676249504089,0.1997770518064499
1778958676.1076944,0.8168513488769532,-0.19429595947265632,-0.564027099609375,0.21072253584861755,0.7304237484931946,0.142974391579628
1778958676.1301105,1.1554472351074219,-0.4474195861816401,-0.5731581115722657,0.23979651927947998,0.7641120553016663,0.11827975511550903
1778958676.1488862,1.6578025817871094,-0.46059219360351555,-0.7174580383300782,0.2316424548625946,0.7452539801597595,0.15567484498023987
1778958676.1775234,1.9868183898925782,-0.40610549926757855,-0.7972421264648438,0.21673628687858582,0.6936473250389099,0.1657179594039917
1778958676.1980531,1.8603314208984376,-0.34518218994140604,-0.5348377990722657,0.15204393863677979,0.662960410118103,0.08696550130844116
1778958676.2191038,1.6539106750488282,-0.21585113525390653,-0.24219635009765625,0.09433962404727936,0.6901997923851013,0.05789198726415634
1778958676.2393181,1.5694862365722657,-0.1281335449218748,0.04340972900390625,0.02500293403863907,0.7236955165863037,0.060014039278030396
1778958676.2576914,1.6399896240234375,0.00523910522460902,0.032931518554687504,-0.017908014357089996,0.7468050122261047,0.06438260525465012
1778958676.2798455,1.7317488098144531,0.1552272033691402,-0.12244537353515626,-0.022256966680288315,0.7424361109733582,0.059348639100790024
1778958676.300817,1.6726217651367188,0.2585124206542968,-0.09325607299804688,-0.014341430738568306,0.7306303381919861,0.0693485289812088
1778958676.319498,1.6374449157714845,0.21165985107421825,0.07619155883789062,-0.01815813034772873,0.703666090965271,0.086667999625206
1778958676.3382802,1.7310003662109377,-0.21076171874999972,0.20806732177734377,-0.008929879404604435,0.6660622358322144,0.0859864130616188
1778958676.3882008,1.7392332458496094,-0.9521699523925786,0.12334350585937501,-0.052068568766117096,0.5024113059043884,0.05169416591525078
1778958676.4094958,1.6253201293945314,-0.7280859374999995,0.09550140380859376,-0.04272446781396866,0.4739501476287842,0.10357395559549332
1778958676.4298186,1.648821258544922,-0.3635939025878905,0.16974700927734376,-0.03808683156967163,0.45243045687675476,0.10997305065393448
1778958676.4504325,1.7558486938476563,-0.02739303588867159,0.2903961181640625,-0.0005650585517287254,0.4394860863685608,0.04797329008579254
1778958676.4682174,1.7401313781738281,-0.11960128784179602,0.3644920349121094,-0.014520054683089256,0.42669177055358887,-0.00995245948433876
1778958676.4852672,1.7931211853027345,-0.4751119995117179,0.34323623657226565,0.0019832439720630646,0.4329710304737091,-0.01024774182587862
1778958676.5012681,1.7823435974121096,-0.5379812622070315,0.39038818359375,-0.017674613744020462,0.4418875575065613,0.008753646165132523
1778958676.522274,1.6325051879882813,-0.7108717346191415,0.44143203735351566,-0.06522388756275177,0.4473438858985901,0.018487580120563507
1778958676.5422838,1.7042060852050782,-0.5519023132324214,0.47571075439453125,0.025507882237434387,0.46441635489463806,0.004923833999782801
1778958676.5623922,2.07648193359375,-0.21974304199218686,0.3986210632324219,0.08823645859956741,0.42024657130241394,0.026989465579390526
1778958676.5833268,1.939666442871094,-0.2082170104980463,0.5547463989257813,0.07895616441965103,0.38623279333114624,-0.0010349578224122524
1778958676.602948,1.7161811828613283,-0.38859191894531264,0.6256988525390625,0.04506896063685417,0.36063313484191895,-0.029079889878630638
1778958676.6217134,1.6693286132812502,-0.512384490966797,0.6333329772949219,0.026309464126825333,0.3552166819572449,-0.04657517001032829
1778958676.640295,1.857187957763672,-0.6015989685058596,0.7176077270507812,0.041897065937519073,0.31807711720466614,-0.04533519968390465
1778958676.6621208,2.1103115844726563,-0.572110290527343,0.79275146484375,0.0393887422978878,0.2696596384048462,-0.0392850786447525
1778958676.9512448,1.9405645751953127,-0.4733157348632808,0.9087602233886719,0.016680113971233368,0.23941269516944885,-0.04677364602684975
1778958676.977578,1.4805711364746095,0.7174580383300775,-0.19474502563476564,0.13480421900749207,-0.06722453981637955,-0.15742726624011993
1778958676.9987943,1.3313314819335937,0.6595285034179685,-0.13457015991210938,0.1366252452135086,-0.08960673958063126,-0.09572149813175201
1778958677.018053,1.4983840942382813,0.49891250610351534,0.3983216857910156,0.07030563801527023,-0.1316399872303009,-0.13931438326835632
1778958677.039427,1.5142510986328126,0.14235397338867273,0.8649014282226563,0.01649746671319008,-0.15533576905727386,-0.1808960884809494
1778958677.0607493,1.5320640563964845,-0.08502319335937436,1.0349478149414062,0.04185381531715393,-0.11879459023475647,-0.1596827656030655
1778958677.0808458,1.4338682556152345,-0.24998016357421804,0.809366912841797,-0.06079564243555069,-0.10390186309814453,-0.11150185763835907
1778958677.1011004,1.391356658935547,-0.5730084228515633,0.4441264343261719,-0.09201966971158981,-0.06962449103593826,-0.10192886739969254
1778958677.1217294,1.3201048278808594,-0.40101608276367173,0.08816665649414063,-0.04882868379354477,-0.06626134365797043,-0.06026296690106392
1778958677.1405106,1.229692840576172,-0.30267059326171797,0.0532891845703125,-0.06212957203388214,-0.05902952700853348,-0.06614003330469131
1778958677.1695523,0.861009521484375,-0.033380584716796946,-0.02155517578125,-0.09004689753055573,-0.03345075622200966,-0.0733284279704094
1778958677.1890519,0.7786807250976563,-0.05194198608398359,-0.30910720825195315,-0.0638643205165863,-0.01469459943473339,-0.036879464983940125
1778958677.2092357,0.5254074096679687,-0.2942880249023432,-0.5468128967285156,-0.05206673592329025,-0.020957503467798233,-0.012522360309958458
1778958677.2665043,0.43918670654296876,-0.4882846069335933,-0.6233038330078126,-0.07408848404884338,-0.057326458394527435,-0.005441188812255859
1778958677.382197,0.46613067626953125,0.3481759643554696,-0.09385482788085937,-0.04406968131661415,0.047134581953287125,-0.10502199828624725
1778958677.4775271,0.4309538269042969,-0.5959107971191404,0.4517605590820313,0.028153404593467712,0.2853447198867798,0.013018766418099403
1778958677.5052323,0.4225712585449219,0.03787124633789141,0.5674699401855469,-0.031691379845142365,0.3404267132282257,0.07770521193742752
1778958677.5286427,0.2496807861328125,0.15552658081054638,0.6450086975097656,-0.028467703610658646,0.3487831950187683,0.04849674180150032
1778958677.550876,0.26105712890625,-0.11002120971679652,0.6288423156738282,0.02548767626285553,0.38950344920158386,0.022623887285590172
1778958677.5711546,0.36673736572265625,-0.3629951477050781,0.6875202941894532,0.027939751744270325,0.39094698429107666,0.03127456456422806
1778958677.5947735,0.44682083129882816,-0.44846740722656264,0.9376501464843751,0.050946127623319626,0.414059579372406,0.033494044095277786
1778958677.6188138,0.5339396667480469,-0.3565585327148444,0.9668394470214844,-0.030900154262781143,0.41772058606147766,0.05885304883122444
1778958677.641693,0.613125,-0.3405418395996094,0.9632469177246095,0.010151997208595276,0.45250776410102844,0.11661329120397568
1778958677.6616406,0.7246430969238281,-0.4153861999511719,0.9626481628417969,0.043072409927845,0.4841333329677582,0.14639416337013245
1778958677.6873765,0.5289999389648438,-0.3990701293945307,1.0797047424316406,0.03882751241326332,0.5075334906578064,0.1653529554605484
1778958677.708263,0.4041595458984375,-0.1916015625000007,1.1268566894531251,0.023566756397485733,0.5268805623054504,0.17518115043640137
1778958677.7275906,0.4207749938964844,-0.09595046997070256,1.1575428771972658,0.004547490738332272,0.518864095211029,0.17173896729946136
1778958677.7503583,0.4794529724121094,-0.09550140380859418,1.2338841247558594,-0.02474370226264,0.5140773057937622,0.16573764383792877
1778958677.7679703,0.5725593566894531,-0.011825408935546733,1.179547119140625,-0.06745027005672455,0.49221253395080566,0.19183331727981567
1778958677.785061,0.5890251159667969,-0.06271957397460959,1.1419752502441407,-0.07705266773700714,0.47898009419441223,0.18384221196174622
1778958677.8048494,0.5019062805175781,-0.17992584228515618,1.1500584411621095,-0.06420624256134033,0.4851628541946411,0.1433468908071518
1778958677.8246162,0.5051994323730469,-0.1386117553710946,1.3153147888183594,-0.08384913206100464,0.5059931874275208,0.1444055140018463
1778958677.846899,0.5689668273925782,-0.0050894165039068184,1.7408798217773438,-0.09953188896179199,0.5810534954071045,0.12582063674926758
1778958677.867036,1.0410850524902344,0.751736755371093,1.5492782592773438,-0.11496984958648682,0.595065176486969,0.08856792002916336
1778958677.888907,1.3283377075195313,0.6625222778320321,0.2848576354980469,-0.02215524949133396,0.4587887227535248,0.06726425886154175
1778958677.9077563,0.8575666809082032,0.505648498535157,-0.2597099304199219,0.10382520407438278,0.4082139730453491,0.08658245205879211
1778958677.9247456,0.4954696655273438,0.5270539855957033,-0.02125579833984375,0.09342643618583679,0.3948254883289337,0.06615518778562546
1778958677.9431481,0.2525248718261719,0.18022521972656236,0.3405418395996094,0.08914711326360703,0.3994886577129364,0.04122404381632805
1778958677.9649696,0.5551954650878906,-0.25671615600585973,0.5516029357910156,0.11777932196855545,0.4065026044845581,0.04628579691052437
1778958677.9856966,0.7960446166992188,-0.24938140869140568,0.6698570251464844,0.12107741087675095,0.3958829343318939,0.046108294278383255
1778958678.0040293,0.7366181945800782,0.1088236999511718,0.6388714599609375,0.0871441513299942,0.37119895219802856,0.0738174095749855
1778958678.0230577,0.5051994323730469,0.38694534301757777,0.5668711853027344,0.06447888910770416,0.35262858867645264,0.10175258666276932
1778958678.0420942,0.4689747619628907,0.41269180297851626,0.4439767456054688,0.05486211180686951,0.3206111490726471,0.11747860163450241
1778958678.0624774,0.49711624145507816,0.2151026916503902,0.30985565185546876,0.0725560337305069,0.29907020926475525,0.11581481248140335
1778958678.0849912,0.5225633239746094,-0.30940658569335966,0.27497817993164064,0.1116456538438797,0.3096626400947571,0.08997263759374619
1778958678.1055365,0.57719970703125,-0.4680766296386718,0.3047662353515625,0.11410185694694519,0.3120839297771454,0.07078425586223602
1778958678.1267886,1.0192304992675782,-0.5234614562988273,0.32048355102539067,0.15397468209266663,0.30408206582069397,0.08417519181966782
1778958678.1475909,1.1067984008789062,-0.5571414184570305,0.2709365844726563,0.1010773554444313,0.2653401792049408,0.07126368582248688
1778958678.1669378,1.0235714721679687,-0.5448669433593754,0.20881576538085939,0.08604176342487335,0.288300096988678,0.06978560984134674
1778958678.186122,1.2367282104492188,-0.27138565063476605,0.09610015869140626,0.12419387698173523,0.29268816113471985,0.13409198820590973
1778958678.2045774,1.3596226501464845,-0.10553054809570384,0.13082794189453126,0.1423306167125702,0.2796630263328552,0.1651107668876648
1778958678.226332,1.5497273254394532,-0.15447875976562564,-0.009580078125,0.16442552208900452,0.23819604516029358,0.14588746428489685
1778958678.2471166,1.593735809326172,-0.2526745605468754,-0.17169296264648437,0.1435699760913849,0.23320499062538147,0.13473211228847504
1778958678.267006,1.5789166259765626,-0.22887405395507798,-0.20881576538085939,0.12861000001430511,0.21052861213684082,0.16533876955509186
1778958678.2845159,1.7497114562988283,-0.34877471923828196,-0.1776805114746094,0.1394127905368805,0.19047150015830994,0.17730742692947388
1778958678.3015513,1.7359400939941407,-0.618214416503907,-0.11466156005859375,0.1421649008989334,0.18337656557559967,0.16065150499343872
1778958678.3186345,1.6660354614257813,-0.7294331359863282,0.07903564453125,0.14468786120414734,0.20509123802185059,0.12821993231773376
1778958678.33511,1.5078144836425782,-0.47256729125976626,0.36778518676757815,0.1062784194946289,0.2276664525270462,0.11371032893657684
1778958678.354177,1.4675482177734376,-0.2788700866699223,0.4219725036621094,0.07267038524150848,0.24350081384181976,0.10295701771974564
1778958678.373398,1.4638059997558595,0.10837463378906165,0.4090992736816406,0.031129315495491028,0.2543528079986572,0.07138821482658386
1778958678.3931127,1.6908837890625001,0.44861709594726484,0.3195854187011719,0.03730735182762146,0.25035616755485535,0.05694761499762535
1778958678.4155204,1.9465521240234376,0.5394781494140624,0.09774673461914063,0.09674860537052155,0.21970219910144806,0.07941275089979172
1778958678.4354587,1.790127410888672,-0.1862127685546877,0.1730401611328125,0.11224271357059479,0.1795887053012848,0.07454444468021393
1778958678.4551091,1.6699273681640625,-0.7153623962402342,0.3710783386230469,0.08324780315160751,0.15594039857387543,0.08582179248332977
1778958678.475269,1.751956787109375,-0.8717871093750009,0.44801834106445315,0.06804613023996353,0.1279313862323761,0.1365310549736023
1778958678.4979277,1.9419117736816407,-0.7038363647460937,0.3932322692871094,0.08020156621932983,0.08610835671424866,0.18730755150318146
1778958678.5187025,1.9112255859375,-0.3921844482421868,0.29907806396484377,0.10159309208393097,0.034682247787714005,0.15923017263412476
1778958678.5398002,1.7284556579589845,-0.1930984497070316,0.24743545532226563,0.0833020731806755,-0.006911276374012232,0.11491947621107101
1778958678.5606828,1.622476043701172,-0.1402583312988277,0.22034179687500002,0.08279166370630264,-0.0018410724587738514,0.09459132701158524
1778958678.5845373,1.675166473388672,-0.3076103210449226,0.4677772521972656,0.10156337916851044,-0.02049342542886734,0.060297317802906036
1778958678.602275,1.8649717712402345,-0.37661682128906193,0.520916748046875,0.14419566094875336,-0.03142856806516647,0.05685073882341385
1778958679.7355537,-0.13067825317382814,-0.5727090454101571,-0.07259902954101563,-0.08940333127975464,0.7643402218818665,-0.06466882675886154
1778958679.7505498,-0.2484832763671875,-0.2968327331542966,-0.36479141235351564,-0.03299013525247574,0.828273594379425,-0.027649449184536934
1778958679.7666934,-0.3266207885742188,0.2421963500976556,-0.6447093200683595,0.043703705072402954,0.914705216884613,0.06643357872962952
1778958679.7829163,-0.24414230346679688,0.3743714904785165,-0.6743476867675782,0.04937677085399628,0.9243362545967102,0.0907524973154068
1778958679.8010697,0.039966888427734375,0.40865020751953196,-0.5774990844726563,0.04407256096601486,0.8972007632255554,0.048190996050834656
1778958679.8170516,-0.15537689208984376,-0.043409729003906605,-0.5051994323730469,0.07907545566558838,0.9141952991485596,-0.04384693130850792
1778958679.8341458,-0.6309379577636719,-0.3373983764648436,-0.44038421630859376,0.17194104194641113,0.9916117191314697,-0.05311219021677971
1778958679.8488436,-0.7369175720214844,-0.4242178344726568,-0.48633865356445316,0.20310303568840027,1.0465139150619507,-0.013913408853113651
1778958679.8647661,-0.7027885437011719,-0.728984069824218,-0.786763916015625,0.2252146154642105,1.087699294090271,0.09105133265256882
1778958679.9146802,-0.4758604431152344,-0.7241940307617192,-0.939895477294922,0.24217495322227478,1.088965892791748,0.12056155502796173
1778958679.9358547,-0.43065444946289066,0.041164398193359375,-1.000968475341797,0.4423668682575226,0.9784342050552368,-0.08942226320505142
1778958679.9580154,-0.4736151123046875,-0.06721023559570227,-1.2693603515625,0.5240395665168762,0.9797349572181702,-0.07291717827320099
1778958679.979833,-0.46717849731445316,0.09445358276367166,-1.693428497314453,0.5780417919158936,0.9464150667190552,-0.10554709285497665
1778958680.001581,-0.2411485290527344,0.19294876098632763,-2.4170237731933595,0.682052731513977,0.8997964859008789,-0.1466967761516571
1778958680.0238905,-0.12289443969726563,-0.3796105957031255,-2.874322814941406,0.8210278153419495,0.8443209528923035,-0.1087556704878807
1778958680.044164,0.5152285766601563,-1.278641052246094,-1.5313156127929688,0.8411124348640442,0.7820754051208496,-0.11016878485679626
1778958680.0648932,0.9596543884277344,-1.5593074035644534,-0.8702902221679688,0.746525228023529,0.7373315691947937,-0.1202521026134491
1778958680.0841486,0.7358697509765625,-1.803599395751954,-1.2868739318847657,0.7011045813560486,0.7539152503013611,-0.13873089849948883
1778958680.1037784,0.21285736083984377,-1.7820442199707038,-2.1341120910644533,0.6891970634460449,0.7959612011909485,-0.15585583448410034
1778958680.1256127,0.41703277587890625,-1.1467652893066411,-2.6198519897460937,0.6386169195175171,0.8027064800262451,-0.13613508641719818
1778958680.1458664,0.9220825195312501,-0.6110293579101569,-2.732268218994141,0.6371040344238281,0.6989357471466064,-0.09146849066019058
1778958680.163842,1.1102412414550782,-0.4099974060058589,-2.8461813354492187,0.7598170638084412,0.5808519721031189,-0.1052374467253685
1778958680.1820788,0.8747808837890625,-0.6575825500488275,-2.7800189208984376,0.8005740642547607,0.5399340987205505,-0.12171655893325806
1778958680.2016776,0.8116122436523437,-0.8202941894531257,-2.6325755310058594,0.8867469429969788,0.5175754427909851,-0.1605195850133896
1778958680.2215693,0.8376580810546875,-0.8478369140624995,-2.1953347778320316,0.8452295064926147,0.5029758810997009,-0.18011906743049622
1778958680.2401006,1.0701246643066407,-0.7310797119140631,-2.096540222167969,0.6651403307914734,0.4291954040527344,-0.2155943512916565
1778958680.259967,1.3712983703613282,-0.7611671447753903,-2.368374938964844,0.6293976306915283,0.3793756365776062,-0.21943025290966034
1778958680.2804203,1.6217276000976564,-0.9783654785156255,-2.671195220947266,0.694271981716156,0.34717726707458496,-0.139796644449234
1778958680.3005996,1.1325448608398438,-1.3465997314453126,-2.449955291748047,0.684839129447937,0.34815460443496704,-0.10439769178628922
1778958680.3193877,0.9536668395996094,-1.2457095336914055,-2.2207818603515626,0.6112351417541504,0.34506693482398987,-0.08935081213712692
1778958680.372771,1.2401710510253907,-1.5346087646484374,-2.9033624267578126,0.49210429191589355,0.15459272265434265,-0.12657612562179565
1778958680.3919294,1.0659333801269533,-1.3555810546874998,-2.928061065673828,0.4301890432834625,0.09955060482025146,-0.11581719666719437
1778958680.4104571,0.9123527526855469,-1.3007949829101566,-2.9933253479003907,0.4351222813129425,0.08648251742124557,-0.1287170797586441
1778958680.4303956,0.7035369873046875,-1.474284210205079,-3.1569351196289066,0.4397056996822357,0.07600712776184082,-0.18568956851959229
1778958680.4493954,0.6304888916015625,-1.7528549194335934,-3.4620007324218753,0.41589227318763733,0.048309795558452606,-0.22933527827262878
1778958680.467264,0.6012995910644532,-1.9642153930664064,-3.7883221435546877,0.4131373167037964,0.033879488706588745,-0.21924306452274323
1778958680.4857833,0.5694158935546876,-1.6322058105468749,-4.025129699707032,0.41503453254699707,-0.014492537826299667,-0.18432241678237915
1778958680.5086575,0.4831951904296875,-1.479223937988282,-4.009262695312501,0.4142332077026367,-0.08542642742395401,-0.21444450318813324
1778958680.5330272,0.0305364990234375,-1.3885125732421884,-3.928879852294922,0.4714255630970001,-0.0433105006814003,-0.3145945072174072
1778958680.5508132,-0.22094055175781252,-1.3364208984375008,-3.595972137451172,0.4231133460998535,0.04210156574845314,-0.37134450674057007
1778958680.5693789,-0.21480331420898438,-1.216819610595703,-3.507206726074219,0.39073503017425537,0.08548981696367264,-0.37087392807006836
1778958680.5882666,-0.07050338745117188,-1.0722203063964848,-3.559897155761719,0.3383999466896057,0.0960143655538559,-0.34825044870376587
1778958680.6064663,0.531544647216797,-1.1774514770507807,-3.846251678466797,0.3148966133594513,0.03697311878204346,-0.3145565986633301
1778958680.6263087,0.7093748474121094,-1.4136602783203127,-3.9374121093750003,0.30353614687919617,-0.05144932121038437,-0.3237340450286865
1778958680.6483703,0.2279759216308594,-1.5316149902343756,-3.9737864685058595,0.2844007909297943,-0.0850677639245987,-0.2978310286998749
1778958680.6704433,-0.2171983337402344,-1.523531799316407,-4.229454803466797,0.34605249762535095,-0.025919625535607338,-0.20577585697174072
1778958680.6882975,-0.3438349914550781,-1.4358142089843753,-4.317621459960938,0.31829890608787537,-0.002627556212246418,-0.19709354639053345
1778958680.706092,-0.2609074401855469,-1.0271640014648433,-4.413871307373047,0.1913243681192398,-0.02515796385705471,-0.2053864747285843
1778958680.72614,-0.14804214477539063,-0.8238867187499999,-4.566254425048828,0.12612706422805786,-0.11223451048135757,-0.2407517433166504
1778958680.7504604,-0.2429447937011719,-0.8247848510742184,-4.711302795410156,0.11587177217006683,-0.1465802639722824,-0.2452111393213272
1778958680.7698522,-0.9304650878906251,-1.438508605957031,-4.309538269042969,0.1565280556678772,0.0036701904609799385,-0.13754157721996307
1778958680.7922883,-0.767603759765625,-1.320853271484376,-4.315226440429687,0.02418137714266777,0.07688158750534058,-0.029294781386852264
1778958680.8835576,-0.7093748474121094,-1.0822494506835945,-4.0859033203125,-0.17482095956802368,-0.07683481276035309,-0.027962442487478256
1778958680.9131045,-0.74006103515625,-1.3850697326660164,-4.464765472412109,-0.3060482144355774,0.12049184739589691,0.09466999769210815
1778958680.9326267,-0.35775604248046877,-0.9638456726074214,-4.747677154541016,-0.5403372049331665,0.13504192233085632,0.1574060469865799
1778958680.9508662,-0.09415420532226564,-0.04954696655273416,-5.150788879394532,-0.7068684697151184,0.06682565808296204,0.14334355294704437
1778958680.969388,-0.4129911804199219,0.500259704589844,-5.6203623962402345,-0.7231184840202332,0.012527229264378548,0.09847022593021393
1778958680.9900825,-0.884959716796875,0.7899073791503906,-5.736820220947266,-0.7223132848739624,-0.0024976273998618126,0.10732555389404297
1778958681.0075424,-1.064735870361328,0.8704399108886722,-5.650898895263672,-0.7589714527130127,0.009229406714439392,0.11477547883987427
1778958681.025369,-0.9644444274902344,1.3879138183593742,-5.687123565673828,-0.8777933120727539,0.02293955534696579,0.14474773406982422
1778958681.046601,-0.8592132568359375,2.2179377746582034,-5.922733612060547,-0.9674171805381775,0.02758214622735977,0.11988794803619385
1778958681.0660124,-0.5757028198242188,2.859952697753906,-5.610932006835938,-0.9601250290870667,0.055137742310762405,0.12236402928829193
1778958681.0840425,-0.18890716552734377,2.949915618896485,-4.768783264160157,-0.9688824415206909,0.10146479308605194,0.22107771039009094
1778958681.1039045,0.07918533325195314,2.1456381225585943,-3.606300659179688,-1.0489673614501953,0.14085683226585388,0.28715425729751587
1778958681.123006,0.4439767456054688,1.3286370849609384,-2.6661058044433594,-1.093577265739441,0.2114977091550827,0.27711278200149536
1778958681.143857,0.6221063232421875,0.664019165039063,-2.4519012451171878,-1.1341737508773804,0.24463972449302673,0.27256909012794495
1778958681.1631196,0.8264314270019532,0.429756317138672,-2.551444244384766,-1.107033610343933,0.27475160360336304,0.3026696741580963
1778958681.1814103,0.8961863708496094,0.32976425170898516,-2.491718444824219,-1.1347147226333618,0.2825385332107544,0.35155341029167175
1778958681.2017016,0.8861572265625001,0.20627105712890703,-2.152823181152344,-1.1951987743377686,0.27900007367134094,0.308311402797699
1778958681.2222533,0.6075865173339844,-0.20971389770507898,-1.743424530029297,-1.0927374362945557,0.313898503780365,0.24463528394699097
1778958681.2415183,0.4773573303222656,-0.5391787719726562,-1.3073812866210939,-1.06112539768219,0.3097769021987915,0.27250251173973083
1778958681.2651,0.6168672180175782,-0.9237290954589845,-1.0581495666503906,-0.9697706699371338,0.32396990060806274,0.2977428436279297
1778958681.2843099,0.7300318908691407,-0.9422904968261712,-1.0044113159179688,-0.9320309162139893,0.32073912024497986,0.31081628799438477
1778958681.3083596,0.3945794677734375,-0.31883697509765696,-0.7524851989746094,-0.9567088484764099,0.31270697712898254,0.24997654557228088
1778958681.3314042,0.2616558837890625,-0.12469070434570284,-0.3496728515625,-0.9427990317344666,0.3281106948852539,0.1957988291978836
1778958681.3492043,0.3320095825195313,-0.36673736572265625,-0.0077838134765625,-0.9357197284698486,0.32093608379364014,0.1176852285861969
1778958681.3675897,0.681383056640625,-0.3918850708007806,0.0975970458984375,-0.9201132655143738,0.32026857137680054,0.08816976845264435
1778958681.3866425,0.6367758178710938,-0.21390518188476548,-0.026494903564453127,-0.9033385515213013,0.2865047752857208,0.08706853538751602
1778958681.41209,0.6167175292968751,-0.07394622802734396,-0.039517822265625,-0.8502321243286133,0.2461603581905365,0.07136498391628265
1778958681.4325604,0.7599696350097657,0.13786331176757827,0.2070195007324219,-0.7548998594284058,0.22445492446422577,0.04666641727089882
1778958681.452236,0.7728428649902345,0.16795074462890547,0.4915777587890625,-0.7164478898048401,0.21371400356292725,0.017176825553178787
1778958681.4707022,0.6445596313476563,-0.12708572387695227,0.7650590515136719,-0.6592872738838196,0.22721466422080994,0.00035751936957240105
1778958681.4875505,0.6020480346679687,-0.5405259704589849,1.1666738891601562,-0.6398472785949707,0.21498017013072968,0.014821741729974747
1778958681.518081,0.8538244628906251,-0.7761360168457028,1.4630575561523438,-0.6760194897651672,0.1731751710176468,0.04905303940176964
1778958681.536559,0.786763916015625,-0.6367758178710936,1.3597723388671876,-0.6961241960525513,0.11290036886930466,0.015382695011794567
1778958681.5540745,0.609532470703125,-0.3974235534667976,1.1521540832519532,-0.6057787537574768,0.0861833393573761,-0.02732314169406891
1778958681.5740638,0.5942642211914063,-0.2829116821289066,1.134041748046875,-0.5479439496994019,0.07371601462364197,-0.02619555965065956
1778958681.5999389,0.4912783813476563,-0.19983444213867152,1.3433065795898438,-0.45942258834838867,0.052829645574092865,-0.0510452464222908
1778958681.6195035,0.46418472290039064,0.10268646240234425,1.5232324218750002,-0.4142608642578125,0.05649598315358162,-0.06535989046096802
1778958681.6363356,0.5022056579589844,0.33679962158203125,1.5217355346679688,-0.36375778913497925,0.0662868320941925,-0.04846690595149994
1778958681.6536727,0.6140231323242188,0.17513580322265554,1.6699273681640625,-0.2992720901966095,0.05881979689002037,-0.030541807413101196
1778958681.67278,0.7696994018554688,0.0354762268066402,1.7342935180664063,-0.2711490988731384,0.05609751120209694,-0.014938347041606903
1778958681.6936722,0.7116201782226563,-0.29069549560546903,1.9212547302246095,-0.2653098702430725,0.10848042368888855,-0.0405820868909359
1778958681.7138605,0.33185989379882813,-0.43454635620117266,1.9892134094238283,-0.26768603920936584,0.12850287556648254,-0.0921400636434555
1778958681.7316988,0.34338592529296874,-0.4161346435546882,2.0124151611328127,-0.20971274375915527,0.1301356554031372,-0.08928302675485611
1778958681.7512493,0.6926097106933594,-0.2507286071777344,1.966161346435547,-0.17996728420257568,0.14934822916984558,-0.045501478016376495
1778958681.7694905,0.7083270263671876,-0.5536985778808585,1.8217117309570314,-0.24301624298095703,0.12004383653402328,-0.02998523786664009
1778958681.7863803,0.2854563903808594,-0.6527925109863286,1.9688557434082032,-0.24338304996490479,0.16371141374111176,-0.07449223101139069
1778958681.804961,0.026195526123046875,-0.2983296203613275,1.8374290466308594,-0.17225836217403412,0.18676653504371643,-0.0643388107419014
1778958681.8232937,0.3159928894042969,-0.10283615112304645,1.7634828186035156,-0.07610389590263367,0.12519042193889618,-0.011160776019096375
1778958681.8434854,0.8783734130859375,-0.03832031249999979,1.8609301757812502,-0.00945903081446886,0.05046069994568825,0.018351588398218155
1778958681.8630369,0.730331268310547,-0.23067031860351506,1.9953506469726563,-0.0293605737388134,0.03948158398270607,-0.05196712166070938
1778958681.8809366,0.41029678344726567,-0.3713777160644529,2.1380039978027345,-0.07453460991382599,0.024889692664146423,-0.10833510756492615
1778958681.8981645,0.08217910766601563,-0.04251159667968807,2.1680914306640626,-0.12002859264612198,0.04702162370085716,-0.15409354865550995
1778958681.9187522,0.17857864379882812,0.22348526000976499,1.8257533264160157,-0.04688850790262222,0.10676205158233643,-0.09286492317914963
1778958681.9379776,0.43110351562500004,-0.20926483154296882,1.3394146728515626,0.12413318455219269,0.05647202208638191,-0.04790102690458298
1778958681.9572954,0.7200027465820313,-0.639320526123047,1.0662327575683594,0.20373281836509705,0.0046464684419333935,-0.1117819994688034
1778958681.9747736,0.1770817565917969,-0.757125549316406,1.5724800109863282,0.07924465835094452,-0.0006208629347383976,-0.1595214456319809
1778958681.9921587,-0.0520916748046875,-0.3483256530761718,1.9851718139648438,0.043553777039051056,0.01865146867930889,-0.15741169452667236
1778958682.0192845,0.31180160522460937,-0.24294479370117195,1.974693603515625,0.030856836587190628,0.056151434779167175,0.010905131697654724
1778958682.038957,0.8864566040039062,-0.25521926879882884,1.7646803283691408,0.023285428062081337,0.021156739443540573,0.07176967710256577
1778958682.058445,0.7075785827636719,-0.27692413330078125,1.6384927368164064,0.014764927327632904,0.0207400843501091,-0.03108915686607361
1778958682.0767515,-0.11570938110351563,-0.26869125366210866,1.5977774047851563,0.014493941329419613,0.03734535723924637,-0.17566639184951782
1778958682.0933516,-0.06870712280273437,-0.020806732177733878,1.3099259948730468,0.03316226229071617,0.07149627059698105,-0.11938593536615372
1778958682.1214104,0.21465362548828126,-0.20971389770507898,1.368603973388672,0.013790364377200603,0.02784673497080803,0.036305021494627
1778958682.13863,0.6306385803222656,0.051642608642577414,1.548380126953125,-0.018521947786211967,-0.03540664166212082,0.08345476537942886
1778958682.1585655,0.3454815673828125,-0.45535308837890653,1.7265097045898439,-0.04410184547305107,0.039405882358551025,-0.05101991817355156
1778958682.1781735,0.2636018371582031,0.04969665527343814,1.8100360107421876,-0.06332232058048248,0.08944505453109741,-0.10947731137275696
1778958682.2015448,0.17857864379882812,0.19100280761718835,1.6944763183593752,-0.027261581271886826,0.10649550706148148,-0.09033692628145218
1778958682.2209885,0.5508544921875,-0.5840853881835937,1.5808625793457032,0.06421095132827759,0.08792325109243393,0.10616442561149597
1778958682.2414181,0.17648300170898437,-0.41688308715820277,1.797312469482422,-0.02753821387887001,0.09297333657741547,0.18843576312065125
1778958682.2625031,-0.08652008056640625,-0.6044430541992192,1.7450711059570314,-0.026688076555728912,0.21195130050182343,0.08403133600950241
1778958682.2833443,0.0748443603515625,-0.5867797851562493,1.6612454223632813,0.07034239172935486,0.27330657839775085,0.005983775015920401
1778958682.303363,0.33829650878906253,-0.31389724731445234,1.4130615234375001,0.17804881930351257,0.28185606002807617,0.05590995401144028
1778958682.324045,0.48693740844726563,-0.8943901062011719,1.3900094604492188,0.1479378491640091,0.26583802700042725,0.16825683414936066
1778958682.353073,0.26195526123046875,-0.6138734436035165,1.5983761596679689,-0.05621447414159775,0.20710118114948273,0.2835880219936371
1778958683.5194094,0.446671142578125,-0.3468287658691409,1.6720230102539064,0.023594390600919724,-0.011612927541136742,-0.032359588891267776
1778958683.5414228,0.5454656982421875,0.0005987548828123579,1.646426239013672,0.04471362382173538,0.030257390812039375,-0.008168283849954605
1778958683.5676947,0.5288502502441407,-0.13037887573242202,1.4350657653808594,0.11018048226833344,0.07578220218420029,0.018029725179076195
1778958683.5878632,0.46657974243164063,-0.17483642578124936,1.3983920288085938,0.09459595382213593,0.08262848109006882,-0.018583711236715317
1778958683.6096382,0.5562432861328125,-0.2176473999023436,1.2846286010742187,0.06179983541369438,0.05904819443821907,-0.04964057356119156
1778958683.6315808,0.6968009948730469,-0.24010070800781236,1.257235565185547,0.043214913457632065,0.03375309333205223,-0.047901611775159836
1778958683.6532884,0.5063969421386719,-0.1919009399414069,1.439107360839844,-0.00892043299973011,0.048660967499017715,-0.04204200953245163
1778958683.6744165,0.19294876098632813,-0.12499008178710902,1.5417938232421875,-0.016665076836943626,0.12130708247423172,-0.06721007078886032
1778958683.6948588,0.18097366333007814,-0.08322692871093729,1.5293696594238282,0.04378458857536316,0.14603468775749207,-0.02662956900894642
1778958683.7153459,0.8246351623535156,-0.14205459594726477,1.4028826904296876,0.0932277962565422,0.15922249853610992,0.06024191528558731
1778958683.7342656,0.6270460510253907,-0.535586242675782,1.4917977905273438,0.05576397106051445,0.19697117805480957,-0.027364809066057205
1778958683.755586,0.3706292724609375,-0.42242156982421797,1.6247213745117188,-0.02553776279091835,0.2483258992433548,-0.14048929512500763
1778958683.7742972,0.4101470947265625,-0.13591735839843722,1.4688954162597656,0.0022824183106422424,0.29162731766700745,-0.09541263431310654
1778958683.7952707,0.3914360046386719,-0.04535568237304766,1.374591522216797,0.08279035985469818,0.2808086574077606,0.01773896999657154
1778958683.817622,0.3047662353515625,-0.23096969604492124,1.5081138610839844,0.08687548339366913,0.3282566964626312,0.03559001162648201
1778958683.8370686,0.047151947021484376,-0.21540206909179638,1.7559983825683594,0.05430997908115387,0.38687577843666077,-0.03148224577307701
1778958683.865375,0.3579057312011719,0.17932708740234382,1.6449293518066408,0.2083626389503479,0.44637539982795715,0.042800940573215485
1778958683.886929,0.3875440979003906,-0.05718109130859439,1.478774871826172,0.27864548563957214,0.4218953549861908,0.08362870663404465
1778958683.907789,0.2640509033203125,-0.3092568969726557,1.4389576721191406,0.10715726763010025,0.5001665949821472,0.0030820611864328384
1778958683.9269335,-0.18052459716796876,-0.2770738220214852,1.6435821533203125,-0.19592097401618958,0.6028945446014404,-0.1818642020225525
1778958683.9475422,0.08951385498046875,0.15537689208984418,1.6796571350097658,-0.36866018176078796,0.697472870349884,-0.2353873997926712
1778958683.968082,0.6186634826660157,0.5278024291992196,1.5745756530761719,-0.27236467599868774,0.6926770806312561,-0.10267998278141022
1778958683.9881408,0.45939468383789067,0.2963836669921882,1.3344749450683595,-0.00034144986420869827,0.690546989440918,-0.036462608724832535
1778958684.0077405,-0.15133529663085937,0.0911604309082037,1.3021421813964844,0.128950834274292,0.8076346516609192,-0.11597790569067001
1778958684.0276992,-0.5632786560058594,0.08756790161132777,1.4600637817382813,0.06939756870269775,0.8549932837486267,-0.21171948313713074
1778958684.0466378,-0.20851638793945312,-0.1865121459960939,1.1329939270019531,0.06440900266170502,0.9039837718009949,-0.20104064047336578
1778958684.0670242,0.10283615112304688,-0.3008743286132809,1.1401789855957032,0.05328919366002083,0.9177042245864868,-0.11541303247213364
1778958684.0840368,-0.21525238037109376,-0.5295986938476567,1.3265414428710938,-0.016769375652074814,0.9648461937904358,-0.10991770774126053
1778958684.1041653,-0.1770817565917969,-0.5385800170898438,1.1520043945312501,-0.090610571205616,1.066161870956421,-0.12441370636224747
1778958684.125007,-0.3658392333984375,-0.5129832458496093,1.2012519836425781,-0.20745548605918884,1.1369538307189941,-0.1211133822798729
1778958684.14343,-0.4956193542480469,-0.47256729125976626,1.1056008911132813,-0.2362782210111618,1.1697919368743896,-0.0895259827375412
1778958684.16437,-0.5291496276855469,-0.31374755859375014,0.9476792907714844,-0.21301381289958954,1.1882340908050537,-0.062482163310050964
1778958684.1832304,-0.5679190063476562,-0.35685791015625057,1.0659333801269533,-0.2522686719894409,1.2458621263504028,-0.05976705625653267
1778958684.2032053,-0.4213737487792969,-0.14220428466796875,1.1440708923339844,-0.304263174533844,1.3167599439620972,-0.011336728930473328
1778958684.2213204,-0.8345146179199219,-0.5399272155761725,1.2534933471679688,-0.2807821035385132,1.4472582340240479,0.014937769621610641
1778958684.2708004,-0.7511380004882813,-0.7833210754394528,1.6003221130371095,-0.23464329540729523,1.4838789701461792,0.12419173121452332
1778958684.292428,-0.3251239013671875,-0.21974304199218686,1.397344207763672,-0.06479154527187347,1.3567767143249512,0.3859317898750305
1778958684.3138459,-0.9877958679199219,-0.3213816833496086,1.5090119934082031,-0.02685702033340931,1.5538029670715332,0.192521333694458
1778958684.3349485,-1.1870315551757813,-0.7831713867187506,1.764979705810547,-0.06236540526151657,1.7726950645446777,0.05172204226255417
1778958684.3549297,-0.8327183532714845,-0.005987548828125355,2.1487815856933596,-0.10697092860937119,1.759718656539917,0.06902464479207993
1778958684.3759637,1.0732681274414062,0.7039860534667977,2.145638122558594,0.04227862134575844,1.57327401638031,0.31284305453300476
1778958684.3966615,-0.3956272888183594,0.49172744750976527,1.9085311889648438,0.2569131851196289,1.4053349494934082,0.49392440915107727
1778958684.4151366,-1.16637451171875,0.040865020751953196,1.5248789978027344,0.23847025632858276,1.5407800674438477,0.4813830256462097
1778958684.4331274,-2.4999513244628906,-0.8502319335937507,1.7199234008789064,0.011306926608085632,1.9353859424591064,0.312104731798172
1778958684.4543774,-0.781824188232422,-0.6167175292968743,1.861977996826172,-0.12135297060012817,1.9840075969696045,0.3851468861103058
1778958684.5004776,0.6198609924316406,0.058079223632812926,1.5944842529296877,0.1894828826189041,1.1955727338790894,0.33373939990997314
1778958684.5176253,-0.9656419372558595,-0.4694238281250005,1.4305751037597656,-0.1726626306772232,1.3839449882507324,-0.1868368238210678
1778958684.5373895,-1.6088543701171876,-0.7514373779296868,1.5549664306640625,-0.6029258966445923,1.562025785446167,-0.4208514988422394
1778958684.5572915,0.018112335205078125,-0.2562670898437496,1.5786172485351564,-0.663224995136261,1.445541262626648,-0.15784913301467896
1778958684.5745425,1.7167799377441406,0.08232879638671875,1.7176780700683594,-0.42461422085762024,1.0458437204360962,0.3319777250289917
1778958684.5912707,1.2954061889648438,0.0883163452148441,1.687291259765625,-0.2982541620731354,0.9482292532920837,0.3622661232948303
1778958684.610527,-0.3465293884277344,-0.09639953613281271,1.9910096740722658,-0.24144795536994934,0.9481486678123474,0.010108470916748047
1778958684.6262486,-1.3219010925292969,-0.5602848815917962,1.7919236755371095,-0.4548005163669586,1.1360880136489868,-0.3170485198497772
1778958684.6422157,-1.2900173950195313,-0.7932005310058603,1.6539106750488282,-0.4887487590312958,1.0461981296539307,-0.354477196931839
1778958684.6590035,-0.8006849670410157,-0.08771759033203175,3.2513887023925783,0.2955274283885956,0.7370373010635376,0.2828262746334076
1778958684.7124593,0.1932481384277344,0.35027160644531286,1.9175125122070313,0.4371885657310486,0.7104039788246155,0.6609293818473816
1778958684.7323353,-1.2099339294433595,-0.5436694335937506,1.9993922424316408,-0.21912556886672974,1.3450723886489868,0.1969173401594162
1778958684.7519162,0.6161187744140625,0.3972738647460936,1.833237762451172,-0.22931401431560516,1.3885356187820435,0.17265018820762634
1778958684.7714412,1.2304412841796875,0.5502557373046884,1.3849200439453127,-0.17396435141563416,1.0875781774520874,0.288531094789505
1778958684.7912576,0.20926483154296877,0.39113662719726605,1.7756076049804688,0.07276608049869537,0.8883368372917175,0.18548661470413208
1778958684.8107674,-0.7982899475097657,-0.09101074218749972,1.9875668334960939,0.17014248669147491,0.8701050877571106,0.08541214466094971
1778958684.846136,-0.104183349609375,0.6053411865234377,1.349294128417969,0.16967889666557312,0.7651286125183105,0.28006044030189514
1778958684.867534,0.10972183227539063,1.2105326843261714,1.3121713256835938,0.17743341624736786,0.808806836605072,0.43655338883399963
1778958684.8868678,-0.5072950744628907,0.514330444335938,1.4181509399414063,0.16405265033245087,1.0045714378356934,0.5071768164634705
1778958684.9388344,0.20447479248046876,-0.02544708251953054,1.2383747863769532,0.3382202684879303,0.7468636631965637,0.6508334279060364
1778958684.957458,0.9406439208984375,-0.04281097412109425,0.7635621643066407,0.650416910648346,1.0698063373565674,0.7532941102981567
1778958684.981359,0.6984475708007812,0.21285736083984297,0.45520339965820317,0.8739491701126099,1.510219931602478,0.9304456114768982
1778958685.0000162,-0.32168106079101566,0.42152343749999943,1.0327024841308594,0.8395738005638123,1.7079617977142334,1.123062014579773
1778958685.0185544,-0.14669494628906252,0.06795867919921861,1.1108399963378908,0.6585549712181091,1.70619535446167,1.1927238702774048
1778958685.0354183,0.5965095520019531,0.10268646240234425,0.51971923828125,0.6247811317443848,1.7214620113372803,1.2116868495941162
1778958685.0527897,1.0588980102539063,0.3306623840332037,0.3534150695800781,0.5453032851219177,1.9542299509048462,1.263190507888794
1778958685.0701714,0.5596861267089844,0.2722837829589846,0.4543052673339844,0.46245235204696655,2.117464303970337,1.2602583169937134
1778958685.0874956,0.2604583740234375,-0.15852035522460994,0.5325924682617188,0.27542850375175476,2.33503794670105,1.2280884981155396
1778958685.1040294,0.645457763671875,-0.08726852416992159,0.3384461975097656,0.1588963121175766,2.540879726409912,1.2917134761810303
1778958685.1205852,0.6141728210449219,-0.11615844726562585,0.10642868041992189,0.12505000829696655,2.6988065242767334,1.3185433149337769
1778958685.1662574,2.279160461425781,-0.503702545166016,1.0579998779296875,-0.20931874215602875,3.3399622440338135,1.3855606317520142
1778958685.1892207,1.5823594665527345,-0.702489166259765,1.5181430053710938,-0.2369598001241684,3.3037056922912598,1.2405779361724854
1778958685.2091053,1.2533436584472657,-0.5209167480468757,1.0017169189453126,-0.41697072982788086,3.383542537689209,1.3192484378814697
1778958685.2304544,1.3558804321289064,-0.8193960571289072,0.9822573852539063,-0.6580141186714172,3.4172818660736084,1.307479977607727
1778958685.2483234,1.7917739868164064,-1.4506333923339838,1.776954803466797,-0.6595444083213806,3.4308459758758545,0.9947040677070618
1778958685.2654538,2.362836456298828,-1.1687695312499997,2.223625946044922,-0.5965385437011719,3.403883457183838,0.8168157339096069
1778958685.2861927,2.8108547973632816,-1.285826110839844,2.323019256591797,-0.5582172870635986,3.3679375648498535,0.7252511978149414
1778958685.3052487,2.5762925720214844,-1.3759387207031253,3.264261932373047,-0.643164873123169,3.158736228942871,0.5766799449920654
1778958685.3265693,1.2924124145507814,-1.359472961425782,3.8715490722656254,-0.8431791067123413,2.5147314071655273,0.31890180706977844
1778958685.3758702,0.48214736938476566,-1.6354989624023446,7.1242849731445315,-1.3256646394729614,1.11491858959198,0.15715985000133514
1778958685.3959005,3.0030551147460938,-1.7613871765136722,3.9267842102050783,-0.7291235327720642,1.2339777946472168,0.12966862320899963
1778958685.4155421,2.1990769958496097,-1.6944763183593743,4.358636169433594,-0.6389809846878052,1.3007382154464722,0.052899301052093506
1778958685.4355617,1.7711169433593752,-1.5982264709472656,4.428391113281251,-0.703191339969635,1.116918921470642,0.02522270940244198
1778958685.4546418,1.6729211425781252,-1.5979270935058594,4.508474578857422,-0.6938485503196716,0.9417337775230408,0.042233046144247055
1778958685.4744864,1.5045213317871096,-1.7652790832519525,4.578528900146485,-0.5857005715370178,0.8759864568710327,0.11275570094585419
1778958685.492713,1.854792938232422,-1.6405883789062496,4.779560852050781,-0.5401291847229004,0.9521288871765137,0.12117723375558853
1778958685.512329,2.0133132934570312,-1.5962805175781245,5.062472534179688,-0.5487712621688843,1.1708425283432007,0.10986264795064926
1778958685.5806055,1.4798226928710938,-1.5828085327148447,5.224735107421875,-0.660350501537323,1.050279974937439,0.04003274068236351
1778958685.6280692,1.1573931884765625,-1.969005432128906,5.553750915527344,-0.28750699758529663,0.6442299485206604,0.03759549558162689
1778958685.6873157,0.8783734130859375,-1.8500028991699216,5.561834106445313,-0.2279636114835739,0.34824246168136597,0.0393870584666729
1778958685.7385762,1.0856922912597657,-1.8877244567871099,5.769901428222656,-0.1669638305902481,0.4985494017601013,0.0010252664797008038
1778958685.7666214,0.8607101440429688,-2.027384033203125,5.771248626708985,-0.09289691597223282,0.2981177866458893,0.004411895759403706
1778958685.7877223,0.8439450073242188,-2.106569366455078,5.703439636230469,-0.044618528336286545,0.23336489498615265,0.03454660624265671
1778958685.8103454,0.8403524780273438,-2.006128234863281,5.789211273193359,-0.13862209022045135,0.2677166759967804,0.036517057567834854
1778958685.8304625,0.8370593261718751,-2.0329225158691404,5.7420593261718755,-0.1551513969898224,0.3341871201992035,0.0004084082320332527
1778958685.8488238,0.6782395935058594,-2.012714538574219,5.8439973449707034,-0.10283951461315155,0.2267809361219406,0.015405168756842613
1778958685.867035,0.6331832885742188,-2.1279748535156253,5.862708435058594,-0.03188784420490265,0.1511990875005722,0.02873855084180832
1778958685.8860636,0.5813909912109375,-2.1198916625976567,5.818699951171875,0.06968465447425842,0.10044063627719879,0.050928376615047455
1778958685.906164,0.789158935546875,-1.9992425537109373,6.007008361816407,0.03204866498708725,0.13583514094352722,0.0661434605717659
1778958685.9244628,0.8686436462402344,-1.9175125122070318,5.985902252197266,-0.06920843571424484,0.21199296414852142,0.03326927497982979
1778958685.9429731,0.7455995178222656,-1.958227844238281,5.873186645507813,-0.1848033368587494,0.29942598938941956,-0.01670466735959053
1778958685.9591198,0.6195616149902344,-2.1561163330078124,5.7666082763671875,-0.20558272302150726,0.25765398144721985,-0.004349105060100555
1778958685.977395,0.5554948425292969,-2.253863067626953,5.661377105712891,-0.10114569962024689,0.19072622060775757,0.025785770267248154
1778958685.9990585,0.5373825073242188,-2.3538551330566406,5.798941040039063,-0.034220337867736816,0.15785077214241028,0.02713138237595558
1778958686.0160394,0.70892578125,-2.2165905761718747,6.208339691162109,-0.06660491228103638,0.14105553925037384,0.008780872449278831
1778958686.0317957,0.5813909912109375,-2.0996836853027343,6.004613342285157,-0.09975938498973846,0.17314115166664124,-0.006132327485829592
1778958686.0485523,0.4734654235839844,-2.245630187988281,5.990093536376953,-0.18384242057800293,0.15393079817295074,-0.0043107131496071815
1778958686.0650039,0.4496649169921875,-2.2727238464355466,5.890550537109375,-0.1996125876903534,0.14182539284229279,0.0012912461534142494
1778958686.083869,0.5114863586425782,-2.280807037353516,5.898334350585937,-0.23072175681591034,0.12069114297628403,0.003298776689916849
1778958686.1019866,0.6351292419433594,-2.347568206787109,5.85582275390625,-0.22200727462768555,0.20802578330039978,-0.008648451417684555
1778958686.122525,0.6201603698730469,-2.229613494873047,6.175707550048829,-0.15610317885875702,0.25256451964378357,-0.037342995405197144
1778958686.1418376,0.5029541015625,-2.2126986694335935,6.255192260742188,-0.15751460194587708,0.23730871081352234,-0.01378185860812664
1778958686.162892,0.542471923828125,-2.2251228332519535,6.260131988525391,-0.1523805558681488,0.1844438910484314,-0.010366354137659073
1778958686.1836078,0.46643005371093754,-2.186952209472657,6.3038410949707036,-0.18439708650112152,0.18193019926548004,-0.049427345395088196
1778958686.2027266,0.1772314453125,-2.2941293334960937,6.099066925048828,-0.1944383829832077,0.17605450749397278,-0.05645953491330147
1778958686.2215598,0.19040405273437502,-2.3797512817382813,6.104006652832031,-0.175834059715271,0.2052846997976303,0.012600922957062721
1778958686.254401,0.04565505981445313,-2.2799089050292967,6.257886657714844,-0.1993071585893631,0.20947997272014618,-0.004602564964443445
1778958686.2749207,0.11600875854492188,-2.2933808898925783,6.0501187133789065,-0.16404002904891968,0.10440582036972046,-0.009532548487186432
1778958686.2971687,0.030087432861328128,-2.3944207763671876,7.080126800537109,-0.12570680677890778,0.0027335532940924168,-0.021071359515190125
1778958686.396707,0.23605911254882814,-2.308649139404297,6.358776855468751,0.06541081517934799,-0.16244478523731232,0.03133443742990494
1778958686.417585,0.477806396484375,-2.4490571594238286,6.424190826416016,0.013609305024147034,0.002965614665299654,-0.0420517772436142
1778958686.4359398,0.6017486572265626,-2.516716461181641,6.393354949951172,-0.0528922975063324,0.11105532944202423,0.0029841656796634197
1778958686.4539187,0.4927752685546875,-2.4556434631347654,6.431675262451172,-0.1499549299478531,0.15904995799064636,0.0192309208214283
1778958686.47464,0.760418701171875,-2.435435485839844,6.232738952636719,-0.2256859987974167,0.22310131788253784,-0.0987498015165329
1778958686.4979799,0.8958869934082032,-2.1577629089355472,6.120023345947266,-0.3466409742832184,0.1973414123058319,-0.2184838503599167
1778958686.5172899,0.7774832153320312,-2.2638922119140625,6.315816192626953,-0.40457120537757874,0.19642116129398346,-0.22725751996040344
1778958686.5369244,0.5890251159667969,-2.581531677246094,6.429130554199219,-0.2766483426094055,0.15126410126686096,-0.16570504009723663
1778958686.5552027,0.38859191894531253,-2.8008256530761724,6.395899658203125,-0.09212525188922882,0.03656688705086708,-0.0624137818813324
1778958686.5837352,-0.05957611083984375,-2.8765681457519534,6.655310211181641,0.023054860532283783,-0.19610734283924103,0.12017965316772461
1778958686.6028743,-0.0718505859375,-2.644850006103516,6.648274841308594,0.05982432886958122,-0.26172682642936707,0.11560647934675217
1778958686.6243904,0.16555572509765626,-2.7222390747070317,6.656956787109375,0.029759608209133148,-0.1395663619041443,0.04640180617570877
1778958686.6443827,0.20806732177734377,-2.6830206298828125,6.621480560302735,-0.035543013364076614,-0.018385013565421104,0.01368572935461998
1778958686.6684673,0.03278182983398438,-2.634521484375,6.558611297607422,-0.09665541350841522,0.01328533049672842,0.014776958152651787
1778958686.6879864,0.15717315673828125,-2.6253904724121098,6.544091491699219,-0.07899586856365204,-0.03483216464519501,0.030510496348142624
1778958686.7086103,0.16989669799804688,-2.546654205322266,6.623875579833984,-0.04543691873550415,-0.1032799631357193,0.01193770207464695
1778958686.730342,0.2856060791015625,-2.497256927490234,6.731950836181641,-0.01842745766043663,-0.12566053867340088,0.018999064341187477
1778958686.752445,0.4508624267578125,-2.5932073974609375,6.6717759704589845,0.06916622817516327,0.020663386210799217,0.10542026162147522
1778958686.7715757,0.4147874450683594,-2.5700056457519533,6.594087524414062,0.10694082826375961,0.03446245193481445,0.12951602041721344
1778958686.791167,0.2947370910644531,-2.434088287353516,6.512058105468751,0.13516414165496826,-0.03601337596774101,0.10411840677261353
1778958686.811535,0.31569351196289064,-2.2906864929199218,6.463109893798828,0.11621330678462982,-0.11935556679964066,0.013449219055473804
1778958686.835283,0.4550537109375,-2.2957759094238286,6.501579895019532,0.09595391154289246,-0.13398830592632294,-0.06385384500026703
1778958686.853383,0.561632080078125,-2.384241943359375,6.527775421142579,0.14473144710063934,-0.12417449057102203,-0.03984216973185539
1778958686.8738105,0.6053411865234375,-2.3451731872558597,6.6150439453125,0.16217756271362305,-0.07783832401037216,-0.06350918114185333
1778958686.8917994,0.5502557373046876,-2.298320617675781,6.600823516845703,0.14641273021697998,-0.03785491734743118,-0.09043700993061066
1778958686.9084456,0.5051994323730469,-2.333347778320313,6.567442932128906,0.13530795276165009,-0.04824524372816086,-0.08676879107952118
1778958686.927169,0.4315525817871094,-2.414479064941406,6.430777130126954,0.2144109010696411,-0.11361116170883179,-0.10634765774011612
1778958686.9467993,0.44846740722656253,-2.4292982482910155,6.3936543273925786,0.2581867277622223,-0.1625937968492508,-0.0859481617808342
1778958686.9649022,0.4751119995117188,-2.4228616333007817,6.368057556152344,0.28661930561065674,-0.18262362480163574,-0.04863666370511055
1778958686.9843183,0.5219645690917969,-2.4734564208984375,6.342311096191406,0.352919340133667,-0.22450293600559235,-0.04239889606833458
1778958687.0036035,0.4727169799804688,-2.44052490234375,6.28692626953125,0.3244907259941101,-0.1988578736782074,-0.015925332903862
1778958687.0241628,0.45235931396484375,-2.3972648620605472,6.221512298583985,0.17755381762981415,-0.13450153172016144,0.02235572040081024
1778958687.0500495,0.41388931274414065,-2.344275054931641,6.170618133544922,0.04807944968342781,-0.07482249289751053,-0.02784433215856552
1778958687.0693629,0.46373565673828127,-2.3429278564453124,6.114933929443359,-0.0024083522148430347,-0.024496369063854218,-0.11173123121261597
1778958687.0905318,0.46373565673828127,-2.352657623291016,6.101461944580079,-0.028898414224386215,-0.049727022647857666,-0.14322198927402496
1778958687.1111026,0.4248165893554688,-2.3147863769531254,6.025120697021484,-0.014843033626675606,-0.010290268808603287,-0.12424573302268982
1778958687.1280537,0.4240681457519532,-2.2920336914062505,6.043831787109375,-0.024535294622182846,0.020860925316810608,-0.09646503627300262
1778958687.1463172,0.405955810546875,-2.289339294433594,6.001170501708985,-0.03977131098508835,0.07306473702192307,-0.0543668232858181
1778958687.1666896,0.2856060791015625,-2.238594818115234,5.902675323486329,-0.05933087691664696,0.014555495232343674,-0.04378325864672661
1778958687.185981,0.18441650390625,-2.144739990234375,5.838608551025391,-0.04377339035272598,-0.1556025594472885,-0.08635900169610977
1778958687.2040238,0.16914825439453127,-2.0965402221679685,5.8951908874511725,-0.08231469988822937,-0.18857087194919586,-0.1288360208272934
1778958687.2239165,0.3852987670898438,-2.1933888244628905,6.126310272216797,-0.14468805491924286,-0.11465632915496826,-0.09638436883687973
1778958687.247219,0.5322930908203125,-2.224075012207031,6.250102844238282,-0.11509478092193604,-0.01650732010602951,-0.05968248471617699
1778958687.2680652,0.5869294738769532,-2.182012481689453,6.3125230407714845,-0.06275882571935654,-0.02213597670197487,-0.025397542864084244
1778958687.2870073,0.5932164001464844,-2.12917236328125,6.242768096923829,-0.01842537894845009,-0.11609196662902832,-0.055355072021484375
1778958687.3073611,0.5212161254882812,-2.0826191711425786,6.22705078125,-0.03869181126356125,-0.159890279173851,-0.13848285377025604
1778958687.331251,0.5421725463867187,-2.268382873535156,6.248007202148438,-0.13493762910366058,0.01578737050294876,-0.1344045102596283
1778958687.350514,0.4770579528808594,-2.3813978576660153,6.155948638916016,-0.0929940715432167,0.048610128462314606,-0.07715246081352234
1778958687.3749373,0.40430923461914064,-2.419718170166016,6.199957122802735,-0.03155400604009628,-0.05847258120775223,-0.059363000094890594
1778958687.3947914,0.3936813354492188,-2.396815795898438,6.280040588378907,-0.034463994204998016,-0.12412382662296295,-0.07869414240121841
1778958687.4153085,0.48678771972656254,-2.4730073547363283,6.34006576538086,-0.10556595772504807,-0.0659613236784935,-0.08866143971681595
1778958687.4338608,0.3668870544433594,-2.5626708984375,6.3002485656738285,-0.16823622584342957,0.02360711060464382,-0.060870349407196045
1778958687.452044,0.20522323608398438,-2.6003924560546876,6.2562400817871096,-0.17164751887321472,-0.018209010362625122,0.011370694264769554
1778958687.471672,0.2034269714355469,-2.5789869689941405,6.33048568725586,-0.059012871235609055,-0.127798929810524,0.034877240657806396
1778958687.4918745,0.3291654968261719,-2.578537902832031,6.510561218261719,0.034765150398015976,-0.14918553829193115,0.034646064043045044
1778958687.5130892,0.3745211791992188,-2.546504516601563,6.5854055786132815,0.008930644020438194,-0.046418044716119766,0.05849144607782364
1778958687.5338974,0.367635498046875,-2.483036499023438,6.614594879150391,-0.05956239998340607,0.0334046445786953,0.06773094832897186
1778958687.5526805,0.27842102050781253,-2.4610322570800784,6.584806823730469,-0.10249847918748856,0.04740612208843231,0.0356355644762516
1778958687.5723178,0.2692900085449219,-2.508034515380859,6.497388610839844,-0.09094700217247009,0.0025567864067852497,0.004704104736447334
1778958687.594416,0.2513273620605469,-2.4578887939453127,6.529871063232422,-0.03093285858631134,-0.04927844926714897,-0.004369571339339018
1778958687.702309,0.17274078369140625,-2.5387207031250005,6.256539459228516,0.01696597784757614,-0.060271043330430984,-0.008495176210999489
1778958687.7530496,0.39233413696289066,-2.5970993041992188,6.436016235351563,-0.0017343023791909218,0.04624434560537338,0.005652456544339657
1778958687.814237,0.335302734375,-2.5879682922363285,6.41670639038086,-0.016159385442733765,-0.012003281153738499,0.014308354817330837
1778958687.8394246,0.47870452880859377,-2.6200016784667968,6.495442657470703,0.06729196757078171,-0.05259930342435837,0.10242016613483429
1778958687.8596723,0.5046006774902344,-2.5478517150878908,6.520590362548829,0.04477553069591522,0.026861293241381645,0.09668926894664764
1778958687.8801274,0.4816983032226563,-2.523602142333985,6.5255300903320315,-0.0701659619808197,0.09720999002456665,0.06544859707355499
1778958687.8986871,0.43649230957031254,-2.509681091308594,6.4746359252929695,-0.15882490575313568,0.14306096732616425,0.00731646129861474
1778958687.9178357,0.3429368591308594,-2.5066873168945314,6.443800048828125,-0.15672297775745392,0.07371305674314499,-0.012577392160892487
1778958687.936198,0.4685256958007813,-2.5914111328125005,6.465355224609375,-0.10297854989767075,-0.0032326593063771725,0.04957328736782074
1778958687.9551218,0.5153782653808594,-2.6232948303222656,6.5803161621093755,-0.030424799770116806,-0.02761446312069893,0.10445606708526611
1778958687.9745114,0.5189707946777344,-2.620301055908203,6.546336822509766,-0.0029359241016209126,0.014812687411904335,0.09968727082014084
1778958687.9951868,0.49487091064453126,-2.593656463623047,6.592890014648438,-0.02239111438393593,0.03618907928466797,0.08730889856815338
1778958688.0156674,0.43544448852539064,-2.4785458374023435,6.4640080261230475,-0.11051808297634125,0.07130205631256104,0.027431124821305275
1778958688.0341938,0.49187713623046875,-2.5188121032714843,6.443650360107422,-0.09521260857582092,0.04969353973865509,0.04524044692516327
1778958688.052508,0.4866380310058594,-2.5474026489257815,6.335724792480469,-0.05891531705856323,0.035030707716941833,0.061599183827638626
1778958688.0694065,0.4739144897460938,-2.597398681640625,6.299949188232422,-0.00246789725497365,-0.004602787084877491,0.09053248167037964
1778958688.0861871,0.48409332275390626,-2.516417083740235,6.334976348876953,-0.02088998630642891,-0.036312416195869446,0.06284628808498383
1778958688.101325,0.4626878356933594,-2.44052490234375,6.458469543457031,-0.06846168637275696,-0.03289371728897095,0.03129633516073227
1778958688.121004,0.5300477600097656,-2.4044499206542973,6.6295637512207035,-0.14963631331920624,0.04001720994710922,-0.044814836233854294
1778958688.138665,0.5833369445800781,-2.468666381835938,6.748117218017579,-0.15602034330368042,0.07398752868175507,-0.05401957035064697
1778958688.1547146,0.5992039489746094,-2.564018096923828,6.755302276611329,-0.08626587688922882,0.05942163243889809,-0.0023478937800973654
1778958688.1743913,0.5180726623535157,-2.565814361572266,6.730603637695313,-0.006746585480868816,-0.0018361969850957394,0.02823926880955696
1778958688.1980693,0.4710704040527344,-2.558778991699219,6.769373016357422,0.010570431128144264,-0.028903767466545105,0.0009727403521537781
1778958688.217342,0.49636779785156254,-2.555036773681641,6.65860336303711,-0.027733221650123596,-0.010677792131900787,-0.023153603076934814
1778958688.2355049,0.45460464477539064,-2.5930577087402344,6.608906707763672,-0.06385485827922821,0.001436660997569561,-0.031384408473968506
1778958688.2520492,0.4968168640136719,-2.6568251037597657,6.597530364990234,-0.06024094671010971,0.025606978684663773,-0.03585692495107651
1778958688.268315,0.5147795104980469,-2.687511291503906,6.608607330322266,-0.020556364208459854,0.03458569198846817,-0.0011043716222047806
1778958688.286315,0.45101211547851566,-2.7002348327636723,6.598278808593751,0.028407666832208633,-0.042376402765512466,0.024284135550260544
1778958688.3026597,0.3990701293945313,-2.6439518737792973,6.5767236328125005,0.040273550897836685,-0.06577876210212708,-0.01213027723133564
1778958688.3187516,0.4207749938964844,-2.6426046752929686,6.566245422363282,0.004898181185126305,-0.036632925271987915,-0.022809389978647232
1778958688.3360872,0.449066162109375,-2.6562263488769533,6.5538212585449225,-0.0814405232667923,0.027532313019037247,-0.02406034991145134
1778958688.352202,0.41269180297851565,-2.613265686035156,6.555767211914063,-0.07633305341005325,0.020733892917633057,-0.033560611307621
1778958688.3703842,0.43200164794921875,-2.6640101623535157,6.601422271728516,-0.03960327059030533,-0.008235706947743893,-0.03916523605585098
1778958688.3881805,0.4423301696777344,-2.6667045593261722,6.649622039794922,0.022640254348516464,-0.02544964849948883,-0.014082067646086216
1778958688.4060326,0.427510986328125,-2.6780809020996097,6.687044219970703,-0.0038587814196944237,0.017735473811626434,0.007460765074938536
