timestamp,AccX,AccY,AccZ,GyroX,GyroY,GyroZ
1778956395.4023244,0.14474899291992188,9.702373809814453,0.9895921325683594,0.09125329554080963,0.03318203613162041,0.008672885596752167
1778956395.4164305,0.1471440124511719,9.797276458740235,1.060843963623047,0.06729017198085785,0.04286981746554375,0.022674988955259323
1778956395.4316206,0.111368408203125,10.112969970703125,1.1945159912109375,0.07882553339004517,0.026604650542140007,0.037526629865169525
1778956395.4448392,0.22034179687500002,10.189760284423828,1.2407698059082033,0.11313365399837494,0.006883957423269749,0.012182118371129036
1778956395.457888,0.36239639282226566,10.033934326171876,1.156644744873047,0.16629596054553986,0.025790728628635406,-0.08936953544616699
1778956395.5100973,-0.30326934814453127,9.437424774169923,0.95082275390625,0.048215240240097046,-0.06944852322340012,0.034535106271505356
1778956395.527092,-0.38050872802734376,9.247320098876953,0.9357041931152345,0.02788207307457924,-0.06814897060394287,0.07778804004192352
1778956395.5438876,-0.04176315307617188,9.145082702636719,0.9613009643554687,0.05463752895593643,-0.12483786046504974,0.10600769519805908
1778956395.5608642,0.6044430541992187,9.313482513427735,0.9719288635253907,0.12443134188652039,-0.15152397751808167,0.06664165109395981
1778956395.5747445,0.5409750366210938,9.445358276367188,1.0404862976074218,0.13205650448799133,-0.1419922560453415,0.024433476850390434
1778956395.5908384,0.10313552856445313,9.61121337890625,1.1201206970214845,0.10251116752624512,-0.1307523250579834,-0.009395590052008629
1778956395.607025,0.14579681396484376,9.810898132324219,1.1490106201171875,0.11787635087966919,-0.13489867746829987,0.02001422643661499
1778956395.6210196,0.16390914916992189,9.829908599853516,1.114881591796875,0.10676723718643188,-0.11946538835763931,0.025952277705073357
1778956395.637516,0.1776805114746094,10.022108917236329,1.0864407348632814,0.010617687366902828,-0.09681755304336548,0.013005848973989487
1778956395.6540823,0.2136058044433594,10.203531646728516,1.0373428344726563,0.0048474157229065895,-0.09010345488786697,-0.0028343661688268185
1778956395.6700869,0.5457650756835938,10.26071273803711,0.6923103332519531,0.16358056664466858,-0.0683993250131607,-0.03412863612174988
1778956395.684407,0.5995033264160157,10.072104949951173,0.6237528991699219,0.23451974987983704,-0.055462390184402466,-0.03689619526267052
1778956395.7304664,0.6441105651855469,9.043294372558595,0.8220904541015626,0.1770898699760437,-0.07820761948823929,0.03809415176510811
1778956395.7455988,0.45640090942382816,9.214538269042968,0.8857081604003907,0.1182614266872406,-0.030850723385810852,-0.01058337651193142
1778956395.7642896,0.3119512939453125,9.389075317382813,0.8544232177734375,0.11181803792715073,-0.033792346715927124,-0.006653336808085442
1778956395.7801473,0.5572911071777344,9.585017852783203,0.44726989746093754,0.19309474527835846,-0.07501920312643051,0.02150186523795128
1778956395.7954202,0.46702880859375,9.421108703613282,0.3680845642089844,0.1627926528453827,-0.07169587165117264,0.004446723498404026
1778956395.8118236,0.295784912109375,9.471404113769532,0.4742138671875,0.08624009788036346,-0.07352599501609802,0.00880179088562727
1778956395.828109,0.14145584106445314,9.81,0.5822891235351563,0.011274156160652637,-0.06779363006353378,0.024508841335773468
1778956395.8436587,0.24803421020507813,10.04755599975586,0.6189628601074219,0.03592562675476074,-0.05938081815838814,0.04111311584711075
1778956395.860355,0.336500244140625,10.493478698730469,0.5821394348144532,0.10127685964107513,-0.0640910416841507,0.03295718505978584
1778956395.8756242,0.46837600708007815,10.574160919189454,0.5522016906738282,0.14172467589378357,-0.07840526849031448,0.03132732957601547
1778956395.8922167,0.5761518859863282,10.314600677490235,0.398770751953125,0.20667517185211182,-0.11504736542701721,0.015974998474121094
1778956395.9377358,0.41044647216796876,9.725126495361328,0.3263214111328125,0.21521112322807312,-0.07359253615140915,-0.016043642535805702
1778956395.9575982,0.15118560791015626,9.5465478515625,0.2751278686523438,0.2329152524471283,0.026098841801285744,0.06293240189552307
1778956395.9725168,0.4399351501464844,9.6040283203125,0.22483245849609376,0.3074411153793335,-0.002049972303211689,0.06870240718126297
1778956395.9867303,0.8345146179199219,9.534722442626954,0.3201841735839844,0.4156016409397125,-0.03351693972945213,-0.016383998095989227
1778956396.0033915,0.8458909606933595,9.277557220458984,0.40356079101562503,0.44930851459503174,-0.013339836150407791,-0.09908100962638855
1778956396.0180025,0.7529342651367188,8.863218841552735,0.5912704467773438,0.4687790870666504,0.017406925559043884,-0.16329088807106018
1778956396.0338345,0.4800517272949219,8.98416732788086,0.8565188598632812,0.41124778985977173,0.03332708403468132,-0.09012026339769363
1778956396.0488894,0.3131488037109375,9.260642395019532,0.9494755554199219,0.3952517509460449,0.05878610163927078,-0.04804632067680359
1778956396.0646503,-0.09295669555664063,9.903555450439454,0.9924362182617188,0.4217507541179657,0.13950115442276,-0.013237467035651207
1778956396.0773356,-0.1886077880859375,10.23676254272461,0.923280029296875,0.45308634638786316,0.15870244801044464,-0.01159830205142498
1778956396.0903194,-0.1478924560546875,10.415191497802734,0.7726931762695313,0.49878832697868347,0.16677182912826538,-0.00512868445366621
1778956396.10281,0.04445755004882813,10.079290008544922,0.14819183349609374,0.571276843547821,0.17693202197551727,0.008993808180093765
1778956396.117538,0.12499008178710938,9.688452758789063,-0.053738250732421874,0.7615447044372559,0.15861082077026367,0.03207620605826378
1778956396.1643593,0.05837860107421875,9.052575073242188,-0.29593460083007816,1.0559558868408203,0.08396200835704803,0.12661418318748474
1778956396.1791084,0.08277786254882813,9.323960723876954,-0.39038818359375,1.1387044191360474,0.05680832266807556,0.12734228372573853
1778956396.1953738,0.03547622680664063,9.858948211669922,-0.790206756591797,1.1715317964553833,0.004196024499833584,0.04697927087545395
1778956396.2105222,-0.0101788330078125,10.079888763427736,-0.9105564880371094,1.130393385887146,-0.02931666374206543,0.004029940813779831
1778956396.2256944,-0.16301101684570313,10.353370056152345,-0.81670166015625,1.0859344005584717,-0.09099969267845154,-0.05744514241814613
1778956396.2425253,-0.01945953369140625,10.147098999023438,-0.7479945373535156,1.133971095085144,-0.18464934825897217,-0.05357211083173752
1778956396.2573578,0.06361770629882812,10.001751251220703,-0.8283773803710938,1.170920729637146,-0.1994880735874176,-0.04056921601295471
1778956396.271595,0.08816665649414063,9.882000274658203,-1.054856414794922,1.2214754819869995,-0.18859069049358368,-0.026760993525385857
1778956396.2864072,0.18112335205078126,9.834848327636719,-1.1564950561523437,1.3062783479690552,-0.1665104627609253,0.02003420889377594
1778956396.3021681,-0.13307327270507813,9.869725799560547,-1.602118377685547,1.3637961149215698,-0.14095714688301086,0.09503893554210663
1778956396.3183475,-0.250279541015625,10.095755767822267,-1.7022601318359376,1.359013319015503,-0.14004620909690857,0.1546279788017273
1778956396.335114,-0.17139358520507814,10.879825286865234,-2.078876953125,1.3602856397628784,-0.15510326623916626,0.30031538009643555
1778956396.3589983,0.6976991271972657,11.354488220214844,-2.9394374084472656,1.4700936079025269,-0.2574041783809662,0.36013638973236084
1778956396.3899574,0.5725593566894531,11.581566009521485,-5.166356506347657,1.5332834720611572,-0.2674363851547241,0.1252266764640808
1778956396.4033191,-0.12618759155273437,11.76478500366211,-5.925577697753907,1.3583815097808838,-0.19995984435081482,-0.024599308148026466
1778956396.4197345,-0.09684860229492188,11.644435272216798,-5.806275787353516,1.205183744430542,-0.2046918421983719,-0.0003157961182296276
1778956396.4375658,0.30641281127929687,11.389964447021486,-4.427492980957031,0.7769158482551575,-0.25070321559906006,0.08552800118923187
1778956396.4534783,0.9297166442871094,11.136391754150392,-4.071533203125,0.5313535928726196,-0.2872941792011261,0.16472561657428741
1778956396.4704845,1.076411590576172,10.856473846435547,-4.466262359619141,0.4636346995830536,-0.2902076840400696,0.13510647416114807
1778956396.4869394,0.8527766418457031,9.582473144531251,-5.792803802490234,0.42483535408973694,-0.1850978434085846,-0.009490652941167355
1778956396.503357,0.5430706787109375,9.251810760498048,-6.043682098388672,0.4615935981273651,-0.051236290484666824,0.012437019497156143
1778956396.5190756,0.5962101745605469,9.458680572509767,-5.643564147949219,0.4817361831665039,-0.02715029940009117,0.07020790129899979
1778956396.5348127,1.0283615112304687,9.3118359375,-5.0534912109375005,0.381842702627182,-0.05268586054444313,0.1332254856824875
1778956396.5513446,1.1392808532714844,8.96500717163086,-4.873415679931641,0.1616452932357788,-0.05974369868636131,0.07514620572328568
1778956397.661408,0.9021739196777344,9.487420806884765,0.5060975646972656,-0.09731648862361908,0.2160516232252121,-0.00875561311841011
1778956397.6820517,1.0002200317382812,9.80281494140625,1.3621673583984375,0.07309255748987198,0.1601722240447998,-0.0545598566532135
1778956397.6989052,0.8910969543457031,9.962832183837891,1.0183323669433595,0.1443742960691452,0.07442697137594223,-0.03536832332611084
1778956397.7139342,0.4282594299316406,9.71135513305664,0.35296600341796874,0.15708258748054504,0.07727709412574768,-0.08899372816085815
1778956397.7272842,0.2568658447265625,9.518406372070313,0.13007949829101564,0.15979138016700745,0.12569715082645416,-0.13558068871498108
1778956397.7433481,0.14175521850585937,9.39940383911133,-0.01107696533203125,0.1650111824274063,0.1688651293516159,-0.17400982975959778
1778956397.7615345,0.025147705078125002,9.24238037109375,0.02484832763671875,0.18623295426368713,0.16263064742088318,-0.18120968341827393
1778956397.7780201,0.10493179321289063,9.01051254272461,0.07738906860351563,0.24062854051589966,0.08716758340597153,-0.09387797117233276
1778956397.7952006,-0.18711090087890625,8.764723663330079,0.23860382080078127,0.26181116700172424,0.021261092275381088,-0.05312680825591087
1778956397.8114066,-0.13172607421875002,8.865164794921876,0.4399351501464844,0.24655722081661224,-0.007893610745668411,-0.046353861689567566
1778956397.825072,0.03936813354492188,8.944799194335937,0.46882507324218753,0.2272648811340332,-0.0768396407365799,-0.04763936623930931
1778956397.8409595,0.3418890380859375,9.144933013916017,0.46643005371093754,0.24195034801959991,-0.12996011972427368,-0.04578447341918945
1778956397.8553047,0.417930908203125,9.505084075927735,0.31329849243164065,0.2932392954826355,-0.21777507662773132,-0.11390440165996552
1778956397.8846846,-0.14415023803710938,9.72033645629883,0.06271957397460938,0.3277684152126312,-0.21411935985088348,-0.18093404173851013
1778956397.8984404,-0.2171983337402344,9.805359649658204,0.06691085815429688,0.30813905596733093,-0.1899453103542328,-0.1631222814321518
1778956397.914828,-0.14115646362304687,9.840985565185548,0.21315673828125,0.24699559807777405,-0.07473935186862946,-0.1707860678434372
1778956397.9297228,0.04206253051757813,9.922266540527344,0.3656895446777344,0.2491811066865921,-0.006851468235254288,-0.1794338822364807
1778956397.9462872,0.18920654296875,9.972711639404297,0.384400634765625,0.2676679491996765,0.11573397368192673,-0.19930718839168549
1778956397.962236,0.25147705078125,9.762848052978516,0.21929397583007815,0.2361917346715927,0.16234326362609863,-0.18728221952915192
1778956397.9789617,0.23845413208007812,9.68979995727539,0.22243743896484375,0.25210943818092346,0.18067699670791626,-0.16780784726142883
1778956397.9959447,0.22752685546875,9.560319213867189,0.23126907348632814,0.32204145193099976,0.22096864879131317,-0.12021370232105255
1778956398.0094388,0.29952713012695314,9.537117462158204,0.3113525390625,0.33238065242767334,0.2206706404685974,-0.09021958708763123
1778956398.0235894,0.3519181823730469,9.533225555419923,0.3730242919921875,0.3113371729850769,0.20824003219604492,-0.08195898681879044
1778956398.0393956,0.3273692321777344,9.449100494384766,0.42242156982421875,0.3099278211593628,0.21389338374137878,-0.08408578485250473
1778956398.0542204,0.35685791015625,9.59923828125,0.5876779174804688,0.29136741161346436,0.21788644790649414,-0.08036774396896362
1778956398.0680275,0.367635498046875,9.680070190429689,0.6348298645019531,0.2720263600349426,0.2208787053823471,-0.07171781361103058
1778956398.0840652,0.41703277587890625,9.775272216796875,0.651295623779297,0.23812732100486755,0.23921187222003937,-0.0432446151971817
1778956398.099525,0.5022056579589844,9.773176574707032,0.6599775695800781,0.23294800519943237,0.24855291843414307,-0.02986222691833973
1778956398.1136432,0.5463638305664062,9.560019836425782,0.5794450378417969,0.2227746844291687,0.3024632930755615,-0.05263785645365715
1778956398.1287308,0.5498066711425782,9.627529449462891,0.5638774108886719,0.1926697939634323,0.3402273952960968,-0.06331819295883179
1778956398.1424322,0.5824388122558594,9.835447082519531,0.5662724304199219,0.12401197105646133,0.35805177688598633,-0.04699993506073952
1778956398.158578,0.6888674926757813,9.866881713867189,0.5150788879394531,0.11036034673452377,0.3715774416923523,-0.052160609513521194
1778956398.1745143,0.8095166015625,9.783954162597658,0.4685256958007813,0.10978925973176956,0.4360499382019043,-0.057278670370578766
1778956398.1909652,1.1789483642578125,9.874366149902345,0.3896397399902344,0.11313904076814651,0.41654840111732483,-0.036974988877773285
1778956398.2082887,1.330283660888672,9.748028869628907,0.30072463989257814,0.11910869926214218,0.41904306411743164,-0.0015560283791273832
1778956398.2227252,1.144519958496094,9.551936645507814,0.2740800476074219,0.11586300283670425,0.4927023947238922,-0.008957749232649803
1778956398.240721,0.9839039611816407,9.54026092529297,0.2977308654785156,0.11189622431993484,0.5222563147544861,0.0021537579596042633
1778956398.2552416,1.0788066101074218,9.547745361328126,0.2213896179199219,0.13646727800369263,0.553541898727417,0.01947895623743534
1778956398.3146436,1.191372528076172,9.70746322631836,0.15672409057617187,0.12435980886220932,0.726852297782898,0.11837304383516312
1778956398.3297825,1.0770103454589843,9.818981323242188,0.19669097900390625,0.11771398782730103,0.7856153249740601,0.11111673712730408
1778956398.344016,0.9657916259765625,9.737101593017579,0.20836669921875,0.1039014458656311,0.8545470237731934,0.09237153083086014
1778956398.359827,0.7996371459960938,9.730814666748048,0.3335064697265625,0.0738135501742363,0.9778102040290833,0.09001197665929794
1778956398.3754995,0.8752299499511719,9.747430114746095,0.3941304016113281,0.057670533657073975,1.0174590349197388,0.12763738632202148
1778956398.393628,1.2287947082519532,9.575437774658203,0.45415557861328126,0.04277465119957924,1.0609796047210693,0.19140145182609558
1778956398.408143,1.4242881774902345,9.457632751464844,0.4303550720214844,0.04730071872472763,1.0931205749511719,0.20985156297683716
1778956398.4235497,1.6018190002441408,9.30120803833008,0.3457809448242188,0.06877249479293823,1.1860073804855347,0.21177196502685547
1778956398.4383135,1.6390914916992188,9.527687072753906,0.28650421142578125,0.06484965980052948,1.223548412322998,0.21023106575012207
1778956398.4558084,1.639241180419922,9.677076416015625,0.21225860595703125,0.05011467635631561,1.2910863161087036,0.22266562283039093
1778956398.493322,1.6857943725585938,9.508377227783203,-0.02065704345703125,0.10053516179323196,1.4450888633728027,0.23537291586399078
1778956398.5102444,1.6892372131347657,9.49670150756836,0.17079483032226564,0.13397371768951416,1.562570333480835,0.27287179231643677
1778956398.524661,1.6649876403808594,9.485624542236328,0.2231858825683594,0.1028345599770546,1.6068211793899536,0.2931709587574005
1778956398.5396929,1.7326469421386719,9.563612365722657,0.3507206726074219,0.07408774644136429,1.687595248222351,0.322243869304657
1778956398.5541115,1.7407301330566407,9.718839569091797,0.3492237854003906,0.09079907834529877,1.7365883588790894,0.31531327962875366
1778956398.5735176,1.7055532836914062,10.483599243164063,0.17573455810546876,0.160336434841156,1.827544927597046,0.22267360985279083
1778956398.5884476,1.7633331298828125,11.417207794189453,-1.2156221008300783,0.37805792689323425,1.8375436067581177,0.20731782913208008
1778956398.6044018,1.4814692687988282,11.254496154785157,-2.1701870727539063,0.4588773846626282,1.8375294208526611,0.21682345867156982
1778956398.620894,0.8175997924804688,11.08220443725586,-2.6765840148925784,0.3997521996498108,1.7357009649276733,0.3198387920856476
1778956398.6375265,0.9818083190917969,11.209439849853517,-2.376907196044922,0.3428463041782379,1.6350691318511963,0.37704774737358093
1778956398.6538343,1.7537530517578126,10.852581939697266,-1.1112890625,0.2841968536376953,1.5098191499710083,0.39461955428123474
1778956398.6703608,2.0740869140625002,9.918374633789062,-0.30446685791015626,0.3000190854072571,1.509056806564331,0.2652530372142792
1778956398.6871533,1.6158897399902346,9.001231842041015,-0.26614654541015625,0.2938627302646637,1.573481798171997,0.1968739777803421
1778956398.7033834,1.3633648681640627,8.682245178222656,-0.48154861450195313,0.29904595017433167,1.6147854328155518,0.2088310420513153
1778956398.7216063,1.24301513671875,8.158484344482423,-1.0499166870117187,0.3077980875968933,1.6640008687973022,0.32448095083236694
1778956398.7364469,1.5823594665527345,8.045918426513673,-1.513502655029297,0.3330588638782501,1.6556148529052734,0.3842332065105438
1778956398.751402,1.7395326232910158,8.205187225341797,-1.7357904052734376,0.3462854325771332,1.6463909149169922,0.34646347165107727
1778956398.7660313,1.6986676025390626,8.876990203857423,-1.9366726684570315,0.32289889454841614,1.585614562034607,0.20087246596813202
1778956398.7812908,1.5112573242187501,9.260193328857422,-1.783241729736328,0.2908950746059418,1.5479938983917236,0.13024301826953888
1778956398.7955458,1.1945159912109375,9.920919342041016,-1.0565029907226564,0.2565480172634125,1.5150036811828613,0.09333933144807816
1778956398.8109386,1.2701087951660157,10.113269348144533,-0.7015910339355469,0.2108028531074524,1.462451457977295,0.06735940277576447
1778956398.8282413,1.7115408325195314,10.205776977539063,-0.26300308227539065,0.23604995012283325,1.457988977432251,0.06128820404410362
1778956398.845148,1.9359242248535158,10.307116241455079,-0.18157241821289063,0.2670290172100067,1.4445730447769165,0.07350092381238937
1778956398.860086,2.061812438964844,10.395881652832031,-0.27198440551757813,0.3023998737335205,1.406230092048645,0.07501520216464996
1778956398.876221,1.888173522949219,10.10788055419922,-0.4626878356933594,0.2615025043487549,1.4234157800674438,0.06977489590644836
1778956398.891902,1.806892547607422,9.89277786254883,-0.46343627929687503,0.21994097530841827,1.4151972532272339,0.08427021652460098
1778956398.907433,1.8580860900878908,9.20361099243164,-0.28021728515625,0.11884474754333496,1.3448829650878906,0.12445518374443054
1778956398.924063,1.8875747680664063,8.843759307861328,-0.15193405151367187,0.09066392481327057,1.3046913146972656,0.13166461884975433
1778956398.9477656,2.1215382385253907,8.35472625732422,0.2625540161132813,0.07205034047365189,1.205747127532959,0.1209840178489685
1778956398.9644349,2.5330325317382814,8.373587036132813,0.4903802490234375,0.0923331081867218,1.068190574645996,0.1035648062825203
1778956398.9830563,2.485132141113281,8.81457000732422,0.37901184082031253,0.12633253633975983,0.9879922866821289,0.03053002618253231
1778956399.0015657,2.3209236145019534,9.117240600585937,0.2782713317871094,0.15275761485099792,0.9263918995857239,0.017486652359366417
1778956399.0188434,2.245480499267578,9.206155700683594,0.3492237854003906,0.10758574306964874,0.8841167688369751,0.023562125861644745
1778956399.035428,2.304906921386719,9.151669006347657,0.4293072509765625,0.05645264685153961,0.8481296896934509,0.005490719806402922
1778956399.050695,2.2996678161621094,9.124874725341797,0.4808001708984375,0.06574361771345139,0.8345906734466553,-0.017509670928120613
1778956399.0666358,2.3376887512207034,9.06125701904297,0.6737489318847657,0.14830747246742249,0.8299024701118469,-0.06883890181779861
1778956399.0822177,2.332898712158203,9.063352661132813,0.7217990112304687,0.16046631336212158,0.8276421427726746,-0.10041894018650055
1778956399.097475,2.4746539306640627,8.975485382080079,0.7336244201660157,0.1383107453584671,0.7900216579437256,-0.12867534160614014
1778956399.1139371,2.70158203125,8.849297790527345,0.719553680419922,0.15853506326675415,0.7679198384284973,-0.11884428560733795
1778956399.128909,2.7000851440429687,8.760831756591797,0.7315287780761719,0.1691320538520813,0.7194385528564453,-0.11224310845136642
1778956399.1453526,2.3643333435058596,8.677006072998047,0.8217910766601563,0.12380868196487427,0.7055965065956116,-0.15183685719966888
1778956399.1624103,2.1915925598144534,8.85244125366211,0.9165440368652344,0.11833599209785461,0.6982772350311279,-0.15864069759845734
1778956399.1769507,2.2817051696777346,9.240733795166015,0.9824070739746095,0.14632824063301086,0.6473119258880615,-0.16087882220745087
1778956399.1914573,2.4694148254394532,9.363628234863281,0.9005273437500001,0.16460099816322327,0.6053493022918701,-0.16183888912200928
1778956399.2077246,2.6536816406250003,9.385482788085938,0.6804849243164063,0.1611182689666748,0.5379307270050049,-0.1933848112821579
1778956399.2244227,2.528242492675781,9.352700958251953,0.6337820434570313,0.12164574861526489,0.48788636922836304,-0.21608133614063263
1778956399.2403548,2.425705718994141,9.458830261230469,0.6959028625488282,0.09314582496881485,0.45353978872299194,-0.20827616751194
1778956399.254257,2.436632995605469,9.747879180908203,0.77838134765625,0.05399435758590698,0.391334593296051,-0.1741938292980194
1778956399.269483,2.5200096130371095,9.82960922241211,0.8583151245117188,0.03773735463619232,0.3714197278022766,-0.14905332028865814
1778956399.2861,2.4218138122558597,9.979747009277345,1.3705499267578125,-0.025949625298380852,0.36895978450775146,-0.12937413156032562
1778956399.3034298,2.532433776855469,10.883268127441406,2.202370147705078,-0.07349216938018799,0.3978060781955719,-0.11942723393440247
1778956399.3176568,2.8767178344726565,11.458521881103517,2.109114074707031,-0.06301585584878922,0.4580669105052948,-0.13557185232639313
1778956400.3934472,2.6204507446289065,8.65125961303711,-0.8170010375976563,0.2551150619983673,1.5125607252120972,0.19280308485031128
1778956400.41203,1.9784358215332032,8.625662841796876,-0.37197647094726566,0.24307043850421906,1.4478979110717773,0.1622057557106018
1778956400.4266567,1.918111267089844,8.933722229003907,-0.08771759033203125,0.2752605974674225,1.4518555402755737,0.10585114359855652
1778956400.442558,1.915865936279297,9.136400756835938,-0.13427078247070312,0.3010152280330658,1.4589650630950928,0.07344260066747665
1778956400.4593468,1.773212585449219,9.513616333007812,-0.27842102050781253,0.3774474263191223,1.4367649555206299,-0.006159544922411442
1778956400.4727914,1.733844451904297,9.67438201904297,-0.3303630065917969,0.3961449861526489,1.4368492364883423,-0.02985609695315361
1778956400.5174172,1.6211288452148438,9.580377502441406,-0.0975970458984375,0.3881049156188965,1.4437474012374878,-0.0502505823969841
1778956400.5317955,2.2867945861816406,9.173074493408203,0.16525634765625,0.1995081901550293,1.3229261636734009,-0.09974568337202072
1778956400.5468616,2.1079165649414064,9.157656555175782,0.3686833190917969,0.1429753452539444,1.3018287420272827,-0.12686039507389069
1778956400.5601695,1.9188597106933594,9.124874725341797,0.4122427368164063,0.12223304808139801,1.298079013824463,-0.13064101338386536
1778956400.576039,1.9585272216796876,9.129515075683594,0.4590953063964844,0.12098005414009094,1.2303965091705322,-0.13522964715957642
1778956400.5907717,2.068997497558594,9.102421417236329,0.4429289245605469,0.13639681041240692,1.1683789491653442,-0.1631142795085907
1778956400.6043303,2.538571014404297,9.223968658447266,0.2716850280761719,0.16433878242969513,1.0614252090454102,-0.1731533259153366
1778956400.6200407,2.6161097717285156,9.275162200927735,0.1454974365234375,0.14722824096679688,1.01508629322052,-0.1673649549484253
1778956400.6331472,2.5240512084960938,9.164542236328126,0.08562194824218751,0.10470130294561386,0.9868863821029663,-0.175925150513649
1778956400.647596,2.2040167236328125,9.066196746826172,0.09280700683593751,0.010500289499759674,0.9368783831596375,-0.2504372000694275
1778956400.6617754,2.19144287109375,9.146878967285156,0.17558486938476564,-0.013512101955711842,0.9164577722549438,-0.2693272531032562
1778956400.6776903,2.342029724121094,9.488169250488282,0.4046086120605469,-0.02797301486134529,0.9184847474098206,-0.25554192066192627
1778956400.6925783,2.3571482849121095,9.589658203125001,0.5613327026367188,-0.026148417964577675,0.9347001314163208,-0.2386532425880432
1778956400.7382514,2.2577549743652345,9.74817855834961,0.7415579223632813,0.003137032501399517,1.0075680017471313,-0.24157500267028809
1778956400.7562015,2.249671783447266,10.565928039550782,0.5875282287597656,-0.01882682368159294,1.001142978668213,-0.17869430780410767
1778956400.7725496,2.216141510009766,10.635682983398437,0.6038442993164063,-0.027455326169729233,1.0197585821151733,-0.20092928409576416
1778956400.7880976,1.829645233154297,11.202703857421875,0.662073211669922,0.030545368790626526,1.1222647428512573,-0.24646775424480438
1778956400.8041508,1.8730549621582033,11.623329162597656,0.398770751953125,0.13263019919395447,1.176750659942627,-0.20651820302009583
1778956400.8186133,2.5381219482421877,11.969259796142579,-0.6966513061523438,0.40496814250946045,1.0999422073364258,-0.06414800882339478
1778956400.8337162,2.7524761962890625,10.688074035644531,-1.7381854248046875,0.2759532332420349,0.9472560882568359,-0.07327093183994293
1778956400.8494434,2.4764501953125,9.75147171020508,-1.7559983825683594,0.03319520503282547,0.8753543496131897,-0.16637025773525238
1778956400.8654265,1.790277099609375,8.400680694580078,-0.571212158203125,-0.22671213746070862,0.8652108311653137,-0.30683761835098267
1778956400.8831544,1.6078065490722657,8.03484146118164,0.28530670166015626,-0.09946790337562561,0.9789624214172363,-0.2772858440876007
1778956400.8970838,1.7895286560058594,7.755821685791016,0.9833052062988282,0.08660438656806946,1.097657322883606,-0.10327037423849106
1778956400.913265,2.187700653076172,7.7179504394531255,0.47870452880859377,0.13032276928424835,1.0850168466567993,-0.046455297619104385
1778956400.958321,2.602039031982422,8.055199127197266,-0.029488677978515627,0.12077759206295013,1.0754436254501343,-0.039433885365724564
1778956400.9765918,0.8966354370117188,9.950408020019532,-1.7932708740234375,0.06976233422756195,1.0026084184646606,-0.08279707282781601
1778956400.9929814,0.32302825927734374,10.043215026855469,-1.5527210998535157,0.08309798687696457,1.0897748470306396,-0.03705247864127159
1778956401.0075226,0.26884094238281253,10.024653625488282,-1.2250524902343751,0.09436044842004776,1.155081868171692,-0.012223033234477043
1778956401.0222082,0.3415896606445313,10.031988372802735,-0.8523275756835937,0.11885860562324524,1.236424446105957,0.002421956043690443
1778956401.0428033,1.0648855590820312,10.251731414794923,-0.4086502075195313,0.20353296399116516,1.347491979598999,-0.0048508718609809875
1778956401.0575554,1.5148498535156252,10.244546356201173,-0.4996609497070313,0.2314613163471222,1.4103198051452637,-0.09244543313980103
1778956401.0724802,1.5789166259765626,10.103988647460938,-1.0960208129882814,0.21523858606815338,1.4038563966751099,-0.13244183361530304
1778956401.0876021,1.466949462890625,9.807904357910157,-1.3451028442382813,0.1847282499074936,1.3854660987854004,-0.12996803224086761
1778956401.1032856,1.2678634643554687,9.255552978515626,-1.3169613647460938,0.11321932077407837,1.316038727760315,-0.07719164341688156
1778956401.118197,1.336271209716797,9.081165618896485,-1.0585986328125,0.11207974702119827,1.3075025081634521,-0.03701147064566612
1778956401.1334739,1.4373110961914064,8.974886627197266,-0.5108876037597656,0.16119863092899323,1.3008595705032349,-0.003964296076446772
1778956401.1480415,1.4464421081542969,8.969198455810547,-0.33141082763671875,0.19398193061351776,1.333005666732788,-0.0069574275985360146
1778956401.1961389,0.8303233337402344,9.773475952148438,-0.08008346557617188,0.2737908363342285,1.5562028884887695,0.08279775083065033
1778956401.2145922,1.1088940429687502,9.902208251953125,-0.21031265258789064,0.2962421774864197,1.5679503679275513,0.12349671870470047
1778956401.229953,1.148262176513672,9.802066497802734,-0.28500732421875,0.30100876092910767,1.542001485824585,0.12386077642440796
1778956401.2462044,1.0446775817871095,9.680369567871095,-0.3447331237792969,0.2679697275161743,1.4944546222686768,0.10105610638856888
1778956401.259122,0.8851094055175782,9.607620849609376,-0.2992277526855469,0.25569334626197815,1.4972214698791504,0.085749052464962
1778956401.276162,0.5242098999023438,9.541009368896486,-0.13322296142578124,0.25425446033477783,1.5341635942459106,0.0667162537574768
1778956401.2915637,0.5611830139160157,9.524393920898438,0.027692413330078127,0.29441899061203003,1.543478012084961,0.06247730925679207
1778956401.3101027,0.7470964050292969,9.538464660644532,0.0772393798828125,0.3091808259487152,1.526350498199463,0.0713280662894249
1778956401.3256547,1.2364288330078126,9.529633026123047,0.16780105590820313,0.28602397441864014,1.4348809719085693,0.06255053728818893
1778956401.3386135,1.2163705444335937,9.425000610351564,0.1878593444824219,0.25255972146987915,1.4027704000473022,0.03544621914625168
1778956401.3568451,0.6710545349121094,9.335786132812501,0.27138565063476566,0.1691586822271347,1.379867672920227,0.013845067471265793
1778956401.372141,0.4405339050292969,9.436975708007813,0.40131546020507813,0.12812498211860657,1.4042601585388184,0.05848575010895729
1778956401.3899817,0.7554789733886719,9.797126770019531,0.4393363952636719,0.14162655174732208,1.3874809741973877,0.09391966462135315
1778956401.4043512,0.9294172668457031,9.840237121582032,0.47915359497070314,0.16591963171958923,1.3752037286758423,0.08202092349529266
1778956401.419426,1.0057585144042969,9.736053771972657,0.4626878356933594,0.18700039386749268,1.3762741088867188,0.020861957222223282
1778956401.4349055,0.9930349731445313,9.721533966064454,0.47601013183593754,0.16398988664150238,1.3901904821395874,-0.0001895315945148468
1778956401.4508655,0.7670050048828125,9.820777587890625,0.4110452270507813,0.13126081228256226,1.3901233673095703,0.012160342186689377
1778956401.4662461,0.7565267944335938,9.948462066650391,0.3745211791992188,0.1421288102865219,1.3804856538772583,0.042758479714393616
1778956401.4813173,0.8337661743164063,9.913285217285157,0.29264144897460936,0.11820441484451294,1.3330378532409668,0.06955653429031372
1778956401.512203,0.9072633361816407,9.78560073852539,0.2896476745605469,0.07323827594518661,1.3019331693649292,0.06033454090356827
1778956401.5295382,1.2988490295410158,10.324330444335938,0.41852966308593753,0.06179291754961014,1.3699848651885986,-0.005942234303802252
1778956401.54606,1.4361135864257812,11.098819885253906,0.10029144287109376,0.14694589376449585,1.4178639650344849,0.020770348608493805
1778956401.5589817,1.9552340698242188,11.64892593383789,-1.857187957763672,0.5041646361351013,1.3327679634094238,0.2503356337547302
1778956401.5759373,1.8441650390625002,11.163485412597657,-2.7273284912109377,0.5804234147071838,1.3061389923095703,0.33412879705429077
1778956401.5916843,1.3864169311523438,9.949958953857422,-2.3975642395019534,0.1792733073234558,1.2148422002792358,0.18695825338363647
1778956401.6085656,1.7069004821777345,9.573791198730468,-1.3165122985839846,-0.03434929996728897,1.180780053138733,0.04063166677951813
1778956401.6234586,2.091899871826172,9.847272491455078,0.41074584960937505,0.2091708928346634,1.3706620931625366,-0.01781298965215683
1778956401.6401966,1.8646723937988283,10.204579467773438,0.11331436157226563,0.4475899338722229,1.559910535812378,0.10873295366764069
1778956401.656524,1.8134788513183595,10.09351043701172,-0.3826043701171875,0.44209396839141846,1.5971492528915405,0.17054545879364014
1778956401.673472,2.186503143310547,9.692793731689454,-1.194965057373047,0.37058985233306885,1.5656237602233887,0.25092577934265137
1778956401.6882675,2.3171813964843753,8.890462188720704,-1.6473243713378907,0.32529836893081665,1.4769808053970337,0.2381466031074524
1778956401.702633,2.0098704528808593,8.502469024658204,-1.7013619995117188,0.28499141335487366,1.4509022235870361,0.1890680193901062
1778956401.7173307,1.3377680969238281,8.176596679687501,-1.6408877563476563,0.2048284113407135,1.4241292476654053,0.11545585095882416
1778956401.7310488,1.1157797241210938,8.193960571289063,-1.4983840942382813,0.20110665261745453,1.4172273874282837,0.12705977261066437
1778956401.746923,1.0268646240234376,8.350534973144532,-1.320853271484375,0.2329867035150528,1.4228794574737549,0.16816486418247223
1778956401.7609162,1.4660513305664062,8.712631988525391,-1.1064990234375,0.33626359701156616,1.3982869386672974,0.18310706317424774
1778956401.774189,1.9260447692871094,8.922794952392579,-1.0234217834472656,0.35637229681015015,1.36240553855896,0.14004801213741302
1778956401.789473,2.3882835388183596,9.385183410644531,-0.7358697509765625,0.32842570543289185,1.301616907119751,0.014401134103536606
1778956401.8110557,2.484533386230469,9.930499420166017,-0.28830047607421877,0.31252408027648926,1.2878611087799072,-0.02276407927274704
1778956401.826571,2.508932647705078,10.182575225830078,-0.21225860595703125,0.3136352300643921,1.2801368236541748,0.003213202115148306
1778956401.843171,2.6074278259277346,10.225086822509766,-0.2471360778808594,0.31066882610321045,1.273658037185669,0.021472886204719543
1778956401.8593187,2.772085418701172,10.10264144897461,-0.39996826171875,0.3011043071746826,1.2692561149597168,0.060024287551641464
1778956401.8767242,2.835104370117188,9.835297393798829,-0.5069956970214844,0.296038419008255,1.2514598369598389,0.07648900896310806
1778956401.892314,2.9150381469726563,9.047934722900392,-0.5430706787109375,0.24340856075286865,1.1939653158187866,0.07416461408138275
1778956401.9065492,2.87162841796875,8.762628021240236,-0.45699966430664063,0.19777697324752808,1.1559597253799438,0.06604089587926865
1778956401.9237845,2.928959197998047,8.590336303710938,-0.086220703125,0.13218393921852112,1.068446159362793,0.09400435537099838
1778956401.937241,2.851121063232422,8.7418212890625,0.24189697265625001,0.13674557209014893,1.0204764604568481,0.11214713752269745
1778956401.9533243,2.6771827697753907,8.840316467285156,0.2977308654785156,0.1350286304950714,1.0254981517791748,0.1005844920873642
1778956401.9696229,2.381846923828125,9.056167602539062,0.19025436401367188,0.13671007752418518,1.0206677913665771,0.07846347242593765
1778956401.985201,2.3544538879394534,9.272767181396485,0.000449066162109375,0.1509457677602768,1.0034170150756836,0.09022587537765503
1778956402.0031333,2.3129901123046874,9.23085433959961,-0.12304412841796876,0.1413087248802185,0.9461320042610168,0.09165838360786438
1778956402.0201788,2.34472412109375,9.13415542602539,-0.27722351074218754,0.09971531480550766,0.9005030989646912,0.026787512004375458
1778956402.0337503,2.2782623291015627,9.202413482666016,-0.23740631103515628,0.07949153333902359,0.873483419418335,-0.01062563993036747
1778956402.0476193,1.9658619689941408,9.354197845458986,-0.14609619140625002,0.08419761806726456,0.8410415053367615,-0.0690937489271164
1778956402.0598352,1.8071919250488282,9.35060531616211,-0.025297393798828127,0.11778959631919861,0.8416208624839783,-0.08050193637609482
1778956402.0760214,1.926793212890625,9.332792358398438,0.3010240173339844,0.194387748837471,0.8197844624519348,-0.05543304979801178
1778956403.1912034,1.1512559509277345,8.673862609863281,0.040415954589843754,0.3349945545196533,1.0290590524673462,0.18477953970432281
1778956403.2044673,0.997375946044922,8.680598602294923,0.10972183227539063,0.3401922583580017,1.0418586730957031,0.17470774054527283
1778956403.2179854,0.9928852844238282,8.816815338134766,-0.00928070068359375,0.2747966945171356,1.0321097373962402,0.20077474415302277
1778956403.2361448,1.1235635375976563,8.771160278320313,-0.21270767211914063,0.23611432313919067,1.0276832580566406,0.20799191296100616
1778956403.2507174,1.4066249084472657,8.718170471191407,-0.7225474548339844,0.2020651251077652,0.9896054267883301,0.17195747792720795
1778956403.265054,1.4473402404785156,8.837322692871094,-0.9659413146972656,0.2071584165096283,0.9758738875389099,0.1356271654367447
1778956418.1419444,2.4400758361816406,9.420210571289063,-0.30222152709960937,0.7283525466918945,2.595975875854492,0.37735140323638916
1778956418.1585977,3.4105078125,9.313931579589845,-0.9083111572265625,0.757570743560791,3.064390182495117,0.2873823344707489
1778956418.1736195,2.4936643981933595,9.15660873413086,-0.7234455871582032,0.7049884796142578,3.50054669380188,0.1693667620420456
1778956418.189778,1.2481045532226562,9.954748992919923,0.5406756591796875,0.6671258807182312,3.810098171234131,0.03672800958156586
1778956418.2046273,4.659360809326172,10.217901763916016,0.2435435485839844,0.737421452999115,3.91151762008667,0.5300253629684448
1778956418.219701,5.89219711303711,10.054890747070313,-0.10597961425781251,0.6622145771980286,3.924959659576416,0.8344699740409851
1778956418.2383046,4.804858245849609,7.9082048034667976,0.6753955078125,0.06868262588977814,3.6852540969848633,0.8484171628952026
1778956418.2532203,4.420307922363281,6.898704071044922,1.1705657958984375,-0.6723518371582031,3.379122734069824,0.2913091778755188
1778956418.2684033,4.79243408203125,7.3464230346679695,0.4644841003417969,-0.865056574344635,3.4175992012023926,-0.03915981203317642
1778956418.2864265,4.577481079101562,7.926915893554688,-0.5349874877929688,-1.0526281595230103,3.9326350688934326,-0.6559399366378784
1778956418.3031945,2.8874954223632816,7.606432342529297,2.6728417968750002,-1.4117590188980103,3.859447479248047,-1.3424160480499268
1778956418.3192372,3.030747528076172,7.188800811767578,4.087998962402344,-1.578054666519165,3.5655696392059326,-1.5956025123596191
1778956418.3376336,4.620890808105469,7.708819427490234,3.576512603759766,-1.6709233522415161,3.230982780456543,-1.5641430616378784
1778956418.384597,2.678380279541016,8.929830322265625,5.856870574951172,-1.5143733024597168,2.0826807022094727,-0.6683148145675659
1778956418.4003105,3.4193394470214846,9.245074768066408,4.532424774169922,-1.5015156269073486,2.022838830947876,-0.45778584480285645
1778956418.4152074,3.6181260681152345,9.22696243286133,4.119732971191406,-1.5931122303009033,2.25353741645813,-0.037496671080589294
1778956418.4326034,3.061583404541016,8.723708953857422,4.245621185302735,-1.6235824823379517,2.2388393878936768,0.08284065127372742
1778956418.4474885,1.9452049255371096,7.999963989257813,4.64199691772461,-1.6556698083877563,2.252119779586792,0.1778222918510437
1778956418.4641416,1.488504638671875,8.065677337646484,4.950655059814453,-1.7739484310150146,2.2546935081481934,0.23095716536045074
1778956418.4807298,1.5105088806152345,8.369246063232422,4.890031127929688,-1.8237581253051758,2.2278246879577637,0.2893880009651184
1778956418.496451,1.4965878295898438,8.127049713134767,5.456453247070312,-2.075918674468994,2.0251338481903076,0.3974931538105011
1778956418.5127857,1.105151824951172,6.811136169433594,6.158493347167969,-2.3103909492492676,1.7261701822280884,0.31026047468185425
1778956418.5291648,1.342258758544922,6.6541127014160155,5.692961425781251,-2.4558796882629395,2.0425853729248047,0.31752532720565796
1778956418.5447054,1.0038125610351563,6.150260467529297,5.78397216796875,-2.754094362258911,2.657132387161255,0.359061598777771
1778956418.559382,0.8313711547851563,6.414011993408203,5.4301080322265625,-2.81067156791687,2.8859846591949463,0.43315234780311584
1778956418.5758018,1.2936099243164063,7.536976776123047,6.063890075683594,-2.05357027053833,1.7596064805984497,0.8426399827003479
1778956418.5955553,2.3674768066406253,8.687334594726563,6.585854644775391,-1.2481029033660889,1.689184546470642,1.6126160621643066
1778956418.6117704,1.0530601501464845,6.006409606933594,7.861052856445313,-1.3144537210464478,0.8899827599525452,1.6658356189727783
1778956418.6295638,0.5864804077148438,5.791905670166016,7.454797668457032,-1.2313066720962524,0.48309752345085144,1.6741989850997925
1778956418.6439972,0.6520440673828125,5.6953564453125,7.092251586914063,-0.8689815402030945,0.10965114831924438,1.8338472843170166
1778956418.6592965,0.7060816955566407,5.966592407226563,6.904990997314454,-0.6859598159790039,0.21151942014694214,1.8949627876281738
1778956418.6757457,0.7125183105468751,6.772366790771485,7.186555480957032,-0.39518019556999207,0.9010311961174011,1.8721508979797363
1778956418.6910846,0.5230123901367187,7.078779602050782,7.699389038085938,-0.33713191747665405,1.3263863325119019,1.7310506105422974
1778956418.70791,0.44262954711914065,6.785389709472657,8.003257141113282,-0.44527438282966614,1.3620426654815674,1.702546238899231
1778956418.7291722,0.8665480041503907,6.421795806884766,7.942633209228516,-0.7256025671958923,1.3668206930160522,1.8257815837860107
1778956418.7460852,0.4589456176757813,6.165079650878907,7.601941680908204,-0.9101483821868896,1.405619740486145,1.8936570882797241
1778956418.7612422,-0.3309617614746094,5.808670806884766,8.257578277587891,-0.9729197025299072,1.1225340366363525,1.741774559020996
1778956418.7786386,-0.6053411865234375,5.727240142822266,8.867110748291015,-1.0218254327774048,0.9194958806037903,1.6204811334609985
1778956418.7944021,-0.32183074951171875,5.788013763427735,9.220974884033204,-1.157974123954773,0.7070392966270447,1.448351502418518
1778956418.8115332,0.365240478515625,5.488187255859375,9.171577606201172,-1.193987250328064,0.6867921948432922,1.362813949584961
1778956418.82638,0.5798941040039063,5.1013916015625,9.176816711425781,-1.1336408853530884,0.738969087600708,1.2903008460998535
1778956418.8428912,1.176104278564453,4.026476898193359,8.698860626220704,-0.9036175608634949,1.1420377492904663,1.0693439245224
1778956418.8587368,1.2250524902343751,3.852538604736328,8.563242645263673,-0.7998396754264832,1.2523185014724731,0.9690623879432678
1778956418.874378,0.7241940307617187,3.889212341308594,8.824748840332031,-0.5849981904029846,1.1285792589187622,0.778664231300354
1778956418.8893244,0.5078938293457032,4.161795501708984,8.889713745117188,-0.4504563510417938,1.0275224447250366,0.7239884734153748
1778956418.904555,0.48379394531250003,4.568350067138672,8.519832916259766,-0.21147744357585907,0.9821584820747375,0.7542741894721985
1778956418.921978,0.40116577148437504,4.403842163085938,8.258775787353516,-0.05816396325826645,1.0100419521331787,0.8683357834815979
1778956418.9368954,0.27916946411132815,4.273912353515625,8.449329528808594,-0.004776048008352518,0.9461748600006104,0.9215468168258667
1778956418.9536083,0.21884490966796877,4.041146392822266,8.942254486083986,-0.045476485043764114,0.8274733424186707,1.0038139820098877
1778956418.9711435,0.38559814453125,3.818858642578125,9.258846130371094,-0.1710352599620819,0.7509921789169312,1.0374685525894165
1778956418.986312,0.3824546813964844,3.776347045898438,9.360933837890625,-0.19192403554916382,0.6626194715499878,1.0314258337020874
1778956419.0035489,0.25701553344726563,3.8598733520507813,9.147777099609376,-0.1767795830965042,0.5472965836524963,0.9940191507339478
1778956419.0180666,0.14325210571289063,3.934867401123047,8.82130599975586,-0.11099664121866226,0.5840333104133606,0.9196860194206238
1778956419.03434,0.094603271484375,3.904929656982422,8.677455139160157,-0.05302298069000244,0.6164965629577637,0.8662316203117371
1778956419.0520988,-0.026794281005859375,3.7184175109863284,8.52192855834961,0.08177797496318817,0.6591992974281311,0.7704052329063416
1778956419.0685146,-0.0508941650390625,3.587439880371094,8.456514587402344,0.1370454877614975,0.6772744059562683,0.7271655797958374
1778956419.0862396,-0.046253814697265624,3.4082624816894533,8.524473266601563,0.21592901647090912,0.6785875558853149,0.6802657246589661
1778956419.1150727,-0.0173638916015625,3.7019517517089846,8.613088989257813,0.22811822593212128,0.7941749095916748,0.6917799115180969
1778956419.1296813,-0.039667510986328126,4.306993560791016,8.459957427978516,0.18749873340129852,0.871111273765564,0.6894161105155945
1778956419.1447098,-0.087418212890625,4.4791355895996094,8.556207275390625,0.14637526869773865,0.8626749515533447,0.6725846529006958
1778956419.1595623,-0.19369720458984377,4.505929870605469,8.667875061035156,0.03601972013711929,0.9254312515258789,0.5984081625938416
1778956419.1739373,-0.24219635009765625,4.499792633056641,8.371641082763672,-0.03953785449266434,1.1595903635025024,0.5495908260345459
1778956419.1904638,-0.4673281860351563,4.526437225341797,7.614814910888672,-0.21818780899047852,1.8586647510528564,0.5346278548240662
1778956419.2099142,-0.7791297912597657,4.360282745361328,8.791218566894532,-0.32681411504745483,1.6056642532348633,0.6454014778137207
1778956419.229377,-1.3799803161621094,3.736829223632813,9.765692138671875,-0.5326085090637207,0.7996266484260559,0.6839443445205688
1778956419.2475097,-1.6857943725585938,3.5284625244140626,9.363478546142579,-0.6896199584007263,0.5146519541740417,0.6704810261726379
1778956419.2644963,-1.5414944458007813,3.9146594238281254,9.03296585083008,-0.9756446480751038,0.08767475932836533,0.6497443318367004
1778956419.2819347,-1.0356962585449219,4.109105072021484,9.061556396484375,-1.0774767398834229,-0.27249088883399963,0.6142561435699463
1778956419.2988756,-0.8831634521484375,3.699856109619141,8.79451171875,-0.8151835203170776,-0.5684946775436401,0.4404955208301544
1778956419.3158815,-0.920735321044922,3.8517901611328127,8.301736450195312,-0.6252982020378113,-0.46077167987823486,0.3194148540496826
1778956419.3322275,-0.9035211181640626,3.9577697753906254,7.993078308105469,-0.23606394231319427,-0.05682743340730667,0.0948486253619194
1778956419.3470383,-0.5882766723632813,3.793411560058594,8.591833190917969,0.021537374705076218,0.2403024435043335,0.02842327207326889
1778956419.3618033,-0.3975732421875,3.7021014404296877,8.916058959960939,0.09308718889951706,0.28712454438209534,0.04461289197206497
1778956419.3786194,-0.6209088134765626,3.5543586730957033,9.019793243408204,0.1785077303647995,0.33679407835006714,0.11443084478378296
1778956419.3944368,-0.7358697509765625,3.5486705017089846,9.050479431152343,0.20149369537830353,0.31715360283851624,0.1550014168024063
1778956419.411061,-0.8937913513183594,3.495381317138672,9.097481689453126,0.19857820868492126,0.2599788010120392,0.21417927742004395
1778956419.4264128,-0.9773176574707032,3.7074902343750002,9.193432159423828,0.0727161169052124,0.2567397654056549,0.23648646473884583
1778956419.4393153,-1.0039622497558593,3.8622683715820316,9.284143524169922,-0.02531590312719345,0.20105786621570587,0.22752758860588074
1778956419.45438,-1.0072554016113282,3.9101687622070314,9.357490997314454,-0.1396753489971161,0.09748567640781403,0.22070136666297913
1778956419.4680998,-0.8524772644042969,3.829187164306641,9.15271682739258,-0.3574993908405304,-0.006335744634270668,0.2217775583267212
1778956419.4847138,-0.8208929443359375,3.699107666015625,8.940907287597657,-0.42420119047164917,-0.010972574353218079,0.2353716641664505
1778956419.5091398,-0.7390132141113281,3.4528697204589847,8.710835723876954,-0.42531558871269226,-0.020358281210064888,0.24333342909812927
1778956419.5256982,-0.7536827087402345,3.3364118957519535,8.878038024902343,-0.3474884331226349,-0.053728602826595306,0.2535698413848877
1778956419.546127,-0.6375242614746094,3.4913397216796875,8.92713592529297,-0.20277494192123413,-0.006301434710621834,0.28388112783432007
1778956419.5615408,-0.5822891235351563,3.6718643188476565,8.916058959960939,-0.06804752349853516,0.2216915637254715,0.2873557507991791
1778956419.5831409,-0.6929090881347657,3.7724551391601566,9.289083251953125,-0.014522505924105644,0.2688043415546417,0.2548702657222748
1778956419.5969074,-0.8975335693359375,3.629652099609375,9.423054656982423,-0.035611093044281006,0.13858772814273834,0.21199467778205872
1778956419.6139746,-1.043031005859375,3.543431396484375,9.402547302246095,-0.0453873835504055,0.07855729758739471,0.18770505487918854
1778956419.6315389,-1.0283615112304687,3.437751159667969,9.502689056396484,-0.10005706548690796,-0.09451030194759369,0.17745429277420044
1778956419.6477273,-0.9038204956054688,3.4792149353027346,9.354048156738282,-0.13441431522369385,-0.1403784602880478,0.19162923097610474
1778956419.664732,-0.7188052368164063,3.4536181640625,9.050928497314453,-0.10735348612070084,-0.05581378936767578,0.20325738191604614
1778956419.67942,-0.6182144165039063,3.4027239990234377,8.963210906982422,-0.09046664834022522,0.012150613591074944,0.20466619729995728
1778956419.697068,-0.7114704895019531,3.2922537231445315,9.043444061279297,-0.038707148283720016,0.036398716270923615,0.1915069967508316
1778956419.7138004,-0.7879614257812501,3.412753143310547,9.008416900634765,-0.033121198415756226,0.024143289774656296,0.17342279851436615
1778956420.9066713,0.5511538696289062,8.997489624023437,4.199666748046875,2.0284295082092285,-0.42405614256858826,-0.2726207375526428
1778956420.9203942,0.6261479187011719,8.999884643554688,3.4224829101562504,1.9199637174606323,-0.27921417355537415,-0.20890246331691742
1778956420.9367418,0.5050497436523438,8.884025573730469,3.219954071044922,1.8622304201126099,-0.27623915672302246,-0.21381333470344543
1778956420.9523914,0.046403503417968756,9.324409790039063,3.1958541870117188,1.8253904581069946,-0.36609768867492676,-0.19191336631774902
1778956420.9659305,0.16585510253906252,9.250912628173829,2.5499473571777345,1.7785769701004028,-0.30310797691345215,-0.16294269263744354
1778956420.9793692,0.44726989746093754,9.204958190917969,2.125879211425781,1.707511067390442,-0.15525412559509277,-0.14955338835716248
1778956420.9923675,0.6731501770019531,9.270970916748047,1.8923648071289063,1.6133313179016113,0.000602316576987505,-0.14096735417842865
1778956421.0071204,0.7294331359863282,9.651779022216797,2.205513610839844,1.4100607633590698,0.16185732185840607,-0.057953689247369766
1778956421.0527961,0.1886077880859375,9.650880889892578,1.9854711914062502,0.8894180059432983,0.02185092493891716,0.011357738636434078
1778956421.067566,0.16495697021484376,9.550140380859375,1.452579345703125,0.7643869519233704,-0.027263935655355453,0.0358593575656414
1778956421.0820596,0.2327659606933594,9.519005126953125,1.2117301940917968,0.7400929927825928,-0.010882897302508354,0.06483640521764755
1778956421.0987039,0.5378315734863282,9.670340423583985,1.0336006164550782,0.7015758156776428,0.08963316679000854,0.15225255489349365
1778956421.1141393,0.5378315734863282,9.749525756835938,1.0638377380371093,0.6595290303230286,0.11497686803340912,0.20407260954380035
1778956421.1302598,0.4644841003417969,9.798623657226562,1.139729919433594,0.499036967754364,0.12799006700515747,0.23845133185386658
1778956421.1449444,0.48259643554687504,9.902807006835937,1.2150233459472657,0.30612415075302124,0.05916450172662735,0.266998827457428
1778956421.1609008,0.3534150695800781,9.777816925048828,1.071621551513672,0.2155771255493164,0.012872006744146347,0.2629300355911255
1778956421.1774125,0.14819183349609374,9.62169158935547,0.871637420654297,0.1262264996767044,-0.07151122391223907,0.2541522681713104
1778956421.192711,0.14100677490234376,9.546697540283203,0.7006929016113281,0.09390397369861603,-0.06410284340381622,0.23285046219825745
1778956421.2085829,0.6062393188476562,10.013127593994142,0.8928932189941406,0.12842805683612823,0.02957528829574585,0.2565656304359436
1778956421.2273715,0.8234376525878907,9.83245330810547,0.8665480041503907,0.08016202598810196,0.08253218233585358,0.30412542819976807
1778956421.2693005,0.19115249633789064,9.426048431396485,0.7846682739257813,-0.1872996687889099,0.0590815544128418,0.17954516410827637
1778956421.2838848,0.08113128662109376,9.470056915283203,0.7147636413574219,-0.30830538272857666,-0.04971238225698471,0.08844160288572311
1778956421.2993817,0.07349716186523438,9.392667846679688,0.8258326721191407,-0.3144655227661133,-0.10931273549795151,0.05168679729104042
1778956421.3135965,0.11900253295898439,9.34342025756836,0.8238867187500001,-0.3004394471645355,-0.18016692996025085,0.05158160254359245
1778956421.3284972,0.4764591979980469,9.488169250488282,0.722098388671875,-0.20713284611701965,-0.14422599971294403,0.05444982275366783
1778956421.350036,0.8325686645507813,9.87990463256836,0.8355624389648438,-0.023434581235051155,-0.12234146893024445,0.12746329605579376
1778956421.3666017,0.5944139099121094,9.619595947265626,0.6664141845703125,0.0739208236336708,-0.03566434979438782,0.14621835947036743
1778956421.384393,0.4704716491699219,9.594298553466798,0.6050418090820313,0.06692874431610107,0.027109848335385323,0.12198251485824585
1778956421.4026053,0.43963577270507814,9.652228088378907,0.7156617736816406,-0.009385176002979279,0.06852544099092484,0.0626310482621193
1778956421.4177737,0.4423301696777344,9.677675170898437,0.9919871520996094,-0.0146340262144804,6.293598562479019e-05,0.020654572173953056
1778956421.442288,0.6676116943359376,9.779613189697265,0.9373507690429688,0.06281965225934982,0.01921534352004528,0.05100769177079201
1778956421.462801,0.9030720520019532,9.798623657226562,0.8767268371582032,0.08173853158950806,0.1257607638835907,0.08620695769786835
1778956421.4784822,0.8095166015625,9.886490936279298,1.0856922912597657,-0.012992506846785545,0.13689304888248444,0.0897902399301529
1778956421.4962125,0.5120851135253907,9.644144897460938,1.332678680419922,-0.16351769864559174,-0.00693756015971303,0.07118432223796844
1778956421.5126305,0.3990701293945313,9.592651977539063,1.1541000366210938,-0.22737470269203186,-0.09920277446508408,0.05311637371778488
1778956421.5269742,0.35835479736328124,9.5944482421875,0.9648934936523438,-0.24563074111938477,-0.23371176421642303,6.514834240078926e-05
1778956421.543681,0.417930908203125,9.632618865966798,0.7550299072265625,-0.1884833723306656,-0.3276384174823761,-0.025653529912233353
1778956421.5594828,0.48139892578125004,9.567354583740235,0.8243357849121095,-0.19121704995632172,-0.37190526723861694,-0.02062413841485977
1778956421.5762854,0.6369255065917969,9.531878356933595,1.3049862670898438,-0.33734527230262756,-0.4733836352825165,0.011776933446526527
1778956421.5919716,0.765208740234375,9.53741683959961,1.5069163513183594,-0.5180736780166626,-0.5955025553703308,0.026468535885214806
1778956421.6070871,0.7036866760253907,9.6327685546875,1.4603631591796875,-0.56975257396698,-0.6447057723999023,0.02992185391485691
1778956421.6320515,0.6382727050781251,9.367669830322265,1.1526031494140625,-0.6235834360122681,-0.7153010368347168,0.023936118930578232
1778956421.6473844,0.6959028625488282,9.349707183837891,1.1505075073242188,-0.641312301158905,-0.7065345048904419,0.043834999203681946
1778956421.6668527,0.7505392456054688,9.262288970947266,1.294508056640625,-0.7367606163024902,-0.657457172870636,0.08879102021455765
1778956421.682446,0.6194119262695312,9.16529067993164,1.5612533569335938,-1.0115597248077393,-0.6340069770812988,0.07603847235441208
1778956421.6980355,0.6056405639648438,9.21887924194336,1.7859361267089844,-1.1618173122406006,-0.6448105573654175,0.01745879277586937
1778956421.7143164,0.5192701721191406,9.475894775390625,2.6963429260253906,-1.2044464349746704,-0.8451437950134277,-0.14672110974788666
1778956421.7314053,0.3622467041015625,9.76299774169922,3.133883056640625,-0.9668229818344116,-1.0467499494552612,-0.25167495012283325
1778956421.7503235,0.47720764160156254,9.717192993164064,3.137176208496094,-0.8666897416114807,-1.1390396356582642,-0.23129218816757202
1778956421.7693677,0.8382568359375,9.39371566772461,3.347788238525391,-0.8897281885147095,-1.4936866760253906,-0.18780353665351868
1778956421.7874527,0.6243516540527344,9.376202087402344,3.344345397949219,-1.2326351404190063,-1.7664743661880493,-0.2224574089050293
1778956421.8023298,0.6132746887207031,9.330247650146484,3.0802944946289066,-1.6348224878311157,-1.8638757467269897,-0.3268698453903198
1778956421.8197398,0.5948629760742188,9.333690490722656,3.254681854248047,-1.6861481666564941,-1.8458458185195923,-0.44374290108680725
1778956421.834509,0.5291496276855469,10.104886779785156,4.328099670410157,-1.5530904531478882,-2.298550605773926,-0.5692529082298279
1778956421.85055,1.4025833129882814,9.247769165039063,5.075196075439453,-1.4714124202728271,-2.7611615657806396,-0.4700908958911896
1778956421.8661036,1.3316308593750001,8.527766418457032,5.549709320068359,-1.5452603101730347,-3.130591630935669,-0.4083758592605591
1778956421.8823946,1.588945770263672,8.85004623413086,5.100194091796875,-1.6051381826400757,-3.772266387939453,-0.20476014912128448
1778956421.8977509,1.6087046813964845,9.05407196044922,4.219126281738282,-1.586673378944397,-3.7848353385925293,-0.14125867187976837
1778956421.9138236,1.2500505065917968,9.242979125976563,3.2822245788574222,-1.3673388957977295,-3.7345845699310303,-0.19805777072906494
1778956421.9302554,1.3699511718750002,8.765771484375,3.3271311950683597,-0.9773615598678589,-3.668329954147339,-0.3199048638343811
1778956421.9473462,1.5163467407226563,8.154891815185547,3.6431240844726562,-0.777488648891449,-3.760791778564453,-0.4018596410751343
1778956421.9675882,1.7330960083007814,7.160809020996094,3.92543701171875,-0.4635853171348572,-3.9873785972595215,-0.5657258033752441
1778956421.985579,2.9829968261718753,7.353009338378906,4.323609008789063,-0.30516308546066284,-4.270092487335205,-0.696045994758606
1778956422.0021036,2.9750633239746094,8.19860092163086,4.3752516174316405,-0.2553561329841614,-4.565659523010254,-0.9318952560424805
1778956422.0191176,2.392175445556641,8.359516296386719,3.818858642578125,-0.2834770977497101,-4.546199321746826,-1.1632410287857056
1778956422.0356011,1.2521461486816408,8.528065795898438,2.898123321533203,-0.3174588978290558,-4.356505393981934,-1.6138806343078613
1778956422.0509286,1.7112414550781252,8.94824203491211,1.910028076171875,-0.2700061500072479,-3.977888345718384,-1.6385810375213623
1778956422.0697155,2.2135968017578125,8.941805419921875,1.0015672302246095,-0.2916010320186615,-3.417774200439453,-1.2791471481323242
1778956422.0855396,2.1908441162109376,9.004524993896485,0.5846841430664063,0.059318650513887405,-2.7508411407470703,-1.086670994758606
1778956422.1006775,2.013912048339844,9.693542175292968,-0.16495697021484376,0.5740044713020325,-1.7393759489059448,-0.9672210216522217
1778956422.1168506,2.175575866699219,9.88274871826172,0.6032455444335938,0.6702096462249756,-1.428510308265686,-0.9191083908081055
1778956422.132014,2.6243426513671877,10.183623046875,2.0971389770507813,0.7588050365447998,-1.0033564567565918,-0.7366030216217041
1778956422.1483204,2.5524920654296874,10.07240432739258,1.3442047119140625,0.8087539672851562,-0.896877646446228,-0.6241470575332642
1778956422.395671,1.9260447692871094,10.794951782226564,2.9547056579589843,0.4514404535293579,-1.0862075090408325,-0.23002448678016663
1778956422.4145362,2.0459454345703127,9.392368469238281,0.45954437255859376,-0.27366533875465393,-1.213960886001587,-1.291016936302185
1778956422.4295588,2.379152526855469,9.897268524169922,0.7839198303222656,-0.15959729254245758,-0.9336995482444763,-1.1181204319000244
1778956422.4435291,2.3037094116210937,9.962981872558593,1.2292437744140625,-0.16803260147571564,-1.1148443222045898,-0.9312244057655334
1778956422.4582107,1.5540682983398437,10.283465423583985,1.4651531982421875,-0.14578911662101746,-1.4125730991363525,-0.5006751418113708
1778956422.475355,1.2783416748046876,10.301727447509766,1.342408447265625,-0.07658161222934723,-1.3178120851516724,-0.28058403730392456
1778956422.4906542,1.7419276428222656,9.893226928710938,1.5161970520019532,-0.1300748586654663,-0.9483398199081421,-0.05284809321165085
1778956422.5035722,2.165995788574219,9.802515563964844,1.7149836730957033,-0.22004762291908264,-0.7805348038673401,-0.009232440032064915
1778956422.564627,2.6138644409179688,9.406888275146486,2.068997497558594,-0.3825145363807678,-0.631396472454071,0.0969584509730339
1778956422.5842006,2.4959097290039063,9.72467742919922,3.1979498291015624,-0.8565974831581116,-1.165436029434204,0.07296895235776901
1778956422.59959,3.6742593383789064,9.776769104003908,1.8206639099121094,-0.7670533657073975,-1.2358553409576416,0.14811883866786957
1778956422.6593838,2.4183709716796877,8.72640335083008,1.2564871215820312,0.31326061487197876,-0.2492658644914627,-0.533858597278595
1778956422.6789157,1.8175204467773438,8.461903381347657,1.6124468994140626,0.529191255569458,-0.038706835359334946,-0.7882025241851807
1778956422.766069,2.023342437744141,9.265731811523438,1.325792999267578,0.43634945154190063,0.045593637973070145,-0.8645926713943481
1778956422.821103,1.7992584228515627,9.030870208740234,2.9192294311523437,-0.12080948054790497,-2.671780586242676,-0.8494238257408142
1778956422.855673,1.8101856994628907,9.367969207763672,0.7981402587890626,0.09782060980796814,-3.887194871902466,-1.317901372909546
1778956422.871784,1.6664845275878908,9.474697265625,0.08532257080078126,0.2747906744480133,-3.5766355991363525,-1.3009033203125
1778956422.8886073,1.02267333984375,9.138646087646485,-0.28156448364257813,0.5971802473068237,-2.687351703643799,-1.4629995822906494
1778956422.9050808,1.0204280090332032,9.229806518554687,2.036515045166016,0.1165018230676651,-3.4148154258728027,-2.0413966178894043
1778956422.9216812,1.327888641357422,9.982591094970704,1.3888119506835939,-0.1471090316772461,-3.499333620071411,-2.296278715133667
1778956422.9392626,0.28291168212890627,11.145672454833985,-1.9576290893554689,-0.3434675931930542,-2.2751657962799072,-2.6534008979797363
1778956422.9540803,-0.7035369873046875,10.472522277832033,-0.19399658203125,-0.7306081652641296,-1.8209375143051147,-2.7871220111846924
1778956422.9713073,-1.5060182189941407,10.096803588867187,0.6972500610351563,-0.7371904253959656,-1.7006144523620605,-2.3748996257781982
1778956422.9865172,-4.763095092773438,9.329948272705078,3.0202693176269535,-0.16166825592517853,-1.674691915512085,-0.6061533689498901
1778956423.0020037,-5.223238220214844,8.189619598388672,4.54140609741211,0.23738032579421997,-1.7824876308441162,-0.012169120833277702
1778956423.0179102,-2.592009887695313,8.360863494873048,4.602179718017578,0.884679913520813,-1.580309271812439,0.31623274087905884
1778956423.0321417,-1.4781761169433594,9.340276794433594,3.383563842773438,1.0590535402297974,-1.6218693256378174,0.5276021957397461
1778956424.1849031,-1.2927117919921876,9.347162475585938,0.7382647705078126,0.07929494976997375,0.03873757645487785,-0.0456695482134819
1778956424.2023604,-1.072819061279297,9.55328384399414,0.40206390380859375,0.06092765927314758,0.12211033701896667,-0.09474176168441772
1778956424.2199974,-1.0722203063964844,9.667646026611328,0.4640350341796875,0.006140480749309063,0.10516519844532013,-0.14782148599624634
1778956424.2343264,-0.9750723266601563,9.758357391357423,0.3933819580078125,0.010937366634607315,0.038895100355148315,-0.16330857574939728
1778956424.2494452,-0.7517367553710937,9.972861328125001,0.3680845642089844,0.04267120733857155,-0.1539655327796936,-0.23988325893878937
1778956424.2643244,-0.741108856201172,10.05623794555664,0.32362701416015627,0.0801829919219017,-0.20304641127586365,-0.27634432911872864
1778956424.2845902,-1.2618759155273438,9.60926742553711,0.7566764831542969,0.07537112385034561,-0.1270994395017624,-0.2599799633026123
1778956424.2994437,-1.507664794921875,9.495503997802734,0.5742059326171876,0.11295120418071747,0.022410886362195015,-0.0787137821316719
1778956424.3132184,-1.38192626953125,9.757608947753907,0.42616378784179687,0.2054121494293213,0.06720605492591858,0.012210529297590256
1778956424.327183,-1.0051597595214845,10.190957794189453,-0.31913635253906253,0.6259168982505798,0.0560465008020401,0.10750028491020203
1778956424.3420827,-1.4199472045898438,9.409582672119141,0.2788700866699219,0.4931098520755768,0.04125288501381874,0.030534401535987854
1778956424.3563445,-1.6000227355957033,9.010362854003906,1.2334350585937501,0.2765514850616455,-0.06711842119693756,-0.020249944180250168
1778956424.3727508,-1.4542259216308595,9.89906478881836,0.5387297058105469,0.338865727186203,-0.035363420844078064,0.037831734865903854
1778956424.3963869,-1.2840298461914064,9.737999725341798,0.22558090209960938,0.36016449332237244,-0.009608919732272625,0.0833643302321434
1778956424.411298,-1.4136602783203125,9.839488677978515,0.4680766296386719,0.27449139952659607,0.02883700653910637,0.13502059876918793
1778956424.4257824,-1.388961639404297,9.861792297363282,0.17753082275390625,0.22299760580062866,0.05860581621527672,0.13040640950202942
1778956424.4388385,-0.9532177734375,9.794731750488282,0.02604583740234375,0.22538621723651886,0.0207706056535244,0.0552985779941082
1778956424.4553735,-0.737666015625,9.488468627929688,0.03667373657226563,0.17851698398590088,-0.0014345645904541016,-0.007988778874278069
1778956424.472042,-1.2967533874511719,9.431137847900391,0.3242257690429688,-0.025767844170331955,-0.025381358340382576,-0.03340783715248108
1778956424.4906914,-1.3460009765625,9.56286392211914,-0.12948074340820312,-0.11957737803459167,0.1235015019774437,-0.04960785061120987
1778956424.5050824,-1.1201206970214845,9.803413696289063,-0.5513035583496094,0.0011985991150140762,0.17256703972816467,-0.05995475873351097
1778956424.5222473,-1.1813433837890626,9.839788055419922,-0.3254232788085938,0.0005908887833356857,0.1907327026128769,-0.025782667100429535
1778956424.5367293,-0.9018745422363281,9.929152221679688,0.24384292602539065,0.026724588125944138,0.07536107301712036,0.0932885929942131
1778956424.5516472,-1.1380833435058595,9.624086608886719,0.4132905578613281,0.0394105538725853,0.08441582322120667,0.12406381219625473
1778956424.5659225,-1.360221405029297,9.378746795654298,0.20836669921875,-0.01487265806645155,0.19461317360401154,0.1168288066983223
1778956424.5802372,-1.4470408630371094,9.382489013671876,0.057779846191406255,-0.043450094759464264,0.2972996234893799,0.09323932230472565
1778956424.5949328,-1.4944921875000001,9.693991241455079,-0.36314483642578127,0.0016875546425580978,0.46854984760284424,0.06341352313756943
1778956424.6091838,-1.2828323364257812,9.79847396850586,-0.298179931640625,0.0799032598733902,0.4042198359966278,0.07029912620782852
1778956424.625934,-0.948278045654297,9.849368133544923,-0.07319778442382813,0.25823184847831726,0.15139701962471008,0.05234408378601074
1778956424.6415691,-0.9713301086425782,9.649234313964845,0.142503662109375,0.24337664246559143,0.09326817095279694,0.032656945288181305
1778956424.6552808,-1.1241622924804688,9.531279602050782,0.20552261352539064,0.040668632835149765,0.06056428700685501,0.01960984244942665
1778956424.6699355,-1.2967533874511719,9.51107162475586,-0.000149688720703125,-0.04612298682332039,0.07632886618375778,0.014411618933081627
1778956424.684933,-1.5015275573730469,9.508826293945313,-0.21076171875000002,-0.10827548056840897,0.13435235619544983,-0.08135165274143219
1778956424.7011409,-1.632205810546875,9.575886840820313,-0.2844085693359375,-0.12783809006214142,0.14605990052223206,-0.11725931614637375
1778956424.715685,-1.4721885681152345,9.779014434814453,-0.4117936706542969,-0.1668972373008728,0.21420404314994812,-0.09961187839508057
1778956424.7340937,-1.5416441345214844,9.590406646728516,-0.258662109375,-0.2121667116880417,0.2375682145357132,-0.09207779914140701
1778956424.749604,-1.6649876403808594,9.492809600830078,-0.015417938232421876,-0.30410298705101013,0.2989683747291565,-0.11117000877857208
1778956424.7637997,-1.8431172180175783,9.565857696533204,-0.3239263916015625,-0.537076473236084,0.574830174446106,-0.18768367171287537
1778956424.7826707,-1.5368540954589844,9.548493804931642,-0.25956024169921876,-0.6912244558334351,0.6891338229179382,-0.0275358147919178
1778956424.8285875,-1.4687457275390625,9.824070739746094,0.4002676391601563,-0.45241856575012207,0.2950979471206665,-0.2678312659263611
1778956424.8462524,-1.9443067932128908,9.368867340087892,0.3686833190917969,-0.2585637867450714,0.13919439911842346,-0.2789651155471802
1778956424.860733,-2.1309686279296876,9.424551544189454,0.45759841918945315,-0.2718377709388733,0.13117913901805878,-0.2644471824169159
1778956424.8764637,-2.1333636474609374,9.542057189941406,0.5219645690917969,-0.3679940402507782,0.223739355802536,-0.25568801164627075
1778956424.8935597,-2.1478834533691407,9.430688781738281,0.7084767150878907,-0.30282142758369446,0.19491490721702576,-0.31018054485321045
1778956424.9093974,-2.1571641540527344,9.34102523803711,0.7186555480957032,-0.2547532320022583,0.15454217791557312,-0.3420487344264984
1778956424.9256644,-1.4407539367675781,9.857002258300781,-0.1359173583984375,0.07927484810352325,-0.10775914788246155,-0.20970669388771057
1778956424.9464,-1.9261944580078125,9.537117462158204,0.9539662170410157,0.053775426000356674,-0.10273748636245728,-0.1477929949760437
1778956424.9614904,-1.8962567138671875,9.417516174316408,0.8517288208007813,0.0464615635573864,-0.15015995502471924,-0.07762189209461212
1778956424.97742,-1.981728973388672,9.379944305419922,0.8690927124023438,0.037647493183612823,-0.13101714849472046,-0.05796855315566063
1778956424.9954147,-2.091899871826172,9.356143798828125,0.6282435607910156,0.07199569046497345,-0.1392868012189865,-0.09468050301074982
1778956425.0126097,-2.3405328369140626,9.313183135986328,0.9283694458007813,0.041925232857465744,-0.1204017624258995,-0.16858774423599243
1778956425.0283525,-2.517015838623047,9.135802001953126,1.1638298034667969,-0.03350667655467987,-0.07173622399568558,-0.21739575266838074
1778956425.048351,-2.1947360229492188,9.214388580322266,1.1123368835449219,-0.10710891336202621,-0.033913593739271164,-0.2349851429462433
1778956425.0667334,-1.8185682678222657,9.57573715209961,0.865799560546875,0.07008946686983109,-0.1827535331249237,-0.13466626405715942
1778956425.0800276,-2.008074188232422,9.948162689208985,0.4331991577148438,0.35804370045661926,-0.23636125028133392,0.02650292217731476
1778956425.0963173,-1.9606228637695313,10.03797592163086,0.22722747802734375,0.5694049596786499,-0.2902240753173828,0.1435302048921585
1778956425.1136897,-2.398462371826172,9.904902648925782,0.7550299072265625,0.6587792634963989,-0.1529456377029419,0.21287812292575836
1778956425.1297157,-3.3641043090820313,9.172625427246095,1.7717156982421876,0.42768344283103943,0.10617193579673767,0.09512672573328018
1778956425.1773007,-2.3822959899902343,9.008267211914063,1.1283535766601562,0.19264616072177887,0.16618137061595917,-0.018293827772140503
1778956425.1946857,-1.675166473388672,9.586664428710938,0.4689747619628907,0.13999105989933014,0.07993759214878082,-0.06409143656492233
1778956425.212982,-1.936223602294922,9.461524658203125,0.5530998229980469,-0.0460708886384964,0.2839948832988739,-0.02278633415699005
1778956425.2288196,-2.1177960205078126,9.40045166015625,0.5462141418457032,-0.17121416330337524,0.4364909529685974,-0.02272268570959568
1778956425.2452834,-1.7562977600097658,9.363029479980469,0.6691085815429688,-0.18428760766983032,0.48260918259620667,-0.04811858758330345
1778956425.2605517,-1.6253201293945314,9.636361083984376,0.841849365234375,-0.2175699770450592,0.48633331060409546,-0.05079158395528793
1778956425.2766082,-1.6865428161621094,9.489815826416017,0.9650431823730469,-0.2873815894126892,0.48707184195518494,-0.055817510932683945
1778956425.2933655,-1.9496955871582031,9.324409790039063,1.0371931457519532,-0.5495570302009583,0.6078536510467529,-0.06195368617773056
1778956425.3101823,-2.172881469726563,9.334888000488283,0.9014254760742187,-0.7538452744483948,0.7424101233482361,-0.13212448358535767
1778956425.3290539,-2.617456970214844,8.871152343750001,1.0533595275878906,-0.7527227997779846,0.7752872705459595,-0.3198387622833252
1778956425.343974,-2.2100042724609374,9.417965240478516,1.0109976196289063,-0.6711344718933105,0.7367609143257141,-0.33591946959495544
1778956425.3592396,-2.1580622863769534,9.751621398925781,0.25357269287109374,-0.2879297435283661,0.6589698195457458,-0.3098345696926117
1778956425.407113,-1.6139437866210937,10.001302185058595,1.2624746704101564,-0.0616484135389328,0.5250148773193359,0.228739932179451
1778956425.423836,-2.0544776916503906,9.508077850341797,1.4940431213378906,-0.11353248357772827,0.3825944662094116,0.27376410365104675
1778956425.4403424,-2.3514601135253907,9.408684539794923,1.2919633483886719,-0.17195779085159302,0.3423719108104706,0.24360008537769318
1778956425.454493,-2.4071443176269534,9.47364944458008,1.2623249816894533,-0.1833774894475937,0.31612688302993774,0.22945420444011688
1778956425.4692948,-2.357896728515625,9.54026092529297,1.0352471923828126,-0.20324383676052094,0.3782738149166107,0.2345581352710724
1778956425.4859238,-2.398911437988281,9.6327685546875,0.9693841552734376,-0.18552397191524506,0.4193669259548187,0.21886040270328522
1778956425.5048025,-2.4174728393554688,9.670190734863281,1.0894345092773439,-0.12586410343647003,0.4132968783378601,0.16210229694843292
1778956425.5201893,-2.0564236450195312,10.134525146484375,1.174757080078125,-0.18259933590888977,0.4585951268672943,0.20731958746910095
1778956425.5388925,-2.0110679626464845,10.084828491210938,0.5525010681152344,-0.17953814566135406,0.5760390758514404,0.2302161306142807
1778956425.5586815,-2.2409898376464845,9.616901550292969,-0.0056881713867187505,-0.12872841954231262,0.6790809631347656,0.13409891724586487
1778956425.5731347,-2.20581298828125,9.45598617553711,0.08786727905273438,-0.13435041904449463,0.7010246515274048,0.06988529860973358
1778956425.6185918,-1.8952088928222657,9.24761947631836,0.5706134033203125,-0.24063600599765778,0.6526010632514954,0.021481821313500404
1778956425.637427,-1.8482066345214845,9.187145233154297,0.021405487060546877,-0.07237400114536285,0.5859015583992004,0.18869321048259735
1778956425.6580734,-1.9413130187988281,9.253307647705078,0.0568817138671875,-0.00819234549999237,0.5980492830276489,0.1985785961151123
1778956425.676122,-1.8486557006835938,9.468260650634766,0.3926335144042969,0.009415137581527233,0.5609043836593628,0.21544091403484344
1778956425.6936936,-1.6804055786132814,10.325677642822265,0.7423063659667969,-0.09129474312067032,0.45842698216438293,0.307285875082016
1778956425.7109792,-1.8473085021972657,10.26310775756836,0.5780978393554688,-0.15128138661384583,0.4063471257686615,0.35981032252311707
1778956425.7262204,-2.2507196044921876,9.379644927978516,0.17573455810546876,-0.07765176147222519,0.4026775658130646,0.26506170630455017
1778956425.742598,-2.284998321533203,9.01575164794922,0.2616558837890625,-0.03621377795934677,0.37687233090400696,0.20538799464702606
1778956425.7585373,-1.9525396728515625,9.035211181640625,0.5463638305664062,-0.035608790814876556,0.3423016667366028,0.15552087128162384
1778956425.7725456,-1.7333953857421875,9.181307373046875,0.5984555053710938,-0.04017878323793411,0.3061116635799408,0.15627159178256989
1778956425.7930305,-1.1596385192871095,9.470206604003907,0.5912704467773438,-0.03383488580584526,0.19478945434093475,0.21507179737091064
1778956425.8414583,-0.7873626708984376,9.84442840576172,-0.31748977661132816,0.22181710600852966,-0.01663872040808201,0.2696692645549774
1778956425.859396,-1.6476237487792968,9.779613189697265,0.8779243469238281,0.06996091455221176,0.31366226077079773,0.21931660175323486
1778956425.8751957,-1.3105247497558594,9.982740783691407,1.0886860656738282,-0.009171589277684689,0.28978678584098816,0.20716355741024017
1778956425.8912435,-0.7280859375000001,9.773176574707032,1.0921289062500001,-0.21654513478279114,0.32068493962287903,0.268618643283844
1778956425.910699,-0.6135740661621094,9.904453582763672,0.34129028320312504,-0.1718757301568985,0.19405263662338257,0.29863646626472473
1778956425.9257188,-1.2350816345214843,10.146649932861328,-0.6541397094726563,0.09801255911588669,0.23785890638828278,0.29135462641716003
1778956425.9424765,-1.1518547058105468,10.352172546386718,-0.3704795837402344,0.16159313917160034,0.26760268211364746,0.31191423535346985
1778956425.9587407,-1.0279124450683594,10.067763977050781,-0.045056304931640624,0.22537767887115479,0.14186538755893707,0.32923567295074463
1778956425.9758224,-1.0446775817871095,9.400002593994142,-1.623673553466797,0.7295020818710327,0.1351398378610611,0.26952624320983887
1778956425.9907756,-0.5730084228515625,9.445807342529298,0.41388931274414065,0.5350620150566101,0.11284829676151276,0.27732717990875244
1778956426.0066667,-0.3112028503417969,9.01724853515625,2.6479934692382816,-0.125665083527565,-0.06793312728404999,0.3045511245727539
1778956426.0251348,-0.7180567932128906,8.668773193359375,1.28373046875,-0.31216663122177124,-0.2143275886774063,0.24347363412380219
1778956426.0722358,-0.4728666687011719,9.77886474609375,0.8714877319335937,0.2304857075214386,-0.6919212937355042,0.29873979091644287
1778956426.108073,-2.222278747558594,9.87511459350586,0.4788542175292969,0.09295167773962021,-0.5431011319160461,0.08973678946495056
1778956426.1263855,-0.35700759887695316,10.300230560302735,0.8943901062011719,0.10201447457075119,-0.6688790917396545,0.07083901762962341
1778956426.143613,0.1986369323730469,10.393935699462892,0.5730084228515625,0.13131669163703918,-0.744840681552887,0.12894491851329803
1778956426.160848,-0.2860551452636719,9.832752685546875,0.2496807861328125,0.17436030507087708,-0.8053494095802307,0.1442120373249054
1778956426.1766453,0.05059478759765625,9.377249908447267,0.46762756347656254,0.21005229651927948,-0.8977576494216919,0.18296128511428833
1778956426.192246,-0.07080276489257813,9.21693328857422,0.5736071777343751,0.1871122270822525,-0.9101590514183044,0.18812942504882812
1778956426.2086043,-0.5748046875,9.126670989990235,0.6858737182617188,0.004615725949406624,-0.7538585066795349,0.13448084890842438
1778956426.223584,-0.5132826232910157,9.227261810302736,0.8455915832519532,-0.05092092603445053,-0.7994133234024048,-0.036008890718221664
1778956426.2416515,-0.07529342651367188,9.266929321289062,0.24668701171875002,0.006125845946371555,-0.8281797170639038,-0.12300238013267517
1778956426.287379,-0.48020141601562505,9.667795715332032,0.48379394531250003,0.1409226804971695,-0.6456055641174316,-0.13315114378929138
1778956426.3032184,-0.1933978271484375,9.587412872314454,0.4090992736816406,0.16602909564971924,-0.6555508375167847,-0.1621367186307907
1778956426.3208268,-0.0031434631347656253,9.775870971679687,0.6194119262695312,0.13707228004932404,-0.6765586733818054,-0.17806828022003174
1778956426.3359985,-0.2613565063476563,9.653126220703125,0.7054829406738281,0.12910303473472595,-0.7779427766799927,-0.27579882740974426
1778956426.3631442,0.3968247985839844,9.70596633911133,0.523311767578125,0.23110078275203705,-0.8881604671478271,-0.26669296622276306
1778956426.3791611,0.27572662353515626,10.08542724609375,0.36898269653320315,0.39421549439430237,-0.9414325952529907,-0.22120428085327148
1778956426.3938568,-0.32287857055664065,10.35411849975586,0.3680845642089844,0.5480426549911499,-1.0608842372894287,-0.16553570330142975
1778956426.4090016,-0.14624588012695314,10.525811462402345,0.09101074218750001,0.6576059460639954,-1.0792675018310547,-0.09046332538127899
1778956426.4273899,-0.3215313720703125,10.109976196289063,-0.18052459716796876,0.8053508996963501,-1.0353856086730957,0.00327114574611187
1778956426.4436493,-0.027093658447265627,9.574240264892579,-0.8216413879394532,0.7603664994239807,-0.8170714974403381,-0.16586540639400482
1778956426.4592042,0.07035369873046875,9.493558044433595,-1.1214678955078126,0.7782278060913086,-0.6872908473014832,-0.208906888961792
1778956426.4762647,-0.36823425292968753,9.639504547119142,-1.9413130187988281,1.1884679794311523,-0.5452952980995178,0.11088232696056366
1778956426.5001402,-1.2928614807128906,9.539063415527345,-1.9803817749023438,1.699590802192688,-0.5461739897727966,0.3118516504764557
1778956426.5192354,-1.214125213623047,9.513915710449218,-1.1469149780273438,1.449196219444275,-0.7979769706726074,0.12953853607177734
1778956426.533652,-1.2710069274902345,9.184450836181641,-1.1689192199707032,0.7247856259346008,-0.921187698841095,0.026418302208185196
1778956426.550865,-1.119521942138672,9.185199279785158,-1.4227912902832032,0.3565292954444885,-0.9727124571800232,0.06863098591566086
1778956426.566423,-1.3930032348632813,9.138496398925781,-1.4319223022460938,-0.17418153584003448,-1.0848220586776733,0.01729775220155716
1778956426.5806925,-2.0445982360839845,9.417965240478516,-1.3653108215332033,-0.24657903611660004,-1.1026114225387573,-0.031588032841682434
1778956426.5946336,-2.046244812011719,9.884994049072267,-1.5766712951660158,-0.022936660796403885,-1.0104985237121582,0.0007688524201512337
1778956426.610337,-1.957928466796875,10.315199432373047,-1.840422821044922,0.143519327044487,-1.0104176998138428,-0.0394241139292717
1778956426.6267445,-1.6576528930664063,9.834698638916016,-1.4795233154296876,0.06595145165920258,-1.1977356672286987,-0.2954484224319458
1778956426.6433725,-1.3656101989746094,8.968599700927735,-1.5543676757812501,-0.14280037581920624,-1.2713888883590698,-0.3785009980201721
1778956426.6564918,-1.5447875976562502,9.087452545166016,-1.5467335510253908,-0.10632118582725525,-1.2891335487365723,-0.42269134521484375
1778956426.6708772,-1.8437159729003907,9.842482452392579,-1.5443385314941407,0.061963628977537155,-1.2865049839019775,-0.3899901211261749
1778956426.686212,-2.0722906494140627,10.031838684082032,-1.602118377685547,0.07336699217557907,-1.2301740646362305,-0.3240337371826172
1778956427.768293,0.10163864135742189,9.95654525756836,-0.049097900390625004,0.2863505184650421,0.4255928695201874,0.18494799733161926
1778956427.787636,-0.3058140563964844,9.869576110839844,-0.5143304443359376,0.03816661983728409,0.33074653148651123,0.2109239548444748
1778956427.8056207,-0.2956352233886719,9.746232604980468,-0.31883697509765624,-0.19273118674755096,0.21986500918865204,0.2127828449010849
1778956427.821702,-0.16645385742187502,9.696685638427734,-0.10253677368164063,-0.248110830783844,0.1605379432439804,0.19783611595630646
1778956427.8364189,0.1149609375,9.540859680175782,0.1826202392578125,-0.23493267595767975,0.11447927355766296,0.13520735502243042
1778956427.8527567,0.06855743408203126,9.379046173095704,0.28455825805664064,-0.18627619743347168,0.1203259751200676,0.11028682440519333
1778956427.867552,0.111368408203125,9.329948272705078,0.3207829284667969,-0.08209756016731262,0.14926671981811523,0.12366281449794769
1778956427.8833075,0.26884094238281253,9.394763488769533,0.13367202758789062,-0.015309398993849754,0.1572483628988266,0.13177372515201569
1778956427.8974776,0.2734812927246094,9.39850570678711,0.051492919921875005,-0.016194019466638565,0.15496103465557098,0.11132253706455231
1778956427.9129744,0.017513580322265625,9.389075317382813,-0.10523117065429688,-0.04818541556596756,0.15587367117404938,0.07355517148971558
1778956427.927202,-0.04685256958007813,9.322014770507813,-0.22064117431640626,-0.06727362424135208,0.15466167032718658,0.054835546761751175
1778956427.9446688,0.2633024597167969,9.257947998046875,-0.2281256103515625,-0.10006460547447205,0.10283716022968292,-1.623295247554779e-05
1778956427.9604468,0.4870870971679688,9.249266052246094,-0.087418212890625,-0.10607580840587616,0.06691572070121765,-0.019193407148122787
1778956427.9761546,0.5394781494140626,9.494605865478515,-0.019908599853515625,-0.06798899173736572,0.015816260129213333,-0.013955757953226566
1778956427.9929514,0.33709899902343754,9.736652526855469,-0.16091537475585938,-0.028809156268835068,0.013121175579726696,0.00527997175231576
1778956428.0089273,0.12124786376953126,9.72183334350586,-0.18157241821289063,-0.026632554829120636,0.03959512710571289,0.008206518366932869
1778956428.0220168,-0.08352630615234376,9.725276184082032,-0.26270370483398436,-0.03728684037923813,0.11785620450973511,0.022287726402282715
1778956428.0400124,0.02065704345703125,9.830956420898438,-0.38664596557617187,-0.0261782705783844,0.13467895984649658,0.019981417804956436
1778956428.0558777,0.23456222534179688,9.76015365600586,-0.40356079101562503,0.004830872640013695,0.05669785663485527,-0.03152146190404892
1778956428.0712287,0.17468673706054688,9.441017303466797,-0.3728746032714844,0.015833724290132523,0.0299804899841547,-0.05232794210314751
1778956428.0874398,0.1359173583984375,9.329199829101563,-0.41074584960937505,0.040204379707574844,0.047175582498311996,-0.02128956839442253
1778956428.107178,0.377215576171875,9.333091735839844,-0.5851332092285156,0.062368035316467285,-0.007379528135061264,-0.006354049779474735
1778956428.121871,0.2800675964355469,9.218579864501953,-0.7297325134277344,0.06865200400352478,-0.024340489879250526,-0.050534289330244064
1778956428.136416,0.14879058837890627,9.233399047851563,-0.7550299072265625,0.08716493099927902,-0.00835423730313778,-0.03239469230175018
1778956428.1504164,0.16031661987304688,9.563163299560548,-1.148262176513672,0.17662255465984344,0.010603156872093678,0.01881229132413864
1778956428.1649191,0.11286529541015626,9.64758773803711,-1.2506492614746094,0.19429795444011688,-0.01986819878220558,-0.025043580681085587
1778956428.1807172,-0.0820294189453125,9.471254425048828,-1.159339141845703,0.12299665808677673,-0.05402242764830589,-0.12756651639938354
1778956428.194798,-0.18636245727539064,9.371861114501954,-1.064436492919922,0.07126083970069885,-0.029381586238741875,-0.12387481331825256
1778956428.2120943,0.08951385498046875,9.458680572509767,-1.0672805786132813,0.08880040049552917,0.012536482885479927,-0.05069673806428909
1778956428.2307966,0.38320312500000003,9.56286392211914,-1.011596374511719,0.17702583968639374,-0.08913217484951019,-0.11921960115432739
1778956428.248015,0.3396437072753906,9.45838119506836,-1.132694549560547,0.19095923006534576,-0.12300199270248413,-0.16088634729385376
1778956428.2631223,-0.032183074951171876,9.403894500732422,-1.284778289794922,0.1574121117591858,-0.14922432601451874,-0.14500141143798828
1778956428.277336,-0.19160156250000002,9.47185317993164,-1.4302757263183594,0.157229945063591,-0.1351076364517212,-0.13556182384490967
1778956428.292646,0.22363494873046877,9.736502838134767,-1.9405645751953127,0.28812047839164734,-0.14394511282444,-0.16679854691028595
1778956428.3066947,0.3381468200683594,9.62273941040039,-1.8821859741210938,0.35845670104026794,-0.17500317096710205,-0.18308430910110474
1778956428.3216434,-0.19145187377929687,9.43248504638672,-1.9514918518066406,0.40563738346099854,-0.13637042045593262,-0.12440158426761627
1778956428.335948,-0.37317398071289065,9.480235748291015,-2.0357666015625,0.39399421215057373,-0.08960189670324326,-0.053377214819192886
1778956428.3523016,-0.40655456542968754,9.66001190185547,-2.2013223266601565,0.348688542842865,0.006108101457357407,0.04296131432056427
1778956428.369121,-0.38934036254882814,9.670639801025391,-2.1225860595703128,0.329632043838501,0.004016455262899399,0.04225024953484535
1778956428.3845062,-0.31374755859375003,9.787247314453126,-2.0172052001953125,0.28743791580200195,-0.07692205905914307,-0.011234800331294537
1778956428.399947,0.037571868896484374,9.816586303710938,-1.9318826293945313,0.24127495288848877,-0.18879470229148865,-0.04724421352148056
1778956428.414132,0.05523513793945313,9.652228088378907,-1.7296531677246094,0.20226958394050598,-0.22276653349399567,-0.05470692738890648
1778956428.4364767,-0.43125320434570313,9.31947006225586,-1.1755055236816407,0.15480946004390717,-0.19118653237819672,-0.03994447737932205
1778956428.452004,-0.9874964904785156,9.681417388916016,-0.7644602966308595,0.17345009744167328,-0.12786932289600372,-0.06420505791902542
1778956428.46859,-1.1289523315429688,10.145153045654297,-0.7524851989746094,0.22390234470367432,-0.08102058619260788,-0.08960308879613876
1778956428.483341,-1.3741424560546875,11.359278259277344,-1.5881973266601563,0.4603902995586395,0.16719038784503937,-0.056833188980817795
1778956428.4978943,-1.309027862548828,11.683803405761719,-2.041754150390625,0.5650759935379028,0.26462435722351074,0.0009696763008832932
1778956428.515223,-0.6518943786621094,10.855575714111328,-1.9573297119140627,0.4002961218357086,0.11333643645048141,0.019613932818174362
1778956428.5306954,-0.38320312500000003,9.436376953125,-0.8906478881835938,-0.2096129208803177,-0.2362147569656372,-0.14243754744529724
1778956428.5441794,-0.5748046875,9.031319274902344,-0.29683273315429687,-0.4686998724937439,-0.35087957978248596,-0.2233760803937912
1778956428.558869,-1.2400213623046876,8.99898651123047,0.6146218872070313,-0.5063992738723755,-0.38338494300842285,-0.3417876958847046
1778956428.5763254,-1.4049783325195313,9.19403091430664,0.7047344970703125,-0.2729553282260895,-0.3145346939563751,-0.3577519655227661
1778956428.5926032,-1.355431365966797,9.933642883300783,0.46418472290039064,0.3350239396095276,-0.050598639994859695,-0.2652460038661957
1778956428.6065085,-1.3238470458984375,10.307415618896485,0.2508782958984375,0.5463548302650452,0.029089000076055527,-0.19055046141147614
1778956428.624635,-0.6834786987304687,10.64675994873047,-0.20178039550781252,0.5675394535064697,-0.018409259617328644,-0.07184887677431107
1778956428.638111,-0.8391549682617188,10.400971069335938,-0.43230102539062504,0.20729346573352814,-0.2610301673412323,-0.05912776663899422
1778956428.6532657,-1.2266990661621093,10.255174255371093,-0.6134243774414063,0.0329887680709362,-0.3319910764694214,-0.06452304869890213
1778956428.6702397,-1.5263758850097657,9.98094451904297,-0.7723937988281251,-0.12529133260250092,-0.3467458188533783,0.036575332283973694
1778956428.6850708,-1.3480966186523438,9.78410385131836,-0.6560856628417969,-0.11534574627876282,-0.3327682316303253,0.1182134672999382
1778956428.6992342,-0.5839356994628907,9.465715942382813,-0.3555107116699219,-0.008771142922341824,-0.34390148520469666,0.23665383458137512
1778956428.711891,-0.143701171875,9.344468078613282,-0.3046165466308594,0.05166421830654144,-0.3878474533557892,0.26851803064346313
1778956428.7258086,0.053887939453125006,9.309291229248048,-0.1431024169921875,0.08822941780090332,-0.4734813868999481,0.29235386848449707
1778956428.7410765,-0.39787261962890624,9.40613983154297,-0.32138168334960937,0.12541794776916504,-0.5422875881195068,0.33302754163742065
1778956428.7535985,-0.7887098693847656,9.449100494384766,-0.5974076843261719,0.14421668648719788,-0.5033199191093445,0.36201226711273193
1778956428.7676537,-1.1813433837890626,9.752369842529298,-1.1198213195800781,0.15310753881931305,-0.4754008948802948,0.42643412947654724
1778956428.7831635,-1.0937754821777343,9.768835601806641,-1.1473640441894533,0.12069207429885864,-0.47733408212661743,0.44249141216278076
1778956428.7993808,-0.47496231079101564,9.837991790771484,-1.3645623779296876,0.043361712247133255,-0.49577775597572327,0.45548921823501587
1778956428.815632,-0.2508782958984375,9.63995361328125,-1.2350816345214843,0.014779294840991497,-0.5247185230255127,0.4163610339164734
1778956428.833723,-0.32482452392578126,9.395212554931641,-0.9777667236328126,-0.07356110215187073,-0.543218195438385,0.29937049746513367
1778956428.8501737,-0.71611083984375,9.343569946289064,-0.9713301086425782,-0.1550665646791458,-0.420897901058197,0.2167872041463852
1778956428.866797,-0.4816983032226563,9.767039337158204,-1.0541079711914063,-0.1749851554632187,-0.3362967073917389,0.21025048196315765
1778956428.883292,-0.29533584594726564,9.876012725830078,-1.1213182067871095,-0.12537246942520142,-0.16443181037902832,0.186335027217865
1778956428.8969758,-0.004640350341796875,9.489666137695313,-0.768651580810547,-0.09567228704690933,-0.17137353122234344,0.057544808834791183
1778956428.913996,0.09744735717773438,9.425749053955078,-0.7171586608886719,-0.10868728160858154,-0.14221586287021637,0.02062886580824852
1778956428.932901,-0.3094065856933594,9.470505981445314,-0.6629713439941407,-0.16093389689922333,-0.06086182966828346,0.00615273229777813
1778956428.9486957,-0.46717849731445316,9.64474365234375,-0.760418701171875,-0.1265987604856491,0.09251146763563156,0.031483106315135956
1778956428.9656591,-0.2999761962890625,9.632618865966798,-0.7677534484863282,-0.07020525634288788,0.1289949119091034,0.01942671276628971
1778956428.981679,0.4944218444824219,9.673633575439453,-0.9553134155273438,0.0665731430053711,0.11349032074213028,-0.016768839210271835
1778956428.9973025,0.22617965698242187,9.63321762084961,-0.929267578125,0.07416895776987076,0.0734206810593605,-0.09958647936582565
1778956429.011758,-0.25267456054687504,9.672735443115235,-0.9535171508789063,0.03287971764802933,0.09527435153722763,-0.11594600975513458
1778956429.028252,-0.8559201049804688,9.648036804199219,-1.143472137451172,-0.054165150970220566,0.2054121345281601,-0.07630965858697891
1778956429.0466518,-0.6271957397460938,9.557475128173829,-1.143472137451172,-0.0582268126308918,0.20016856491565704,-0.0525856651365757
1778956429.0615618,-0.35176849365234375,9.568103027343751,-1.0678793334960939,-0.06861554086208344,0.13207019865512848,-0.07808835804462433
1778956429.0783808,-0.20582199096679688,9.542506256103517,-0.7455995178222656,-0.12158797681331635,0.06620758026838303,-0.14243221282958984
1778956429.0934372,-0.48678771972656254,9.536518707275391,-0.6402186584472657,-0.14557790756225586,0.07347024977207184,-0.15339671075344086
1778956429.1088288,-1.1114387512207031,9.555080108642578,-0.5713618469238282,-0.11565346270799637,0.16200612485408783,-0.10681934654712677
1778956429.1268072,-1.2313394165039062,9.635912017822266,-0.5554948425292969,-0.08586002141237259,0.24933211505413055,-0.07315833866596222
1778956429.1433585,-1.0120454406738282,9.619595947265626,-0.6029461669921875,-0.08736231178045273,0.28160351514816284,-0.06276668608188629
1778956429.1592643,-0.29488677978515626,9.504934387207031,-0.5096900939941407,-0.11005145311355591,0.20189714431762695,-0.08133396506309509
1778956429.1790278,-0.6701564025878907,9.352251892089845,-0.21615051269531252,-0.14499838650226593,0.15202561020851135,-0.11243650317192078
1778956429.1985881,-1.4230906677246093,9.469009094238281,-0.3058140563964844,-0.11186464130878448,0.2032449096441269,-0.09991615265607834
1778956429.215407,-1.648970947265625,9.693691864013672,-0.5331912231445313,-0.06619840115308762,0.3171755075454712,-0.06437518447637558
1778956429.2323086,-1.5766712951660158,9.872569885253906,-0.6252497863769532,-0.04951002076268196,0.35326462984085083,-0.055257346481084824
1778956429.24877,-1.1000624084472657,10.135572967529297,-0.7417076110839844,-0.0732107013463974,0.3142884373664856,-0.06832574307918549
1778956429.2634814,-0.9171427917480469,10.017618255615234,-0.550704803466797,-0.10254868119955063,0.21377508342266083,-0.08087826520204544
1778956429.2802308,-1.0696755981445314,9.93543914794922,-0.5553451538085937,-0.09927912056446075,0.19013765454292297,-0.07911578565835953
1778956429.312855,-1.4521302795410156,10.114317169189453,-1.0141410827636719,0.003923181444406509,0.18424487113952637,-0.07961009442806244
1778956429.3270507,-0.999920654296875,10.359507293701173,-1.7667759704589845,0.15211910009384155,0.18669211864471436,0.06280910223722458
1778956429.3430095,-0.233514404296875,9.708061981201173,-1.4256353759765625,-0.14079584181308746,0.014585423283278942,0.11381902545690536
1778956429.3604486,-0.031284942626953124,9.376052398681642,-1.0490185546875002,-0.33188992738723755,-0.06756643950939178,0.13123449683189392
1778956429.3761044,-0.14609619140625002,9.148824920654297,-0.42391845703125003,-0.48350459337234497,-0.10466324537992477,0.15676942467689514
1778956429.3931043,-0.18112335205078126,9.177265777587891,-0.14654525756835937,-0.3958473205566406,-0.06247483566403389,0.14646460115909576
1778956429.4097905,0.00808319091796875,9.64040267944336,-0.045954437255859376,-0.09125808626413345,0.04397419095039368,0.10807539522647858
1778956429.425664,-0.06571334838867188,10.237061920166017,-0.3212319946289063,0.10249131917953491,0.16596634685993195,0.1021873950958252
1778956429.4423766,-0.5882766723632813,10.359656982421875,-0.7939489746093751,0.10117951780557632,0.2859157919883728,0.11834719032049179
1778956429.4607704,-0.7152127075195313,10.22478744506836,-1.1202703857421876,0.05218401178717613,0.3197384774684906,0.13289976119995117
1778956429.4768877,-0.4578977966308594,9.728419647216798,-1.7305513000488282,-0.11862984299659729,0.33922910690307617,0.12696543335914612
1778956429.4918077,-0.12528945922851564,9.508077850341797,-1.8956579589843752,-0.2068343460559845,0.28858673572540283,0.11765160411596298
1778956429.5095742,0.4870870971679688,9.375453643798828,-1.8693127441406252,-0.3199440538883209,0.11195690184831619,0.05190053582191467
1778956429.525152,0.5063969421386719,9.633666687011718,-1.5983761596679689,-0.26906195282936096,0.05354924872517586,0.027473488822579384
1778956429.5409417,0.23710693359375,9.905950469970703,-1.5510745239257813,-0.1756630390882492,0.09875001758337021,0.056849218904972076
1778956429.5562122,-0.036524047851562505,10.280621337890626,-1.4786251831054689,-0.005596519447863102,0.2555660009384155,0.11503878235816956
1778956429.5737805,0.04266128540039063,10.223889312744141,-1.526675262451172,0.014573818072676659,0.33776843547821045,0.1304669976234436
1778956429.589014,0.24099884033203126,10.014325103759766,-1.6090040588378907,-0.03318694233894348,0.30446404218673706,0.1342284381389618
1778956429.6046672,0.7470964050292969,9.56331298828125,-1.6326548767089843,-0.16461791098117828,0.21492458879947662,0.14132946729660034
1778956429.6223404,0.9801617431640626,9.446555786132812,-1.5224839782714845,-0.19263063371181488,0.1615351438522339,0.15948210656642914
1778956429.6648455,0.41029678344726567,9.10541519165039,-0.9324110412597657,-0.048647474497556686,0.22782132029533386,0.20368050038814545
1778956429.6815712,0.4147874450683594,9.145681457519531,-0.8964857482910157,0.0013344651088118553,0.24305565655231476,0.17551544308662415
1778956429.6963518,0.7334747314453125,9.521100769042969,-1.0602452087402345,0.048201993107795715,0.24345652759075165,0.11886785179376602
1778956429.7122896,0.9762698364257812,9.954599304199219,-1.1594888305664064,0.02346746250987053,0.22263818979263306,0.11340998113155365
1778956429.7279775,0.884959716796875,10.001601562500001,-1.1238629150390627,-0.0133848637342453,0.20077019929885864,0.09729784727096558
1778956429.7453046,0.6357279968261719,9.870174865722657,-1.0220745849609376,-0.1172427088022232,0.19565947353839874,0.07192804664373398
1778956430.8767862,-0.3641926574707031,9.614955596923828,-1.7312997436523438,0.14551950991153717,-0.08030841499567032,-0.07469629496335983
1778956430.89629,-0.4123924255371094,9.61884750366211,-1.6735198974609375,0.11626730859279633,-0.06378348916769028,-0.04224568232893944
1778956430.9134023,-0.12184661865234375,9.867480468750001,-1.640289001464844,0.08070837706327438,-0.10351283103227615,-0.0801461935043335
1778956430.9299586,-0.16241226196289063,9.819580078125,-1.4570700073242189,0.04398099333047867,-0.11578680574893951,-0.09595365077257156
1778956430.947318,-0.4207749938964844,9.637259216308594,-1.254840545654297,0.006632840260863304,-0.06706810742616653,-0.06550731509923935
1778956430.963006,-0.35476226806640626,9.554930419921876,-1.2219090270996094,0.051526546478271484,-0.0019948286935687065,-0.025145774707198143
1778956430.978924,-0.17393829345703127,9.727371826171876,-1.2376263427734375,0.08318648487329483,0.008596381172537804,-0.02844943106174469
1778956430.9947338,-0.20357666015625,10.021659851074219,-1.2349319458007812,0.12574397027492523,0.04651636257767677,-0.06103293225169182
1778956431.0109167,-0.40805145263671877,10.087822265625,-1.2557386779785158,0.1372368484735489,0.08598360419273376,-0.06347771733999252
1778956431.0275488,-0.5848338317871095,10.040221252441407,-1.5103591918945314,0.12310680001974106,0.15273623168468475,-0.053121503442525864
1778956431.0429313,-0.025596771240234375,9.837991790771484,-1.7827926635742188,0.021121256053447723,0.06534932553768158,-0.11011208593845367
1778956431.0861793,-0.7643106079101563,9.367071075439453,-1.2641212463378906,-0.10421408712863922,0.10355424880981445,-0.18285498023033142
1778956431.102541,-0.8038284301757813,9.482930145263673,-1.334175567626953,-0.026688382029533386,0.18634746968746185,-0.15600526332855225
1778956431.1182597,-0.6015989685058594,9.506580963134766,-1.3211526489257812,0.08901090919971466,0.28466495871543884,-0.14443755149841309
1778956431.1332862,-0.41029678344726567,9.514664154052735,-1.2864248657226562,0.07576267421245575,0.2805502116680145,-0.13598601520061493
1778956431.1476314,-0.33724868774414063,9.62169158935547,-1.355730743408203,0.07052451372146606,0.27366194128990173,-0.107465960085392
1778956431.161546,-0.24548950195312502,9.802066497802734,-1.392703857421875,0.03962976112961769,0.21786214411258698,-0.0913812592625618
1778956431.1753395,-0.31210098266601566,9.711654510498047,-1.2898677062988282,0.002112392336130142,0.1778520792722702,-0.08967125415802002
1778956431.1891644,-0.38559814453125,9.645192718505859,-1.2118798828125001,-0.025671567767858505,0.1620592623949051,-0.08059892803430557
1778956431.2046943,-0.5206173706054688,9.545649719238282,-1.203347625732422,-0.04691138118505478,0.17378634214401245,-0.05584191158413887
1778956431.2206912,-0.5483097839355469,9.514963531494141,-1.1543994140625,-0.03306233510375023,0.19628478586673737,-0.03180317208170891
1778956431.2413938,-0.49412246704101564,9.535770263671875,-1.1114387512207031,0.00922512635588646,0.23477831482887268,0.01774575747549534
1778956431.2556467,-0.12214599609375,9.677076416015625,-1.1765533447265626,-0.028228413313627243,0.17176781594753265,-0.03604186698794365
1778956431.2722378,-0.19878662109375,9.668843536376954,-1.1451187133789062,-0.07354395091533661,0.17511646449565887,-0.029896587133407593
1778956431.2884097,-0.5158273315429688,9.67153793334961,-1.0922785949707032,-0.06245934218168259,0.23992449045181274,-0.0062077706679701805
1778956431.3045511,-0.7420069885253907,9.618548126220704,-1.0005194091796876,-0.0015545873902738094,0.37596750259399414,0.02826019376516342
1778956431.320185,-0.5920188903808594,9.586664428710938,-1.0288105773925782,0.015089553780853748,0.4210647940635681,0.007877924479544163
1778956431.3350732,-0.20207977294921875,9.463320922851564,-0.9485774230957031,0.019599007442593575,0.45692071318626404,-0.018379759043455124
1778956431.3487291,-0.22378463745117189,9.414223022460938,-0.9228309631347656,0.02600950375199318,0.4571710526943207,-0.012244900688529015
1778956431.3638158,-0.27063720703125,9.513017578125,-0.901575164794922,-0.02230868861079216,0.45232293009757996,-0.03876759111881256
1778956431.377568,-0.2662962341308594,9.574240264892579,-0.8713380432128907,-0.048179540783166885,0.46138954162597656,-0.03903204947710037
1778956431.394774,-0.36539016723632817,9.751322021484375,-0.9409432983398438,-0.025792386382818222,0.5065510869026184,-0.020355040207505226
1778956431.410845,-0.5622308349609375,9.70312225341797,-1.0211764526367189,-0.0044084289111196995,0.5519799590110779,-0.014755470678210258
1778956431.4248462,-0.5545967102050782,9.607920227050782,-1.012943572998047,-0.020594056695699692,0.5724412798881531,-0.006352131254971027
1778956431.4400985,-0.5062472534179687,9.526190185546875,-0.9650431823730469,-0.0510576032102108,0.5815048813819885,0.004582554567605257
1778956431.4536018,-0.32048355102539067,9.547895050048828,-0.7960446166992188,-0.09656234085559845,0.580679178237915,0.0072281318716704845
1778956431.469762,-0.3788621520996094,9.68351303100586,-0.6313870239257813,-0.09278900176286697,0.5945264101028442,0.019691484048962593
1778956431.4850614,-0.4263134765625,9.784702606201172,-0.6500981140136719,-0.07448642700910568,0.6125429272651672,0.026869770139455795
1778956431.4997745,-0.4381388854980469,9.85550537109375,-0.8574169921875,-0.04541466757655144,0.6298179626464844,0.014548379927873611
1778956431.5125935,-0.45385620117187503,9.793384552001953,-0.8827143859863281,-0.04873747378587723,0.6316708326339722,0.0011923559941351414
1778956431.5285013,-0.46598098754882816,9.711205444335938,-0.8655001831054688,-0.06264583021402359,0.6476638913154602,-0.0033182401675730944
1778956431.5441525,-0.48094985961914066,9.620943145751953,-0.7940986633300782,-0.07564624398946762,0.6920718550682068,-0.007959618233144283
1778956431.5599446,-0.5177732849121094,9.836345214843751,-0.8912466430664063,-0.017399240285158157,0.7598365545272827,-0.022343335673213005
1778956431.5730073,-0.4939727783203125,10.084529113769532,-1.0749147033691406,0.06415404379367828,0.7987999320030212,-0.02283652499318123
1778956431.588727,-0.5212161254882812,10.349627838134767,-1.4039305114746095,0.1970585733652115,0.8488500714302063,-0.009884506464004517
1778956431.6049829,-0.2501298522949219,10.828631744384767,-2.3498135375976563,0.4525299668312073,0.896375834941864,0.048796359449625015
1778956431.621596,-0.108973388671875,9.993518371582033,-2.2974224853515626,0.15530627965927124,0.7229701280593872,0.019422471523284912
1778956431.638453,0.0077838134765625,9.60642333984375,-2.205962677001953,-0.08917521685361862,0.6038534045219421,-0.008281029760837555
1778956431.654683,0.2363584899902344,9.262887725830078,-1.9667601013183595,-0.30190911889076233,0.4733028709888458,0.01168174110352993
1778956431.6728864,0.37167709350585937,9.236542510986329,-1.4998809814453127,-0.107517309486866,0.5669903755187988,0.08803406357765198
1778956431.6898403,0.030237121582031252,9.514963531494141,-1.2732522583007813,0.13271291553974152,0.7348177433013916,0.10427054017782211
1778956431.7073138,-0.06855743408203126,9.659263458251953,-1.2147239685058595,0.1776295304298401,0.7848606705665588,0.10896862298250198
1778956431.7236533,-0.06676116943359375,9.822573852539064,-1.490600280761719,0.14256635308265686,0.8665112257003784,0.12527328729629517
1778956431.7399027,-0.041164398193359375,9.803413696289063,-1.9032920837402345,0.0862259492278099,0.9101302623748779,0.12826323509216309
1778956431.7588556,0.033679962158203125,9.754016418457033,-1.944606170654297,0.06828192621469498,0.9190497398376465,0.1299857646226883
1778956431.7740848,0.0718505859375,9.509724426269532,-2.009720764160156,0.07505470514297485,0.8997105956077576,0.12733617424964905
1778956431.7908127,-0.036524047851562505,9.562115478515626,-2.065704345703125,0.09042008221149445,0.8540612459182739,0.053144484758377075
1778956431.8088837,0.041912841796875,9.62124252319336,-1.9038908386230469,0.02775467187166214,0.8075342178344727,0.00709020160138607
1778956431.8248901,0.09849517822265626,9.660760345458986,-1.8889219665527344,-0.015202116221189499,0.7981367111206055,0.005639843642711639
1778956431.8412547,0.214354248046875,9.656269683837891,-1.8482066345214845,-0.02545998990535736,0.8136265873908997,0.006552216596901417
1778956431.8576937,0.3034190368652344,9.41482177734375,-1.7717156982421876,-0.002946905791759491,0.8321027159690857,0.006289653014391661
1778956431.8721988,0.35640884399414063,9.345964965820313,-1.7838404846191407,0.06589222699403763,0.87089604139328,0.010629290714859962
1778956431.8887203,0.5694158935546876,9.330247650146484,-1.8494041442871094,0.10036570578813553,0.909965991973877,0.0364382341504097
1778956431.9083426,0.7044351196289063,9.447154541015626,-1.9239491271972657,0.1077987477183342,0.9578684568405151,0.04689940810203552
1778956431.9250977,0.8671467590332032,9.535919952392579,-1.9869680786132813,0.11133436113595963,0.9721872210502625,0.05910787358880043
1778956431.9419742,1.1166778564453126,9.519753570556642,-2.066602478027344,0.09724355489015579,0.9823842644691467,0.06236596778035164
1778956431.9591799,1.0446775817871095,9.47754135131836,-2.0173548889160156,0.04060014709830284,0.9524465799331665,0.01744644157588482
1778956431.9776025,0.9626481628417969,9.434131622314453,-2.003583526611328,0.023601830005645752,0.9695841670036316,-0.002692906651645899
1778956431.9924154,0.9160949707031251,9.34626434326172,-2.045496368408203,0.06450590491294861,1.0418422222137451,-0.0030569564551115036
1778956432.0087678,1.0788066101074218,9.222621459960939,-1.9812799072265626,0.12750482559204102,1.1076077222824097,0.01686238870024681
1778956432.0274436,1.1921209716796877,9.261540527343751,-1.9965481567382815,0.17144161462783813,1.118599534034729,-0.0035786894150078297
1778956432.0420384,1.2244537353515625,9.326505432128906,-1.9752923583984376,0.17018884420394897,1.1167324781417847,-0.029301363974809647
1778956432.0551293,1.189276885986328,9.332193603515625,-1.919608154296875,0.15315589308738708,1.1149331331253052,-0.05310230702161789
1778956432.0716648,1.0325527954101563,9.3836865234375,-1.8302439880371095,0.10212299227714539,1.12708580493927,-0.07870510965585709
1778956432.087863,1.0928773498535156,9.658215637207032,-1.957928466796875,0.11360783129930496,1.1777242422103882,-0.07527124136686325
1778956432.1064465,1.120869140625,9.679770812988282,-1.9345770263671875,0.12525010108947754,1.1837924718856812,-0.07879912853240967
1778956432.1208613,1.2063414001464845,9.632169799804688,-1.9724482727050783,0.1339026689529419,1.1880552768707275,-0.0757809579372406
1778956432.136074,1.3849200439453127,9.516460418701172,-1.9335292053222657,0.11474619805812836,1.1553423404693604,-0.07350713759660721
1778956432.151662,1.385369110107422,9.476044464111329,-1.828298034667969,0.08817199617624283,1.1221975088119507,-0.07702600210905075
1778956432.1661246,1.1289523315429688,9.510323181152344,-1.6175363159179688,0.023001283407211304,1.0688201189041138,-0.10432208329439163
1778956432.18221,0.9719288635253907,9.51107162475586,-1.5911911010742188,-0.0015213689766824245,1.067237138748169,-0.11724507063627243
1778956432.1992722,0.9554631042480469,9.569749603271484,-1.5280224609375002,-0.002979289274662733,1.0443741083145142,-0.12491177022457123
1778956432.2154663,1.1582913208007812,9.615105285644532,-1.3491444396972656,0.026486601680517197,1.0099366903305054,-0.13394998013973236
1778956432.2323093,1.2277468872070314,9.575437774658203,-1.2675640869140625,0.03956680744886398,0.9718315601348877,-0.14290541410446167
1778956432.2467573,1.2677137756347656,9.555529174804688,-1.1672726440429688,0.04836569353938103,0.8885274529457092,-0.17180204391479492
1778956432.263725,1.1735595703125001,9.552685089111328,-1.2460089111328125,0.03521713614463806,0.8589591979980469,-0.1711737960577011
1778956432.2792041,1.0208770751953125,9.604178009033204,-1.2808863830566406,-0.008048094809055328,0.7991997599601746,-0.14288541674613953
1778956432.294838,1.1178753662109375,9.666298828125,-1.3205538940429689,-0.03627873957157135,0.7465060353279114,-0.11994174867868423
1778956432.3106318,1.265917510986328,9.681716766357422,-1.254840545654297,-0.058888860046863556,0.705721378326416,-0.11897905170917511
1778956432.3275075,1.4808705139160157,9.559870147705078,-1.0762619018554689,-0.08269591629505157,0.6346930861473083,-0.09092690050601959
1778956432.3432481,1.4979350280761718,9.456285552978516,-1.0313552856445314,-0.06376617401838303,0.6145928502082825,-0.060484834015369415
1778956432.3592827,1.581760711669922,9.338480529785157,-1.0536589050292968,0.020018190145492554,0.5807517170906067,-0.011962318792939186
1778956432.3748806,1.5792160034179688,9.310039672851563,-1.054706726074219,0.04199805110692978,0.543211042881012,-0.01321821752935648
1778956432.3905885,1.4528787231445313,9.318721618652344,-1.0955717468261719,-0.001091973390430212,0.4656829833984375,-0.050094760954380035
1778956432.4071038,1.4518309020996094,9.617500305175781,-1.2584330749511718,-0.08206461369991302,0.3886450231075287,-0.044340990483760834
1778956432.4230964,1.526675262451172,9.729168090820313,-1.3139675903320314,-0.1053297221660614,0.3593159019947052,-0.032978080213069916
1778956432.442267,1.5899935913085939,9.601932678222656,-1.0491682434082032,-0.13641007244586945,0.2919290065765381,-0.06668997555971146
1778956432.4594305,1.3678555297851562,9.343719635009766,-0.7696994018554688,-0.1672055721282959,0.25018054246902466,-0.16194993257522583
1778956432.4750316,1.2816348266601563,9.298663330078126,-0.7526348876953125,-0.18886999785900116,0.23871007561683655,-0.2009417712688446
1778956432.4914398,1.227297821044922,9.425749053955078,-0.863404541015625,-0.20068103075027466,0.23332035541534424,-0.23099476099014282
1778956432.507158,1.447639617919922,9.877958679199219,-1.203347625732422,-0.08884917199611664,0.2129625529050827,-0.23281078040599823
1778956432.5321507,1.4004876708984375,10.12898666381836,-1.2701087951660157,-0.03409433364868164,0.15315215289592743,-0.26055076718330383
1778956432.5485678,0.9578581237792969,10.509196014404298,-1.490600280761719,-0.07907247543334961,0.14645794034004211,-0.2823042571544647
1778956432.5641584,0.3791615295410156,10.662776641845703,-1.8405725097656251,-0.15047292411327362,0.21153947710990906,-0.2645236849784851
1778956432.5790057,0.26958938598632814,10.509046325683594,-1.9395167541503908,-0.18745039403438568,0.2209622859954834,-0.25985780358314514
1778956432.5934134,0.5554948425292969,9.724527740478516,-1.7744100952148438,-0.2618604898452759,0.15469378232955933,-0.28118976950645447
1778956432.6126637,0.7857160949707032,8.909622344970703,-1.355730743408203,-0.2834617793560028,0.09138491749763489,-0.29697883129119873
1778956432.6263418,0.7617658996582032,8.625513153076172,-1.1033555603027345,-0.259926438331604,-0.026104135438799858,-0.28103604912757874
1778956432.6419554,0.5966592407226563,8.486751708984375,-0.9201365661621094,-0.16712835431098938,-0.034391000866889954,-0.2544853985309601
1778956432.6554885,0.10328521728515626,8.797954559326172,-0.8181985473632812,-0.09304693341255188,-0.006177740171551704,-0.17746759951114655
1778956432.6739702,-0.029788055419921876,9.162596282958985,-0.9195378112792969,-0.003955913707613945,0.014032887294888496,-0.13386687636375427
1778956432.6870909,-0.06391708374023437,9.711205444335938,-1.2147239685058595,0.14481577277183533,-0.03000667132437229,-0.10589009523391724
1778956432.7102313,0.13561798095703126,9.89906478881836,-1.50167724609375,0.11830472946166992,-0.11786352843046188,-0.11679840087890625
1778956432.7256215,-0.11690689086914063,9.964478759765626,-1.5512242126464844,-0.03235994279384613,-0.26138001680374146,-0.153034970164299
1778956432.7413056,-0.13262420654296875,9.998757476806642,-1.718276824951172,-0.10181412100791931,-0.29783204197883606,-0.16159063577651978
1778956432.7593927,0.019010467529296877,9.891131286621095,-1.7431251525878908,-0.15372559428215027,-0.3021102845668793,-0.1553545743227005
1778956432.7761607,-0.18067428588867188,9.623487854003907,-1.4322216796875,-0.10829658061265945,-0.24782566726207733,-0.1658109575510025
1778956432.7927535,-0.07514373779296875,9.649683380126953,-1.3730946350097657,0.029861319810152054,-0.16809843480587006,-0.1545252501964569
1778956432.8096526,0.02544708251953125,9.66674789428711,-1.3198054504394532,0.0899442806839943,-0.15087904036045074,-0.13388819992542267
1778956432.8278453,0.00718505859375,9.6183984375,-1.503772888183594,0.13574086129665375,-0.16205856204032898,-0.10942171514034271
1778956432.8432906,0.03697311401367188,9.515262908935547,-1.6820521545410156,0.08250555396080017,-0.2356579303741455,-0.09169969707727432
1778956432.8614063,-0.04700225830078125,9.427395629882813,-1.6289126586914062,0.047152355313301086,-0.2724684178829193,-0.10261519253253937
1778956432.8764307,-0.42047561645507814,9.490863647460937,-1.4974859619140626,0.017292393371462822,-0.28017228841781616,-0.1155746653676033
1778956432.8935874,-0.7396119689941406,9.742640075683594,-1.3681549072265626,0.043312542140483856,-0.2312537431716919,-0.11228299885988235
1778956432.909467,-0.7313790893554688,9.843829650878908,-1.3233979797363282,0.05788517743349075,-0.21301724016666412,-0.10963475704193115
1778956432.9256072,-0.6054908752441407,9.878258056640625,-1.32444580078125,0.0658312514424324,-0.22604940831661224,-0.11391789466142654
1778956434.5211265,0.21689895629882813,9.569150848388672,-1.9047889709472656,0.03013262152671814,-0.22449032962322235,-0.1223289966583252
1778956434.5434568,-0.45520339965820317,10.53703811645508,-2.3233186340332033,0.26579180359840393,0.10342717170715332,-0.08569455146789551
1778956434.5588953,-0.2746788024902344,10.507250061035156,-2.3543041992187503,0.2650039494037628,0.15580953657627106,-0.022423699498176575
1778956434.581536,0.23875350952148439,9.851463775634766,-2.137405242919922,0.11387638747692108,0.04607401415705681,0.0379653126001358
1778956434.5969985,0.06152206420898438,9.040001220703125,-1.6760646057128907,-0.05824035406112671,-0.18892070651054382,-0.0776001513004303
1778956434.611625,-0.7062313842773438,8.997639312744141,-1.5920892333984376,-0.05694632977247238,-0.2714979648590088,-0.18823321163654327
1778956434.6270695,-0.9069639587402344,9.29402297973633,-1.757794647216797,0.010149882175028324,-0.225776806473732,-0.15896053612232208
1778956434.6413853,-0.7238946533203126,9.920919342041016,-2.158810729980469,0.1593751609325409,-0.13276240229606628,-0.057694658637046814
1778956434.659932,-0.052690429687500005,10.03947280883789,-2.4313938903808596,0.1718980222940445,-0.1981489062309265,-0.01887345127761364
1778956434.676079,0.23575973510742188,9.930349731445313,-2.4159759521484374,0.10570330917835236,-0.2636759281158447,-0.014717594720423222
1778956434.6913216,0.09550140380859376,9.360484771728515,-1.9416123962402345,-0.07481029629707336,-0.3826786279678345,-0.030349034816026688
1778956434.707666,-0.15328125,9.18579803466797,-1.6863931274414063,-0.12382551282644272,-0.39431852102279663,-0.055118296295404434
1778956434.7198102,-0.6237528991699219,9.296268310546875,-1.4723382568359376,-0.05524369701743126,-0.33924612402915955,-0.09192636609077454
1778956434.7360678,-0.6755451965332031,9.486522674560547,-1.4100677490234377,0.0222944188863039,-0.2934996485710144,-0.10617267340421677
1778956434.7502792,-0.6695576477050782,9.758357391357423,-1.212927703857422,0.1582859456539154,-0.2185518741607666,-0.11654461920261383
1778956434.7667625,-0.6277944946289062,9.914782104492188,-1.2783416748046876,0.2117459774017334,-0.1949554681777954,-0.1238081231713295
1778956434.7810287,-0.5926176452636719,9.930649108886719,-1.4636563110351564,0.22896094620227814,-0.22076116502285004,-0.1505441665649414
1778956434.7963822,-0.5948629760742188,9.746681671142579,-1.554217987060547,0.19000673294067383,-0.25367653369903564,-0.16369056701660156
1778956434.81193,-0.784368896484375,9.495653686523438,-1.736239471435547,0.0773337185382843,-0.3170675039291382,-0.1807481199502945
1778956434.8303068,-0.9018745422363281,9.338929595947267,-1.8276992797851563,0.019882261753082275,-0.34446197748184204,-0.13931652903556824
1778956434.8483088,-0.9394464111328126,9.215885467529297,-1.7920733642578126,0.028179343789815903,-0.3505108058452606,-0.10917621105909348
1778956434.86451,-0.9355545043945312,9.14987274169922,-1.7971627807617188,0.1129782497882843,-0.34588855504989624,-0.06429153680801392
1778956434.8798347,-0.8553213500976563,9.306896209716797,-1.8109341430664063,0.15803001821041107,-0.3705880045890808,-0.028644060716032982
1778956434.8951297,-0.8472381591796876,9.363179168701173,-1.7392332458496094,0.12347501516342163,-0.3920883536338806,-0.016306711360812187
1778956434.9114997,-0.8663983154296876,9.559870147705078,-1.5864010620117188,0.026982538402080536,-0.434516578912735,-0.02568982169032097
1778956434.9267347,-0.8927435302734376,9.662257232666017,-1.5042219543457032,0.007735872641205788,-0.4544455409049988,-0.02756575122475624
1778956434.941343,-0.9090596008300782,9.830507354736328,-1.4462924194335938,0.02051907777786255,-0.4550299346446991,-0.03481222689151764
1778956434.9584396,-0.9505233764648438,9.892029418945313,-1.503922576904297,0.04066744074225426,-0.4365270733833313,-0.03887539356946945
1778956434.9753191,-0.882564697265625,9.839937744140625,-1.6085549926757814,0.07270768284797668,-0.40076369047164917,-0.04310529679059982
1778956434.9920766,-0.7328759765625,9.737999725341798,-1.7753082275390626,0.08849523961544037,-0.37725499272346497,-0.026342030614614487
1778956435.010618,-0.6363267517089845,9.629625091552734,-1.8796412658691408,0.07930123060941696,-0.37937629222869873,0.0009782896377146244
1778956435.0271206,-0.5740562438964844,9.591454467773438,-1.8688636779785157,0.05368002504110336,-0.403262197971344,0.004051044583320618
1778956435.0434191,-0.5474116516113281,9.629475402832032,-1.7859361267089844,-0.0033125923946499825,-0.4599233865737915,-0.0032300723250955343
1778956435.0599947,-0.670455780029297,9.713750152587892,-1.8134788513183595,-0.03068513795733452,-0.4618633985519409,0.0003362060524523258
1778956435.0760036,-0.7210505676269532,9.702822875976564,-1.7780026245117189,-0.02932080626487732,-0.44314146041870117,0.012431995011866093
1778956435.0929968,-0.6685098266601562,9.563612365722657,-1.6540603637695312,-0.024676412343978882,-0.40068280696868896,0.04753433167934418
1778956435.1095555,-0.5206173706054688,9.575288085937501,-1.6220269775390626,-0.0437183678150177,-0.3786008954048157,0.05046354979276657
1778956435.1266563,-0.4764591979980469,9.60013641357422,-1.5932867431640625,-0.06014367938041687,-0.3757699728012085,0.044466376304626465
1778956435.1398687,-0.4920268249511719,9.665101318359376,-1.6866925048828125,-0.07355333119630814,-0.38319969177246094,0.04556414484977722
1778956435.1569974,-0.4962181091308594,9.570198669433594,-1.6718733215332031,-0.08204673230648041,-0.3781501352787018,0.055744871497154236
1778956435.1725252,-0.5589376831054688,9.519005126953125,-1.6564553833007813,-0.10654114931821823,-0.37187355756759644,0.06832323968410492
1778956435.216094,-0.6036946105957032,9.473350067138673,-1.6745677185058594,-0.11429513245820999,-0.34615975618362427,0.06719991564750671
1778956435.2332923,-0.4577481079101563,9.390123138427734,-1.6986676025390626,-0.11988690495491028,-0.2783606946468353,0.1126326248049736
1778956435.248747,-0.3550616455078125,9.405990142822267,-1.7354910278320312,-0.15106135606765747,-0.2628324031829834,0.15058347582817078
1778956435.2648778,-0.3387455749511719,9.401499481201173,-1.6868421936035156,-0.15277111530303955,-0.263604998588562,0.16658055782318115
1778956435.2808006,-0.18591339111328126,9.440268859863282,-1.7211209106445313,-0.13177570700645447,-0.2645678222179413,0.21240931749343872
1778956435.296633,-0.06032455444335938,9.509574737548828,-1.7378860473632813,-0.14172810316085815,-0.315677672624588,0.2214597761631012
1778956435.3102646,-0.0425115966796875,9.592801666259765,-1.804647216796875,-0.1577577441930771,-0.3391183316707611,0.23358304798603058
1778956435.3271813,-0.06451583862304688,9.71854019165039,-2.0107685852050783,-0.1644381880760193,-0.3604128956794739,0.25207895040512085
1778956435.3440034,-0.2639012145996094,9.650581512451172,-2.0778291320800784,-0.1585371494293213,-0.3460201025009155,0.24351662397384644
1778956435.3593462,-0.602197723388672,9.40374481201172,-2.204465789794922,-0.17049026489257812,-0.24943765997886658,0.20518067479133606
1778956435.376699,-0.40356079101562503,9.238638153076172,-2.139650573730469,-0.19491544365882874,-0.1529444009065628,0.20693117380142212
1778956435.3930192,-0.09520202636718751,9.269923095703126,-2.1201910400390624,-0.17571870982646942,-0.14858698844909668,0.2075178623199463
1778956435.437852,0.41808059692382815,9.355844421386719,-2.033072204589844,-0.12991228699684143,-0.1906997412443161,0.16456829011440277
1778956435.4569867,-0.0437091064453125,9.51631072998047,-2.089205474853516,-0.07511923462152481,-0.08036323636770248,0.14311066269874573
1778956435.4742951,-0.018860778808593753,9.532926177978515,-2.2484742736816408,-0.02661791816353798,-0.04380330070853233,0.1570160984992981
1778956435.4891002,0.0461041259765625,9.31991912841797,-2.4301963806152345,0.08622023463249207,-0.02848604880273342,0.1854512095451355
1778956435.506932,0.27677444458007816,9.297016754150391,-2.469115447998047,0.08625948429107666,-0.07473569363355637,0.1624087393283844
1778956435.5236087,0.24908203125,9.257648620605469,-2.3105950927734376,0.011274995282292366,-0.1116684079170227,0.13807517290115356
1778956435.5408537,0.16974700927734376,9.46317123413086,-2.002386016845703,-0.170010507106781,-0.1818021833896637,0.1352471560239792
1778956435.5571544,0.2341131591796875,9.799821166992189,-1.8377284240722658,-0.14470994472503662,-0.15243150293827057,0.17219746112823486
1778956435.5738566,0.21390518188476565,9.882000274658203,-1.7202227783203126,-0.06900206953287125,-0.12579263746738434,0.16624155640602112
1778956435.5882518,0.3442840576171875,9.823172607421876,-1.4395564270019532,0.01939411833882332,-0.07147658616304398,0.14703218638896942
1778956435.6029394,0.4537065124511719,9.771979064941407,-1.3753399658203125,0.0214476827532053,-0.04629186913371086,0.14668437838554382
1778956435.6187027,0.5001100158691406,9.632169799804688,-1.4329701232910157,-0.011225184425711632,0.0017874827608466148,0.15965746343135834
1778956435.664685,0.8222401428222657,9.691745910644531,-1.0915301513671876,-0.021128233522176743,0.0768822506070137,0.15466535091400146
1778956435.684007,0.7788304138183594,9.93828323364258,-0.871637420654297,0.049287453293800354,0.11077404767274857,0.16303779184818268
1778956435.6991794,0.6352789306640625,10.088870086669923,-0.8405021667480469,0.08472321182489395,0.13564984500408173,0.15450476109981537
1778956435.7131555,0.536484375,10.509046325683594,-1.0338999938964843,0.13530072569847107,0.20520393550395966,0.15048310160636902
1778956435.7277782,0.5950126647949219,10.650352478027344,-1.1466156005859376,0.13899275660514832,0.22099953889846802,0.15178562700748444
1778956435.7441428,0.790206756591797,10.681787109375001,-1.229692840576172,0.07351668924093246,0.19921022653579712,0.12965504825115204
1778956435.760273,0.8729846191406251,10.600655822753907,-1.1388317871093752,-0.0008217254653573036,0.16781821846961975,0.11860932409763336
1778956435.7773185,1.0488688659667968,10.535541229248047,-0.9062155151367188,-0.14044338464736938,0.09815315902233124,0.09393460303544998
1778956435.7930028,1.0385403442382812,10.375523986816408,-0.5803431701660157,-0.20478662848472595,0.07221332937479019,0.08744554221630096
1778956435.8081458,0.9797126770019532,10.174342346191407,-0.38215530395507813,-0.20278963446617126,0.0855013057589531,0.09707075357437134
1778956435.8246338,0.8219407653808594,9.752070465087892,-0.2213896179199219,-0.13327915966510773,0.1534101814031601,0.11707907170057297
1778956435.8933132,0.7523355102539063,9.851912841796876,-0.5502557373046876,-0.08343351632356644,0.08841874450445175,0.09961861371994019
1778956435.9159174,0.70892578125,10.187215576171875,-0.6017486572265626,-0.11597683280706406,0.03521057218313217,0.060219548642635345
1778956435.9289,0.6774911499023438,10.255024566650391,-0.6253994750976563,-0.11175089329481125,0.025026807561516762,0.03993663936853409
1778956435.9416034,0.692010955810547,10.122400360107422,-0.6589297485351563,-0.11218482255935669,0.0266184713691473,0.03504126891493797
1778956435.9570258,0.7038363647460938,9.937235412597657,-0.6827302551269532,-0.13075610995292664,0.02552417851984501,0.04188559204339981
1778956435.9694176,0.7677534484863282,9.745633850097656,-0.6632707214355469,-0.15925592184066772,0.004004630260169506,0.05260420963168144
1778956435.9825864,1.0386900329589843,9.483528900146485,-0.6038442993164063,-0.19181008636951447,-0.05660200119018555,0.06621483713388443
1778956435.9982688,1.0615924072265626,9.277108154296876,-0.5489085388183594,-0.1816171109676361,-0.08479448407888412,0.0689949095249176
1778956436.0130336,0.8906478881835938,9.033564605712892,-0.40266265869140627,-0.12649771571159363,-0.12034907937049866,0.052342988550662994
1778956436.0289872,0.8695417785644531,9.020990753173828,-0.43349853515625003,-0.08905737847089767,-0.12701275944709778,0.05777582898736
1778956436.0440822,0.86939208984375,9.153016204833985,-0.4646337890625,-0.04201972484588623,-0.1458190530538559,0.06449100375175476
1778956436.0619352,0.784368896484375,9.44311294555664,-0.5108876037597656,-0.03805546462535858,-0.18192055821418762,0.045551661401987076
1778956436.1070096,0.7896080017089844,9.617350616455079,-0.6402186584472657,-0.033619411289691925,-0.2230939418077469,0.03778347373008728
1778956436.124271,0.9422904968261719,9.617949371337891,-0.6225553894042969,-0.1077200323343277,-0.30331143736839294,0.005426081363111734
1778956436.1397338,0.9961784362792969,9.644444274902344,-0.6307882690429688,-0.1523900330066681,-0.3383919298648834,-0.006314730737358332
1778956436.1545572,0.97477294921875,9.657766571044922,-0.602197723388672,-0.17393545806407928,-0.37688639760017395,-0.022593606263399124
1778956436.1706777,0.9518705749511719,9.464817810058594,-0.5605842590332032,-0.11875492334365845,-0.3623417019844055,-0.01968991570174694
1778956436.1865554,1.021475830078125,9.36497543334961,-0.5201683044433594,-0.07908978313207626,-0.36088886857032776,-0.019249169155955315
1778956436.2031736,1.18074462890625,9.339079284667969,-0.5780978393554688,-0.013102586381137371,-0.3768722414970398,-0.015436320565640926
1778956436.220285,1.3274395751953125,9.492659912109376,-0.7969427490234375,0.0128285838291049,-0.41041016578674316,-0.00375917530618608
1778956436.236482,1.4171031188964844,9.577982482910157,-0.9060658264160156,0.005385048687458038,-0.43323132395744324,0.0040257773362100124
1778956436.2518752,1.3210029602050781,9.588161315917969,-0.9066645812988282,-0.027157053351402283,-0.476021945476532,-0.0053083328530192375
1778956436.2671552,1.2760963439941406,9.517657928466797,-0.8738827514648438,-0.03317650035023689,-0.4872223436832428,-0.014065589755773544
1778956436.2820067,1.234632568359375,9.378447418212891,-0.869242401123047,-0.006956150289624929,-0.4834272563457489,-0.016285067424178123
1778956437.3514473,-0.45999343872070314,9.572743377685548,-1.8338365173339846,-0.002358539029955864,-0.18976086378097534,0.24467436969280243
1778956437.3675213,-0.30761032104492186,9.54220687866211,-1.746867370605469,-0.0654061809182167,-0.22943566739559174,0.22286787629127502
1778956437.3838775,-0.4285588073730469,9.498048706054687,-1.686991882324219,-0.13249342143535614,-0.20862990617752075,0.24201221764087677
1778956437.3976288,-0.26884094238281253,9.50628158569336,-1.683549041748047,-0.1395876705646515,-0.20111681520938873,0.2591904401779175
1778956437.4122221,0.09729766845703125,9.514514465332033,-1.5795153808593752,-0.11982498317956924,-0.2039898782968521,0.24840892851352692
1778956437.4267826,0.02365081787109375,9.482780456542969,-1.4611116027832032,-0.10964184999465942,-0.1956706941127777,0.22773799300193787
1778956437.4434695,-0.34817596435546877,9.44640609741211,-1.4031820678710938,-0.07754170894622803,-0.12494008243083954,0.24125270545482635
1778956437.4592996,-0.4159849548339844,9.440418548583985,-1.467099151611328,-0.06416843086481094,-0.05994248390197754,0.2524862289428711
1778956437.473699,-0.35715728759765625,9.613309020996095,-1.7000148010253908,-0.003838204313069582,0.008151324465870857,0.23495888710021973
1778956437.4909139,-0.2555186462402344,9.713450775146486,-1.881287841796875,0.04255831986665726,0.03717951476573944,0.22538961470127106
1778956437.5054216,-0.2089654541015625,9.784403228759766,-2.0300784301757813,0.056476980447769165,0.04858504980802536,0.20662149786949158
1778956437.5217578,-0.1407073974609375,9.840835876464844,-2.1667442321777344,0.02158346027135849,0.04107927531003952,0.18765392899513245
1778956437.5386899,0.013621673583984376,9.813442840576172,-2.2528152465820312,-0.08208295702934265,-0.0018918202258646488,0.1561996042728424
1778956437.5545037,0.10448272705078125,9.552385711669922,-1.9693048095703125,-0.15213607251644135,-0.03618239611387253,0.1431213915348053
1778956437.5692635,0.11990066528320313,9.48427734375,-1.8514997863769531,-0.15224340558052063,-0.03143185004591942,0.13741344213485718
1778956437.5857224,0.15567626953125,9.506580963134766,-1.6305592346191407,-0.08946409076452255,0.0027966597117483616,0.12887851893901825
1778956437.6024644,0.24189697265625001,9.41332489013672,-1.6928297424316407,-0.023952260613441467,0.04829501733183861,0.1308995932340622
1778956437.618547,0.35161880493164066,9.311237182617187,-1.695524139404297,-0.026283496990799904,0.04757308214902878,0.15486297011375427
1778956437.6348147,0.5486091613769531,9.258995819091798,-1.6805552673339845,-0.08997129648923874,0.042108871042728424,0.1892923265695572
1778956437.6496477,0.6966513061523438,9.315428466796876,-1.6842974853515627,-0.09963084757328033,0.03986196219921112,0.19619417190551758
1778956437.6656632,0.8518785095214845,9.417815551757814,-1.5923886108398437,-0.05931706726551056,0.015686865895986557,0.19932177662849426
1778956437.6815352,0.8773255920410157,9.455088043212891,-1.4964381408691407,-0.046875279396772385,0.016499558463692665,0.2016477733850479
1778956437.6961641,0.8818162536621095,9.488019561767578,-1.5067666625976563,0.011082280427217484,0.03644096106290817,0.2176288664340973
1778956437.7115915,0.7967930603027344,9.502539367675782,-1.5913407897949219,0.06444776803255081,0.09239932149648666,0.20641672611236572
1778956437.727189,0.8240364074707032,9.580227813720704,-1.5419435119628908,0.06982815265655518,0.12680469453334808,0.20072820782661438
1778956437.7430232,1.041534118652344,10.108628997802734,-1.6206797790527345,0.1241321936249733,0.17260420322418213,0.21958763897418976
1778956437.7588658,1.2175680541992189,10.420879669189453,-1.751956787109375,0.16724517941474915,0.1814185082912445,0.23050153255462646
1778956437.7745879,1.6408877563476563,10.503507843017578,-1.7160314941406252,0.0718449056148529,0.11536448448896408,0.22542423009872437
1778956437.7926292,1.8772462463378907,9.954599304199219,-1.0508148193359375,-0.26835349202156067,-0.042856279760599136,0.13636654615402222
1778956437.8062994,1.8823356628417969,9.708061981201173,-0.7307803344726563,-0.3833354711532593,-0.10159256309270859,0.10550796240568161
1778956437.8224401,1.6283139038085939,9.57573715209961,-0.22782623291015627,-0.3271493911743164,-0.06757736206054688,0.09136709570884705
1778956438.8479733,0.08322692871093751,8.912017364501953,-2.20581298828125,-0.26672154664993286,-0.2666693925857544,-0.01544323842972517
1778956438.8681505,0.3279679870605469,8.884474639892579,-2.3294558715820313,-0.19319969415664673,-0.1534053087234497,-0.012390443123877048
1778956438.8841875,0.3993695068359375,8.935368804931642,-2.0924986267089847,-0.18748533725738525,-0.05829878896474838,0.009177401661872864
1778956438.90047,0.28186386108398437,8.92578872680664,-1.931433563232422,-0.20311623811721802,-0.009686779230833054,0.04196437820792198
1778956438.9161952,0.18007553100585938,8.957223358154298,-1.8410215759277344,-0.17633485794067383,0.10030503571033478,0.09425050765275955
1778956438.9321554,0.3330574035644531,9.090596008300782,-2.0845651245117187,-0.14288440346717834,0.14691857993602753,0.0981280505657196
1778956438.9469795,0.6948550415039063,9.287736053466798,-2.048639831542969,-0.22412171959877014,0.13251611590385437,0.010820598341524601
1778956438.9624784,-0.019609222412109377,9.215735778808595,-1.7718653869628906,-0.3272629380226135,0.16842417418956757,-0.025684714317321777
1778956438.9783604,-0.3438349914550781,9.277557220458984,-1.8940113830566407,-0.3007495701313019,0.2745484709739685,0.010318294167518616
1778956438.996938,-0.13801300048828125,9.429341583251954,-2.122286682128906,-0.19599926471710205,0.5221823453903198,0.10554178804159164
1778956439.0135472,0.23082000732421876,9.513616333007812,-1.80344970703125,-0.17328208684921265,0.6509041786193848,0.08776943385601044
1778956439.029396,0.37122802734375004,9.947563934326173,-2.0315753173828126,-0.01857363060116768,0.6960989832878113,0.08617791533470154
1778956439.0451534,1.2639715576171875,11.902049560546876,-4.541106719970704,0.6276633739471436,0.7652905583381653,0.15581746399402618
1778956439.061505,1.2376263427734375,11.482322387695312,-4.383484497070313,0.4605151414871216,0.6655706167221069,0.10125461965799332
1778956439.0759184,1.3367202758789063,9.701176300048829,-3.2783326721191406,-0.42899376153945923,0.30731120705604553,-0.014223245903849602
1778956439.0917141,1.7326469421386719,9.646988983154298,-3.189866638183594,-0.6369717121124268,0.22672733664512634,-0.014050399884581566
1778956439.1086926,1.7501605224609376,9.504335632324219,-2.1965322875976563,-0.46231821179389954,0.257840096950531,0.021962996572256088
1778956439.1266108,1.533710632324219,9.532327423095703,-1.4865586853027344,-0.07040613144636154,0.4506451487541199,0.09404093027114868
1778956439.142292,1.7257612609863282,9.679621124267578,-1.7161811828613283,0.09379003942012787,0.6477155685424805,0.18657296895980835
1778956439.1591225,1.8479072570800783,9.617350616455079,-1.9568806457519532,0.09585612267255783,0.6926314234733582,0.23061178624629974
1778956439.178294,1.8805393981933596,9.120833129882813,-2.343077545166016,0.03960332274436951,0.6973952054977417,0.288852721452713
1778956439.1937673,1.7908758544921877,8.591982879638673,-2.5081842041015627,-0.03522888198494911,0.6170050501823425,0.27344051003456116
1778956439.2097907,1.7562977600097658,8.447832641601563,-2.451302490234375,-0.0899890810251236,0.5490094423294067,0.21919378638267517
1778956439.2264442,1.7806970214843751,8.691226501464843,-2.209106140136719,-0.1827794909477234,0.4526914954185486,0.1275128424167633
1778956439.2423606,1.8010546875000002,9.31468002319336,-1.9814295959472656,-0.19645380973815918,0.43360352516174316,0.10432419180870056
1778956439.2586799,1.8146763610839844,9.453291778564454,-1.7787510681152345,-0.18273480236530304,0.4478421211242676,0.1004042848944664
1778956439.2750094,1.8160235595703127,9.500892791748047,-1.5528707885742188,-0.1447836309671402,0.49864745140075684,0.10522457212209702
1778956439.2927308,2.3737637329101564,9.631271667480469,-1.6386424255371095,-0.1464960128068924,0.47506770491600037,0.07639876753091812
1778956439.308755,2.442470855712891,9.460177459716798,-1.4696438598632813,-0.18721844255924225,0.42607784271240234,0.04202486574649811
1778956439.3227632,2.099983062744141,9.279952239990235,-1.3389656066894533,-0.21444129943847656,0.4151485860347748,0.02389541082084179
1778956439.3425195,1.9511924743652345,9.282946014404297,-1.4389576721191406,-0.13211417198181152,0.44768407940864563,0.040046967566013336
1778956439.3563707,2.1243823242187503,9.317823486328125,-1.4431489562988282,-0.10036636143922806,0.43701332807540894,0.03982938826084137
1778956439.3739958,2.4098387145996094,9.389674072265626,-1.4244378662109376,-0.12730851769447327,0.37827107310295105,0.010325768031179905
1778956439.389853,2.3137385559082033,9.414672088623048,-1.331481170654297,-0.15017904341220856,0.35373592376708984,0.0038334918208420277
1778956439.4049146,2.100132751464844,9.399703216552735,-1.3401631164550782,-0.15629690885543823,0.3331426680088043,0.024854913353919983
1778956439.4201875,2.468816070556641,9.489815826416017,-1.45856689453125,-0.1295364797115326,0.2924480140209198,0.02582324668765068
1778956439.4353232,2.458637237548828,9.468260650634766,-1.411864013671875,-0.13942958414554596,0.25861281156539917,0.005564580205827951
1778956439.4497023,2.0414547729492187,9.233399047851563,-1.3572276306152344,-0.13800981640815735,0.23656824231147766,-0.011105198413133621
1778956439.4628055,1.854942626953125,9.180259552001953,-1.5139517211914064,-0.11598570644855499,0.24985653162002563,-0.006057157646864653
1778956439.4793012,1.9423608398437502,9.104816436767578,-1.7176780700683594,-0.08976732939481735,0.2542675733566284,0.01819913275539875
1778956439.4939668,2.1436921691894533,9.06844207763672,-1.6986676025390626,-0.09868013113737106,0.2285773754119873,0.026755070313811302
1778956439.5095837,2.4947122192382816,9.085356903076173,-1.6693286132812502,-0.11700040847063065,0.13791409134864807,0.052646853029727936
1778956439.5253804,2.548899536132813,9.147477722167968,-1.6522640991210937,-0.1274801790714264,0.09559956938028336,0.044857654720544815
1778956439.540863,2.3114932250976565,9.299711151123047,-1.5179933166503907,-0.1395639032125473,0.04411894828081131,0.03137514740228653
1778956439.5526402,2.2281166076660157,9.407786407470704,-1.5236814880371095,-0.12871257960796356,0.03865893557667732,0.031181268393993378
1778956439.5673845,2.2432351684570313,9.521100769042969,-1.5563136291503907,-0.11986638605594635,0.03589007258415222,0.024463731795549393
1778956439.5828102,2.3667283630371094,9.470655670166016,-1.450184326171875,-0.11192087829113007,0.018252065405249596,0.01972917839884758
1778956439.5973625,2.3499632263183594,9.344168701171876,-1.393751678466797,-0.10623636096715927,0.011388299986720085,0.02538626454770565
1778956439.6105776,2.592458953857422,9.39371566772461,-1.368603973388672,-0.08737459778785706,-0.028635457158088684,0.04061179235577583
1778956439.6259956,2.741399230957031,9.542805633544923,-1.4126124572753906,-0.08446787297725677,-0.07617703825235367,0.024471396580338478
1778956439.6432436,2.595901794433594,9.580826568603516,-1.2946577453613282,-0.11888023465871811,-0.14773942530155182,-0.015064002946019173
1778956439.659579,2.3822959899902343,9.396260375976563,-1.2671150207519533,-0.12935733795166016,-0.16171519458293915,-0.021378111094236374
1778956439.6746173,2.4201672363281252,9.238937530517578,-1.279090118408203,-0.12771736085414886,-0.1663522869348526,-0.027397122234106064
1778956439.6904457,2.4830364990234375,9.052874450683595,-1.2102333068847657,-0.11992068588733673,-0.19991613924503326,-0.052784696221351624
1778956439.7076733,2.5057891845703124,9.023385772705078,-1.1668235778808593,-0.11258932948112488,-0.22000151872634888,-0.05692538619041443
1778956439.7245522,2.5975483703613285,9.161548461914062,-1.1970606994628907,-0.0684410035610199,-0.27197685837745667,-0.08370935171842575
1778956439.7409265,2.3496638488769532,9.0100634765625,-1.1349398803710937,-0.016161661595106125,-0.29401731491088867,-0.10241803526878357
1778956439.7562416,2.211501159667969,8.935368804931642,-1.2079879760742187,0.011403653770685196,-0.3022339642047882,-0.09621527045965195
1778956439.7727191,2.1911434936523437,8.864266662597657,-1.3701008605957032,0.013668371364474297,-0.36020636558532715,-0.11682362109422684
1778956439.7936482,2.166145477294922,8.86770950317383,-1.414259033203125,-0.0037409095093607903,-0.4488162100315094,-0.15355287492275238
1778956439.8096135,2.185605010986328,9.078321533203125,-1.55915771484375,0.017642861232161522,-0.5237653255462646,-0.17086981236934662
1778956439.8263366,2.153272247314453,9.13939453125,-1.5799644470214844,0.02158285677433014,-0.5812950134277344,-0.2107330560684204
1778956439.8439088,2.3236180114746094,9.062903594970704,-1.5275733947753907,-0.02263859659433365,-0.6839586496353149,-0.23271691799163818
1778956439.8592021,2.295626220703125,9.156908111572266,-1.5944842529296877,-0.03239884972572327,-0.7184392809867859,-0.19057214260101318
1778956439.8756008,2.235301666259766,9.162446594238281,-1.6136444091796875,-0.01810406520962715,-0.7359511852264404,-0.17212869226932526
1778956439.8917844,2.185155944824219,9.022337951660157,-1.7341438293457032,0.030586346983909607,-0.742959201335907,-0.15293718874454498
1778956439.9052732,2.088307342529297,8.992250518798828,-1.869163055419922,0.05625450611114502,-0.7388513684272766,-0.14881351590156555
1778956439.921188,2.013013916015625,9.238338775634766,-2.1953347778320316,0.09065832197666168,-0.7547289133071899,-0.16004297137260437
1778956439.936978,2.043101348876953,9.529483337402345,-2.3037094116210937,0.09758120775222778,-0.7614433169364929,-0.16665400564670563
1778956441.0803213,1.8251545715332032,10.975476379394532,-0.9803114318847657,0.3168814182281494,0.08296745270490646,0.14882029592990875
1778956441.1326804,1.807042236328125,9.768685913085937,-0.0640667724609375,-0.21810372173786163,0.07935310155153275,-0.032491717487573624
1778956441.1518514,1.806892547607422,9.30509994506836,0.19609222412109376,-0.10657230764627457,0.12986545264720917,-0.03624754399061203
1778956441.1674476,1.726659393310547,9.201365661621095,0.20836669921875,-0.013218659907579422,0.16636034846305847,-0.013474585488438606
1778956441.182568,1.4926959228515626,9.249864807128906,0.028740234375,0.132859006524086,0.2432064265012741,0.07323393225669861
1778956441.196698,1.405726776123047,9.305698699951172,-0.1323248291015625,0.16528533399105072,0.25825557112693787,0.12509049475193024
1778956441.2099705,1.184337158203125,9.435927886962892,-0.3641926574707031,0.1436004936695099,0.23697976768016815,0.14334407448768616
1778956441.2255929,1.0588980102539063,9.538764038085938,-0.44921585083007814,0.10065755248069763,0.2064543515443802,0.11986537277698517
1778956441.2399304,1.2015513610839845,9.627379760742189,-0.5155279541015625,-0.010998915880918503,0.09274844825267792,0.08991891890764236
1778956441.2568548,1.5049703979492188,9.588311004638673,-0.5047503662109375,-0.05595395341515541,0.03025846742093563,0.09260285645723343
1778956441.2729928,1.774559783935547,9.413923645019532,-0.47136978149414066,-0.09594306349754333,-0.058085840195417404,0.10792319476604462
1778956441.2907197,1.6977694702148438,9.432934112548828,-0.4429289245605469,-0.05187239497900009,-0.05078146606683731,0.12786440551280975
1778956441.306072,1.6630416870117188,9.449699249267578,-0.47915359497070314,-0.004772523883730173,-0.017066912725567818,0.14067581295967102
1778956441.352604,2.0242405700683594,9.092242584228517,-0.6200106811523438,0.1225503608584404,0.04118857905268669,0.09037351608276367
1778956441.3701396,1.902843017578125,9.098379821777344,-0.398770751953125,0.06404592841863632,0.0070041753351688385,-0.010102242231369019
1778956441.3844774,1.8309924316406252,9.202862548828126,-0.38200561523437504,0.0966813713312149,0.029491908848285675,-0.03417135775089264
1778956441.4002655,1.5253280639648439,9.235794067382812,-0.4105961608886719,0.25932368636131287,0.11260227859020233,-0.06607124209403992
1778956441.4153593,1.450184326171875,9.149723052978516,-0.31344818115234374,0.30289721488952637,0.1348489224910736,-0.09169404953718185
1778956441.4311771,1.8215620422363281,9.192683715820314,-0.25761428833007816,0.3446568250656128,0.15227438509464264,-0.09749571233987808
1778956441.445334,1.866618347167969,9.177265777587891,-0.14025833129882814,0.4228222370147705,0.15327227115631104,-0.08846013993024826
1778956441.4593692,1.6149916076660158,8.879834289550782,-0.305364990234375,0.7822384834289551,0.24495482444763184,-0.07938278466463089
1778956441.47659,1.144519958496094,8.671018524169922,-0.4483177185058594,0.9109477996826172,0.2798115909099579,-0.11101581901311874
1778956441.4953384,0.7414082336425781,8.53869369506836,-0.61072998046875,0.8126732110977173,0.32423776388168335,-0.20039865374565125
1778956441.5098689,1.5886463928222656,8.737779693603516,-0.9175918579101563,0.5184425711631775,0.3169934153556824,-0.1733657270669937
1778956441.5262563,2.284698944091797,8.715476074218751,-0.7158114624023438,0.5408810377120972,0.1941271871328354,-0.1137271374464035
1778956441.542543,2.2123992919921878,8.832233276367187,-0.8641529846191407,0.7417912483215332,0.18347640335559845,-0.13306541740894318
1778956441.5592256,1.8279986572265625,8.689130859375,-1.8818865966796876,1.2558146715164185,0.3571131229400635,-0.18770761787891388
1778956441.575649,1.19990478515625,8.526419219970704,-2.312391357421875,1.3413803577423096,0.4689575731754303,-0.1882629096508026
1778956441.593358,1.13763427734375,8.139473876953126,-2.998265075683594,1.0198006629943848,0.6023320555686951,-0.13683779537677765
1778956441.6094003,1.5471826171875,6.905889129638672,-3.456911315917969,0.7270968556404114,0.5071208477020264,-0.07483460754156113
1778956441.6250386,2.2064117431640624,6.387966156005859,-3.4913397216796875,0.736454427242279,0.4063735008239746,-0.06653273850679398
1778956441.641518,2.4950115966796877,5.287754058837891,-3.5928286743164066,0.8401746153831482,0.19479548931121826,-0.15663069486618042
1778956441.654814,2.163750457763672,4.837490386962891,-3.5512152099609375,0.8848792910575867,0.1767272800207138,-0.1537451446056366
1778956441.6710384,1.3367202758789063,3.9874081420898437,-3.4036221313476562,1.022213101387024,0.14224334061145782,-0.12339363247156143
1778956441.685453,1.368753662109375,2.8993208312988283,-3.989952850341797,1.352765679359436,0.20945672690868378,-0.05464788153767586
1778956441.6993213,1.9742445373535158,2.2064117431640624,-4.268972625732422,1.5394396781921387,0.2387629598379135,0.08643653988838196
1778956441.7142973,2.5626708984375,1.5036231994628908,-4.220922546386719,1.6182262897491455,0.21404770016670227,0.20930179953575134
1778956441.7303145,2.728675689697266,0.18531463623046876,-2.9159362792968753,1.2935259342193604,0.024820633232593536,0.18218015134334564
1778956441.7455456,1.4567706298828125,0.1023870849609375,-0.7333250427246094,1.3885836601257324,0.10763276368379593,-0.09785256534814835
1778956441.7609744,0.5063969421386719,0.9964778137207032,-0.30416748046875003,1.636742115020752,0.5443392395973206,-0.062209080904722214
1778956441.7782595,-0.9839039611816407,3.766317901611328,-0.8425978088378907,1.6708964109420776,1.3969887495040894,0.2667296826839447
1778956441.794578,-0.5986051940917969,4.209097137451172,-1.4326707458496095,1.6950775384902954,1.7854644060134888,0.4401443302631378
1778956441.8113053,-0.05313949584960938,4.434079284667969,-2.7737319946289065,1.9275106191635132,2.009937286376953,0.8072122931480408
1778956441.827261,0.2118095397949219,5.915997619628906,-4.803660736083985,2.0227088928222656,1.878325343132019,0.6628175973892212
1778956441.843175,0.670455780029297,7.319928131103516,-5.2347642517089845,1.988667607307434,1.6161171197891235,0.5347075462341309
1778956441.8593729,2.9487181091308594,9.991722106933594,-5.347030792236328,1.8616397380828857,1.0538119077682495,0.7018874883651733
1778956441.875801,1.6830999755859375,10.704090728759766,-6.8618806457519534,1.9741384983062744,1.3239246606826782,1.0380090475082397
1778956441.8925319,0.841699676513672,9.785151672363282,-7.020700378417969,2.035020589828491,1.4377391338348389,1.0594687461853027
1778956441.9088311,1.0207273864746094,8.54587875366211,-7.265591125488282,2.0966525077819824,1.6316571235656738,0.8008538484573364
1778956441.9230816,1.6531622314453125,8.191565551757813,-7.181615753173828,2.1032187938690186,1.714053988456726,0.6597670316696167
1778956441.9396281,3.8095779418945312,8.99180145263672,-7.121440887451172,2.1802282333374023,1.696495771408081,0.8407889008522034
1778956441.9537385,5.3352053833007815,12.185260620117187,-9.437275085449219,2.593456506729126,1.63102388381958,1.1540265083312988
1778956441.967055,4.404291229248047,11.991862792968751,-10.311756591796875,3.172356367111206,1.3724756240844727,1.3745417594909668
1778956441.9824502,3.177292785644531,10.261910247802735,-9.77736785888672,3.032194137573242,1.0962553024291992,1.0696008205413818
1778956441.9975893,1.8440153503417969,6.521937561035156,-5.708079986572266,3.062469482421875,0.8220247626304626,0.3106140196323395
1778956442.0171604,0.5369334411621094,9.599387969970703,-6.033652954101563,3.2350847721099854,1.261198878288269,0.29416102170944214
1778956442.0331843,1.9523899841308594,10.84360061645508,-7.849377136230469,3.3731420040130615,1.4279335737228394,0.5119260549545288
1778956442.0483391,6.402635650634766,10.694510650634767,-12.038565673828126,3.1850357055664062,1.2556644678115845,0.7581601142883301
1778956442.0631542,3.8504429626464844,9.30988998413086,-12.539124755859376,2.8522729873657227,0.9602367877960205,0.6168133616447449
1778956442.0767984,1.4060261535644532,5.144501953125,-9.713001708984375,2.5744197368621826,0.5957597494125366,0.1476469784975052
1778956442.329532,1.6447796630859375,7.970175933837891,-7.630681915283204,2.7196052074432373,0.396514356136322,0.009234754368662834
1778956442.3538795,2.355352020263672,5.306614837646484,-10.036329345703125,0.3306754231452942,0.4208706021308899,-0.25519606471061707
1778956442.3705733,4.195325775146484,2.096240844726563,-11.242071990966798,0.5268598794937134,0.37350010871887207,-0.2516631484031677
1778956442.3877223,6.172863464355469,-0.2377056884765625,-8.371341705322266,-0.06241931393742561,0.26450812816619873,-0.5041356086730957
1778956442.4040067,6.5713348388671875,2.305805053710938,-5.786666564941407,0.03244469687342644,0.11525921523571014,-0.6643915772438049
1778956442.4197571,5.824986877441407,3.5859429931640627,-4.941823425292969,0.14078395068645477,0.2876797318458557,-0.5553790926933289
1778956442.4347234,4.31627426147461,3.124302978515625,-4.503385162353516,-0.08346880972385406,0.8566635847091675,-0.34319382905960083
1778956442.45115,4.456981658935547,1.028511199951172,-4.857698364257812,0.21397903561592102,0.7948576211929321,-0.1692800670862198
1778956442.466351,4.950954437255859,-0.3159928894042969,-5.338049468994141,0.34399423003196716,0.7013118863105774,-0.037952423095703125
1778956442.4829044,4.315076751708984,-1.2876223754882814,-6.176156616210938,0.10932740569114685,0.4266778528690338,0.24419988691806793
1778956442.4967623,3.5054104614257815,-0.06855743408203126,-5.73128173828125,-0.28461936116218567,0.375706285238266,0.31535688042640686
1778956442.5108426,1.5599061584472658,2.4773483276367188,-3.65958984375,-0.07519130408763885,0.29208293557167053,0.2788257896900177
1778956442.5265791,1.152902526855469,2.381996612548828,-3.564687194824219,0.10522295534610748,0.09595461189746857,0.12869271636009216
1778956442.5745609,3.5560052490234377,3.5655853271484377,-5.792205047607422,-1.1105273962020874,-0.760845959186554,0.06506660580635071
1778956442.5924318,3.875740356445313,5.8668997192382815,-6.563101959228516,-1.1412805318832397,-0.7518643140792847,0.278766930103302
1778956442.6073976,3.8422100830078127,6.332281951904297,-9.142088928222657,-0.78443443775177,-0.7801114916801453,0.4223906695842743
1778956442.6239939,3.617078247070313,5.392386474609375,-12.285851440429688,-0.46778005361557007,-0.6263483166694641,0.7729265689849854
1778956442.6374228,3.744313659667969,3.7293447875976566,-12.075538787841797,-0.48081010580062866,-0.771453320980072,0.6616472005844116
1778956442.65336,4.283342742919922,3.2922537231445315,-12.177776184082031,-0.43630826473236084,-0.9002647995948792,0.7162473201751709
1778956442.667261,4.762945404052735,4.064048767089844,-13.67795654296875,-0.3511444628238678,-0.8837563395500183,1.0266169309616089
1778956442.6815116,7.03222640991211,3.8872663879394533,-13.874946899414063,-0.30554476380348206,-1.1662945747375488,1.1713382005691528
1778956442.6992824,7.311844940185547,3.0859826660156253,-11.93393325805664,-0.29922881722450256,-1.3602006435394287,0.8551405072212219
1778956442.715854,6.0501187133789065,3.176694030761719,-8.948541412353515,-0.18926167488098145,-1.2263212203979492,0.42981821298599243
1778956442.731828,5.7097265625,3.460503845214844,-7.900720367431641,-0.19413010776042938,-0.7442044615745544,0.3050880432128906
1778956442.7495127,5.91854232788086,3.6925213623046877,-7.201224975585938,-0.26324155926704407,-0.4999283254146576,0.2877340614795685
1778956442.764931,5.549709320068359,4.423750762939453,-6.469546508789063,-0.3809097707271576,-0.023010512813925743,0.3790155053138733
1778956442.779273,4.656965789794922,4.238735504150391,-6.076763305664063,-0.37407127022743225,0.3073904514312744,0.3628072440624237
1778956442.7925048,3.823199615478516,4.1939785766601565,-6.018833770751954,-0.3692309558391571,0.3763817846775055,0.32648223638534546
1778956442.8064444,2.968626708984375,4.0423439025878904,-6.347101135253906,-0.3970508277416229,0.39691704511642456,0.32653871178627014
1778956442.821431,2.9774583435058597,3.8202058410644533,-7.855963439941407,-0.5107383131980896,0.24486494064331055,0.4211365878582001
1778956442.836283,3.2757879638671876,3.6256105041503908,-8.35143310546875,-0.5151016712188721,0.07278932631015778,0.44931867718696594
1778956442.8515072,2.676284637451172,2.877615966796875,-9.167685699462892,-0.5276448726654053,-0.20063185691833496,0.46991878747940063
1778956442.8648713,2.5340803527832034,2.363734588623047,-9.36063446044922,-0.5187593698501587,-0.33101969957351685,0.49470776319503784
1778956442.8868868,2.7159521484375,2.6420059204101562,-9.139544219970704,-0.4427337646484375,-0.4470324218273163,0.6034355759620667
1778956443.0148284,3.113226013183594,4.825066223144532,-7.704478454589844,-0.3525713384151459,-0.8739515542984009,0.9256106615066528
1778956443.0506327,3.905977478027344,3.3714390563964844,-8.434809722900392,-0.26190027594566345,-0.7629757523536682,0.763522207736969
1778956443.078441,3.9435493469238283,4.2583447265625,-8.718619537353517,-0.3823389410972595,-0.8346096873283386,0.707116961479187
1778956443.125895,3.2856674194335938,4.276007995605469,-7.950866088867188,-0.3581545352935791,-0.5005937218666077,0.45602646470069885
1778956443.163907,3.802093505859375,5.214107208251954,-8.393645324707032,-0.38154229521751404,-0.32363638281822205,0.2482314556837082
1778956443.1925578,3.9142103576660157,4.996459808349609,-8.402776336669922,-0.39944925904273987,-0.31301477551460266,0.19459481537342072
1778956443.2181082,3.1328352355957034,3.677402801513672,-8.724307708740234,-0.4673870801925659,-0.2463148683309555,0.1463250368833542
1778956443.2393465,3.1403196716308597,4.502487030029297,-8.37104232788086,-0.5517740845680237,-0.3808463215827942,0.01839715801179409
1778956443.2549217,3.225941619873047,4.989424438476563,-8.18857177734375,-0.5482882857322693,-0.3756049573421478,0.01412598043680191
1778956443.2801204,2.6050328063964847,5.072202301025391,-7.170389099121094,-0.40557318925857544,-0.4085513651371002,0.04329107329249382
1778956443.3117685,2.316133575439453,3.8061351013183597,-8.991053009033203,-0.36207324266433716,-0.40585845708847046,0.12834443151950836
1778956443.3312345,2.7569668579101565,4.304748229980469,-9.159452819824219,-0.49854087829589844,-0.4785327911376953,0.28014326095581055
1778956444.3944294,4.274511108398437,7.115303649902344,-4.802912292480469,0.07839618623256683,0.13999530673027039,0.07646255940198898
1778956444.4089856,4.177213439941406,7.264393615722657,-4.617298278808594,-0.02533811889588833,0.1430557817220688,0.07904581725597382
1778956444.4248216,4.230203247070313,7.43698471069336,-4.7117518615722656,-0.003722838591784239,0.1877441555261612,0.0722222626209259
1778956444.4433308,4.504283294677735,7.1720356750488286,-4.641847229003907,0.16751480102539062,0.24664196372032166,0.08394498378038406
1778956444.46089,5.172194366455078,7.034322052001953,-4.449048156738281,0.20040005445480347,0.16925902664661407,0.11175104975700378
1778956444.4796793,5.238805847167969,7.3815998840332036,-4.512815551757813,0.049881044775247574,0.14019572734832764,0.05462571606040001
1778956444.4952354,5.044958953857422,7.484286346435547,-4.589605865478516,0.006269856356084347,0.17989379167556763,0.05002696067094803
1778956444.5078208,5.1362690734863286,7.572303314208985,-4.967270507812501,0.00891481339931488,0.3251073360443115,0.12448657304048538
1778956444.522794,5.345234527587891,7.46811996459961,-5.033432922363281,0.026336947456002235,0.31836846470832825,0.11685448884963989
1778956444.5378838,5.683680725097656,6.818470916748047,-4.718487854003906,0.046759817749261856,0.29298606514930725,-0.0331781730055809
1778956444.5526545,5.473368072509766,6.798412628173828,-4.634512481689454,0.08927439153194427,0.3426159918308258,-0.07209201902151108
1778956444.5676255,4.678970031738282,7.51796630859375,-4.734055480957031,0.15706226229667664,0.5842270851135254,-0.07469628751277924
1778956444.582195,4.5409570312500005,7.7794725036621095,-4.480033721923828,0.1370890885591507,0.6680207848548889,-0.06970526278018951
1778956444.5999453,4.479734344482422,7.994126129150391,-3.689677276611328,0.11580053716897964,0.7043815851211548,-0.06325457245111465
1778956444.6185803,4.350403289794922,8.118367767333984,-3.59971435546875,0.1652727872133255,0.7038967609405518,-0.0554928332567215
1778956444.632548,4.2695713806152344,8.05774383544922,-3.8769378662109375,0.2606843411922455,0.6975593566894531,-0.019217614084482193
1778956444.64677,4.293820953369141,7.172933807373047,-3.9701939392089844,0.2646503448486328,0.6690075993537903,0.010367175564169884
1778956444.6605268,4.436474304199219,7.070247344970704,-4.303999786376953,0.2029259204864502,0.571782112121582,0.0335657075047493
1778956444.6760392,4.508025512695313,7.152127075195313,-4.313280487060547,0.11323997378349304,0.4966444969177246,0.034523382782936096
1778956444.6919177,4.554129638671875,7.398365020751953,-3.936963043212891,-0.04462149366736412,0.36005884408950806,0.05133138597011566
1778956444.709756,4.695136413574219,7.233108673095703,-3.5016682434082034,-0.014483125880360603,0.31907960772514343,0.11613065004348755
1778956444.7263582,4.7116021728515625,7.246730346679688,-4.126169586181641,0.09560076892375946,0.3091856837272644,0.15118025243282318
1778956444.7434928,4.622537384033204,7.260651397705079,-4.879253540039063,0.4073360562324524,0.32760682702064514,0.2024596482515335
1778956444.7612789,4.309687957763672,6.600973205566406,-5.744154968261719,0.6425489783287048,0.33722734451293945,0.17067719995975494
1778956444.79022,3.829486541748047,5.8071739196777346,-5.444777526855469,0.5433312058448792,0.3244369924068451,0.01357173454016447
1778956444.8073308,3.4212854003906252,6.751560058593751,-5.0834289550781255,0.5360288619995117,0.40639224648475647,-0.10703535377979279
1778956444.8255053,3.593427429199219,7.738607482910156,-5.016069030761719,0.7133121490478516,0.5690935254096985,-0.17758306860923767
1778956444.83803,3.852538604736328,7.889942779541016,-4.8542555236816405,0.6919699311256409,0.6040701866149902,-0.37244120240211487
1778956444.853836,4.04039794921875,7.874375152587891,-4.707111511230469,0.6193663477897644,0.5951603055000305,-0.5007874369621277
1778956444.8713217,4.255051574707031,7.741451568603516,-4.492158508300782,0.5030759572982788,0.5844686031341553,-0.6830462217330933
1778956444.8869143,4.528083801269531,7.770042114257813,-4.814288635253907,0.48329323530197144,0.6490708589553833,-0.6994797587394714
1778956444.9015036,4.664450225830079,7.670648803710938,-4.937033386230469,0.4389886260032654,0.6825987100601196,-0.678360104560852
1778956444.9151385,4.627477111816407,7.37995330810547,-5.129832458496094,0.40193799138069153,0.768644392490387,-0.6562291979789734
1778956444.9287927,4.561464385986328,7.430398406982422,-5.140610046386719,0.44325968623161316,0.7836904525756836,-0.6365625858306885
1778956444.9423697,4.701722717285157,7.507338409423829,-5.172044677734375,0.5043089389801025,0.749748170375824,-0.6151116490364075
1778956444.967135,5.311105499267579,7.713908843994141,-5.163512420654297,0.5402522683143616,0.6415298581123352,-0.47426050901412964
1778956444.9832232,4.616998901367188,7.610174560546875,-4.163591766357422,0.22793956100940704,0.6408289670944214,-0.43574637174606323
1778956444.9973087,4.264931030273438,7.669900360107422,-3.264261932373047,-0.14201588928699493,0.545543909072876,-0.6109757423400879
1778956445.015355,4.4493475341796875,8.229885864257813,-3.258124694824219,-0.20621247589588165,0.44977906346321106,-0.7511346340179443
1778956445.030074,4.6111610412597654,8.550519104003907,-3.4923875427246096,-0.09805682301521301,0.4386642873287201,-0.7424831986427307
1778956445.062863,4.61325668334961,8.432115325927734,-3.6651283264160157,0.21391735970973969,0.514938473701477,-0.6221843957901001
1778956445.0789738,5.011877746582032,8.18902084350586,-3.4525703430175785,0.22465701401233673,0.5862550735473633,-0.6197691559791565
1778956445.0960438,5.1802775573730475,8.06597671508789,-2.4828868103027344,0.3181697428226471,0.5652341842651367,-0.7069405913352966
1778956445.1125436,5.436844024658203,7.950117645263672,-2.3213726806640627,0.3017406761646271,0.5116462707519531,-0.6948463320732117
1778956445.1281793,5.5518049621582035,7.635322265625001,-2.875220947265625,0.05019441246986389,0.3805481195449829,-0.6255804896354675
1778956445.1423874,5.2876043701171875,7.632029113769532,-3.141217803955078,-0.056542154401540756,0.3288830518722534,-0.648870050907135
1778956445.1560652,4.4933560180664065,8.587492218017578,-3.7413198852539065,0.11016848683357239,0.2586241364479065,-0.71332848072052
1778956445.1732202,4.109105072021484,8.775201873779297,-3.769311676025391,0.2739495038986206,0.313150018453598,-0.7304558157920837
1778956445.1877184,3.878734130859375,8.442593536376954,-3.639381866455078,0.49247872829437256,0.42122000455856323,-0.6892553567886353
1778956445.2040493,4.036356353759766,7.738607482910156,-3.4148487854003906,0.5525869727134705,0.3993168771266937,-0.6771518588066101
1778956445.2199519,4.14577880859375,7.480993194580079,-3.5450779724121095,0.52625972032547,0.33344677090644836,-0.6999279856681824
1778956445.2345185,4.462819519042969,7.665260009765626,-3.7821849060058597,0.300540566444397,0.1392230987548828,-0.7136209011077881
1778956445.2491255,4.3683659362792975,7.694898376464844,-3.8549336242675785,0.1514139026403427,-2.343812957406044e-05,-0.719097912311554
1778956445.2647722,3.7711079406738284,7.405699768066406,-3.476670227050781,-0.1765238344669342,-0.37601879239082336,-0.7048087120056152
1778956445.2782755,3.7943096923828126,7.078779602050782,-3.440146179199219,-0.3252357840538025,-0.5437595844268799,-0.6595565676689148
1778956445.2947922,3.1799871826171877,6.451733551025391,-3.2278875732421874,-0.4798218011856079,-0.7273828387260437,-0.4747244119644165
1778956445.3135903,3.0455667114257814,6.226452026367188,-3.1846275329589844,-0.4549826979637146,-0.7512292265892029,-0.32934027910232544
1778956445.334796,3.272794189453125,6.560257873535156,-3.4001792907714847,-0.37453171610832214,-0.7193498015403748,-0.060375429689884186
1778956445.3608408,4.492906951904297,7.792345733642579,-4.417164459228516,-0.39388397336006165,-0.8753473162651062,0.0772106796503067
1778956445.376161,5.16126708984375,8.670120391845703,-5.461392974853516,-0.2537626326084137,-0.9339768886566162,0.28117474913597107
1778956445.392367,5.735173645019532,9.59923828125,-6.107000427246094,0.07018166035413742,-0.7565816640853882,0.4621468782424927
1778956445.404693,5.662275238037109,10.727891235351564,-5.987548828125,0.2217247635126114,-0.6901015639305115,0.5948032140731812
1778956445.4194806,4.748874664306641,10.454409942626954,-5.315296783447266,0.34572073817253113,-0.6328681111335754,0.4327826201915741
1778956445.432562,3.6812947082519534,8.049960021972657,-4.685855712890625,0.14402982592582703,-0.716450572013855,0.07948048412799835
1778956445.4790046,3.6982095336914065,6.606960754394532,-4.622537384033204,-0.08767320215702057,-0.7170939445495605,0.005943973083049059
1778956445.4982672,3.1756462097167972,8.157586212158204,-4.707560577392578,-0.04439343884587288,-0.35208892822265625,0.14950726926326752
1778956445.7536945,2.415227508544922,10.334808654785157,-5.353018341064454,-0.18621893227100372,-0.1697881668806076,0.07283484935760498
1778956445.7736416,3.2721954345703126,9.106313323974609,-4.823120269775391,0.042088985443115234,-0.19462962448596954,-0.1673596203327179
1778956445.7875075,3.3883538818359376,8.864266662597657,-4.780758361816407,0.12439262866973877,-0.12198095768690109,-0.11364656686782837
1778956445.803504,3.539389801025391,8.38975341796875,-5.3280203247070315,0.20363344252109528,-0.09828159213066101,-0.021466046571731567
1778956445.8165302,3.7007542419433594,8.383616180419923,-5.627996520996094,0.20235273241996765,-0.11370477080345154,-0.023444773629307747
1778956445.8336875,3.1222073364257814,8.477471008300782,-5.773793334960938,0.12722982466220856,-0.18693473935127258,-0.15992674231529236
1778956445.8481245,2.8740234375,8.415200500488282,-5.6293437194824225,0.08922319114208221,-0.22804135084152222,-0.254144549369812
1778956445.862101,2.548450469970703,8.025560760498047,-4.911137237548829,0.016367770731449127,-0.25808507204055786,-0.3487826883792877
1778956445.87648,2.7678941345214847,7.959697723388672,-4.775369567871094,0.004478885792195797,-0.23970501124858856,-0.3178335726261139
1778956445.9190972,3.1130763244628907,7.769593048095704,-4.678520965576172,-0.0013723508454859257,-0.23170892894268036,-0.18846704065799713
1778956445.9345276,2.7045758056640627,6.31566650390625,-5.634283447265625,-0.057861004024744034,-0.14913839101791382,0.01878523640334606
1778956445.9482396,2.634521484375,6.168672180175782,-5.931565246582031,-0.07156715542078018,-0.11988279968500137,0.10931272804737091
1778956445.9614413,2.096839599609375,6.156547393798829,-6.059549102783204,-0.07358929514884949,-0.0425477996468544,0.22082433104515076
1778956445.9764454,1.5801141357421875,6.336922302246094,-5.914351043701172,-0.04783545434474945,-0.03989475965499878,0.16815553605556488
1778956445.990492,1.295555877685547,7.110513610839844,-5.5745576477050784,-0.03412265330553055,-0.06490693986415863,0.09801667928695679
1778956446.0061536,1.9845730590820314,7.434739379882813,-5.556744689941406,-0.06632593274116516,-0.08212842792272568,0.1901540756225586
1778956446.0222635,2.5247996520996097,7.643106079101563,-5.241949310302735,-0.1337994486093521,-0.1654195785522461,0.3419007360935211
1778956446.0392578,2.1844075012207034,7.703879699707032,-5.052892456054688,-0.1691097766160965,-0.17812207341194153,0.35289880633354187
1778956446.0531833,1.7420773315429687,7.702233123779298,-4.927153930664063,-0.2641827464103699,-0.12596355378627777,0.3038864731788635
1778956446.0681329,2.129471740722656,7.753875732421875,-4.800367584228516,-0.33755508065223694,-0.09984246641397476,0.2555807828903198
1778956446.0863578,2.38783447265625,7.7933935546875,-4.7961763000488284,-0.4727519452571869,-0.14525386691093445,0.17793071269989014
1778956446.101946,3.1618748474121094,7.9890367126464845,-4.76174789428711,-0.5374277830123901,-0.20303989946842194,0.1978791058063507
1778956446.1463711,2.6298811340332033,7.6175093078613285,-4.188889160156251,-0.7756909728050232,-0.11992495507001877,0.21678699553012848
1778956446.1601448,2.4864793395996094,7.4292008972167976,-3.601959686279297,-0.8984251618385315,-0.050068870186805725,0.0710069015622139
1778956446.1756396,2.4228616333007813,7.509284362792969,-3.4898428344726566,-0.9172422885894775,-0.007575739175081253,0.013168906792998314
1778956446.189561,2.6436524963378907,7.669151916503907,-3.3750315856933595,-0.9212437868118286,0.05626468360424042,-0.031126394867897034
1778956446.2071693,2.7699897766113284,7.808961181640625,-3.359913024902344,-0.9303829073905945,0.06974413245916367,-0.03306487575173378
1778956446.2239835,3.0159283447265626,8.041727142333984,-3.5739678955078125,-0.9116803407669067,0.13648173213005066,0.06441933661699295
1778956446.2396493,2.8436366271972657,7.975564727783204,-3.7015026855468753,-0.975645124912262,0.1703195869922638,0.13463141024112701
1778956446.2538645,2.594853973388672,7.788603515625001,-3.5497183227539066,-1.0583893060684204,0.16691872477531433,0.07600989937782288
1778956446.2667696,2.1246817016601565,7.501051483154297,-3.324137420654297,-1.1272629499435425,0.21204602718353271,-0.09684014320373535
1778956446.2806923,2.2182371520996096,7.577991485595703,-3.4584082031250003,-1.095571756362915,0.23843297362327576,-0.12943029403686523
1778956446.2959895,2.4553440856933597,7.762258300781251,-3.6886294555664065,-1.0197395086288452,0.2631223201751709,-0.1368032544851303
1778956446.311835,3.2915052795410156,8.272247772216797,-4.214336242675781,-0.8208444714546204,0.23872600495815277,-0.05627484619617462
1778956446.3265414,3.291654968261719,9.122330017089844,-4.517306213378906,-0.715277373790741,0.19967590272426605,-0.052727244794368744
1778956446.3742065,2.4733067321777344,9.372908935546876,-3.1255004882812503,-0.9558385014533997,0.1961279660463333,-0.3153573274612427
1778956446.3886552,2.458637237548828,8.654403076171876,-2.2043161010742187,-0.9650761485099792,0.18038514256477356,-0.3527155816555023
1778956446.4041083,2.734812927246094,8.418343963623048,-1.984123992919922,-0.9275559782981873,0.18850618600845337,-0.2970565855503082
1778956446.4157615,2.6767337036132814,7.8022251892089844,-1.4673985290527345,-0.7724223136901855,0.2190655767917633,-0.1672362983226776
1778956446.4287488,2.4580384826660158,7.556136932373048,-1.200952606201172,-0.7320400476455688,0.21680909395217896,-0.14266011118888855
1778956446.4427285,2.4601341247558595,7.406148834228516,-1.0791059875488282,-0.7301901578903198,0.1952487826347351,-0.12877222895622253
1778956446.456346,2.3631358337402344,7.324119415283204,-0.991388397216797,-0.7768278121948242,0.11443372070789337,-0.1432773917913437
1778956446.4891074,2.2481748962402346,6.955735473632813,-1.0614427185058595,-0.7623553276062012,0.023614903911948204,-0.14244917035102844
1778956446.5047271,2.212698669433594,6.669680328369141,-0.7869136047363282,-0.7939217686653137,0.0034403959289193153,-0.1440712809562683
1778956446.5210772,2.369722137451172,6.643784179687501,-0.5736071777343751,-0.8408278226852417,0.014675245620310307,-0.10607969015836716
1778956446.5364366,2.9722192382812502,7.400310974121094,-0.7845185852050781,-0.7976348400115967,-0.0026078717783093452,-0.06314394623041153
1778956446.550731,3.0949639892578125,7.963739318847657,-1.003363494873047,-0.6265817880630493,-0.0890386775135994,-0.00036206282675266266
1778956446.5666645,3.117267608642578,9.08430908203125,-1.0400372314453126,-0.6641027331352234,-0.11890207231044769,0.011212557554244995
1778956446.5815885,3.1521450805664064,9.497599639892579,-0.7276368713378907,-0.7448338866233826,-0.07202601432800293,0.02792685106396675
1778956446.5970125,3.65719482421875,10.309660949707032,-0.0047900390625,-0.6786372661590576,0.042625922709703445,0.12268400192260742
1778956446.6113133,4.219874725341797,10.771300964355468,-0.00508941650390625,-0.508862316608429,0.06257539242506027,0.1897498518228531
1778956446.6264777,5.1168095397949225,11.670780487060547,0.12843292236328124,-0.4232594966888428,-0.027257448062300682,0.2402563989162445
1778956446.6445818,4.838238830566406,11.826456756591798,0.5119354248046876,-0.5217425227165222,-0.05593561381101608,0.1796679049730301
1778956446.6599011,3.9913000488281254,12.13646209716797,0.9403445434570313,-0.5181640386581421,-0.017434827983379364,0.017918694764375687
1778956446.6864727,3.672313385009766,11.708502044677735,1.0690768432617188,-0.24858710169792175,0.12649506330490112,-0.09404512494802475
1778956446.700857,3.6082466125488284,10.829679565429688,1.337468719482422,-0.1320001780986786,0.19548100233078003,-0.14277027547359467
1778956446.718457,3.7046461486816407,10.036778411865235,1.1144325256347656,-0.07653409242630005,0.1487889587879181,-0.07166369259357452
1778956446.7336867,3.457061004638672,9.500443725585939,0.9916877746582031,-0.010949492454528809,0.10620100796222687,-0.0014110994525253773
1778956446.7494123,2.9271629333496096,8.467741241455078,0.44382705688476565,0.1663748025894165,0.044471073895692825,0.16374513506889343
1778956446.7640388,2.2109024047851564,7.6544824218750005,0.07514373779296875,0.1664867252111435,-0.028736144304275513,0.24933139979839325
1778956447.9397922,2.6562263488769533,9.012308807373048,-1.4473402404785156,0.18831951916217804,0.38688549399375916,-0.13136082887649536
1778956447.953292,2.465373229980469,8.953630828857422,-1.8019528198242187,0.2680189907550812,0.4104689061641693,-0.17170129716396332
1778956447.965278,2.2841001892089845,8.906778259277344,-2.415377197265625,0.4201350510120392,0.49542051553726196,-0.1407005339860916
1778956447.9807062,2.4230113220214844,9.197473754882813,-2.5722509765625,0.42906489968299866,0.49397629499435425,-0.149191215634346
1778956447.9966006,2.552791442871094,9.961484985351563,-2.675087127685547,0.44224581122398376,0.408017098903656,-0.2047967165708542
1778956448.010179,2.4281007385253908,10.388097839355469,-2.8842022705078127,0.4610652029514313,0.43527448177337646,-0.18295608460903168
1778956448.0264566,1.7658778381347657,10.7919580078125,-3.280278625488281,0.6064717173576355,0.5561087727546692,-0.13000984489917755
1778956448.0421107,1.755249938964844,10.575358428955079,-3.181484069824219,0.7997397184371948,0.5854102373123169,-0.1238909661769867
1778956448.0554547,2.741399230957031,9.763596496582032,-3.885470123291016,1.033869981765747,0.6232438087463379,-0.03521346673369408
1778956448.070893,3.0195208740234376,9.121880950927736,-4.099824371337891,1.2135087251663208,0.544190526008606,0.21891918778419495
1778956448.0852106,3.6682717895507815,8.088280334472657,-3.8311331176757815,0.6281681060791016,0.28997525572776794,0.31095775961875916
1778956448.0999124,3.7702098083496094,7.410040740966798,-2.8234286499023438,0.14822782576084137,0.10097098350524902,0.30764076113700867
1778956448.1145287,3.672612762451172,7.111711120605469,0.17184265136718752,-0.27471497654914856,-0.031568493694067,0.20880180597305298
1778956448.1289973,3.7115318298339846,7.444618835449219,1.6645385742187502,-0.448497474193573,-0.05241281911730766,0.0624944232404232
1778956448.1446702,4.042792968750001,9.243577880859375,2.4830364990234375,0.2834664285182953,-0.07750213146209717,0.06175590306520462
1778956448.159982,4.1833506774902345,10.323282623291016,1.4081217956542968,0.6940781474113464,-0.0003892327658832073,0.06706438213586807
1778956448.1765852,3.9279817199707034,11.371852111816407,-1.8467097473144531,1.0940593481063843,0.36156874895095825,0.12533435225486755
1778956448.1933603,3.6494110107421878,10.624905395507813,-2.611319732666016,1.0128005743026733,0.4727022349834442,0.10170117765665054
1778956448.2093928,4.3295965576171875,8.323890380859375,-1.9236497497558596,0.4631326198577881,0.30907511711120605,-0.03608405217528343
1778956448.225469,4.352199554443359,7.479047241210938,-0.16091537475585938,-0.1413697451353073,0.017101377248764038,-0.09955711662769318
1778956448.2428575,3.576811981201172,7.691904602050782,0.7047344970703125,-0.3107798099517822,-0.09025038033723831,-0.14847218990325928
1778956448.258702,2.6423052978515624,8.607101440429688,0.9068142700195313,-0.34764766693115234,-0.16058601438999176,-0.2170560508966446
1778956448.2759433,2.652334442138672,8.839867401123048,0.5285508728027344,-0.3157186508178711,-0.18765857815742493,-0.2596471607685089
1778956448.2924075,2.91473876953125,8.634494476318359,-0.31793884277343754,-0.3723669648170471,-0.30421996116638184,-0.31708279252052307
1778956448.3090181,3.3825160217285157,8.065827026367188,-0.5426216125488281,-0.6338070034980774,-0.37797990441322327,-0.1972317099571228
1778956448.3263412,3.5319053649902346,8.934919738769532,0.07634124755859376,-0.5470073819160461,-0.476959764957428,0.02613958530128002
1778956448.3429968,3.340004425048828,10.552306365966798,-1.1189231872558594,0.33855098485946655,-0.5455260276794434,0.061055757105350494
1778956448.3588386,2.7934909057617188,12.836406555175781,-4.807402954101563,1.54532790184021,0.10079232603311539,0.2600831389427185
1778956448.3827183,3.477418670654297,10.739566955566406,-3.7112324523925784,0.3173235356807709,-0.017629437148571014,0.2506083548069
1778956448.3999305,7.734416198730469,8.886270904541016,-2.913391571044922,0.23613576591014862,-1.0819823741912842,-0.33963143825531006
1778956448.4171824,4.029171295166016,8.65844467163086,-5.006339263916016,0.9077097177505493,-0.31509074568748474,0.3796910345554352
1778956448.435156,0.04565505981445313,3.712130584716797,-3.7606297302246094,1.4091846942901611,0.5734965205192566,0.585003137588501
1778956448.451303,-0.00868194580078125,0.6779402160644532,-3.515738983154297,1.5449329614639282,0.6180571913719177,0.19461892545223236
1778956448.4760275,1.755399627685547,-2.3243664550781253,-5.930667114257813,1.7666196823120117,0.4008232057094574,-0.32843607664108276
1778956448.4917803,0.23141876220703125,-0.8813671875000001,-3.377576293945313,1.2538371086120605,0.2623662054538727,-0.6061947345733643
1778956448.5093727,-0.7705975341796876,3.429817657470703,-3.6110906982421875,1.1534228324890137,0.5660372376441956,-0.7849569916725159
1778956448.5602477,7.236701202392578,18.048118743896485,-5.861211547851563,1.593546748161316,0.34715715050697327,-1.4806325435638428
1778956448.576949,6.195017395019532,11.124117279052735,-5.034480743408204,0.6673937439918518,0.4581376016139984,-1.1150206327438354
1778956448.59328,5.906866607666016,7.883206787109375,-3.9221438598632816,0.5544388890266418,0.4751742482185364,-0.8431079387664795
1778956448.6093888,6.080355834960938,7.269483032226563,-4.573439483642578,1.06953763961792,0.23792114853858948,-0.7155790328979492
1778956448.6263328,5.1748887634277345,6.535110168457032,-8.479117584228517,2.1953892707824707,-0.27161699533462524,-0.8557049036026001
1778956448.643052,2.2802082824707033,8.197104034423829,-11.66179916381836,2.0452499389648438,0.1669766753911972,-1.4419348239898682
1778956448.6593568,1.3629158020019532,9.245074768066408,-10.751242675781251,1.7586426734924316,0.553005039691925,-1.4267399311065674
1778956448.6750126,0.6602769470214844,9.290580139160157,-7.3815998840332036,2.892302989959717,1.044782042503357,-0.8998956084251404
1778956448.6935527,-1.3425581359863281,8.310867462158203,-5.795647888183594,3.8854968547821045,1.6415419578552246,-0.518821656703949
1778956448.709523,-1.524280242919922,7.5805361938476565,-5.048701171875,3.825636148452759,1.654350757598877,-0.524493932723999
1778956448.723092,-1.2707075500488283,5.371879119873047,-3.4504747009277343,3.6097145080566406,1.4079866409301758,-0.7193582057952881
1778956448.739163,-1.216520233154297,5.543871459960938,-2.63212646484375,3.3623015880584717,1.1471084356307983,-0.7758931517601013
1778956448.7569082,-0.9460327148437501,6.93882064819336,-2.1966819763183594,2.997544765472412,0.6326943039894104,-1.1196539402008057
1778956448.7770104,0.37751495361328125,7.698790283203126,-2.221230926513672,3.1912362575531006,0.4686570465564728,-1.546830654144287
1778956448.7932951,1.1249107360839845,5.567073211669922,-1.7953665161132812,3.050131320953369,0.6275818943977356,-1.8460804224014282
1778956448.808557,0.7659571838378907,5.929768981933594,-1.1981085205078126,2.6338841915130615,0.8003167510032654,-1.9530071020126343
1778956448.8258014,0.55564453125,8.12585220336914,-1.7307009887695313,1.9692394733428955,0.9209116101264954,-1.8674049377441406
1778956448.839882,1.1476634216308594,9.073980560302735,-2.39262451171875,1.8568037748336792,1.096620798110962,-1.7998298406600952
1778956448.8565824,1.3998889160156252,6.5943869018554695,-3.0900242614746096,1.2642205953598022,1.1752136945724487,-1.7647719383239746
1778956448.8720558,-0.34323623657226565,1.3774356079101564,-4.752018127441406,0.5650307536125183,1.3892148733139038,-1.8984099626541138
1778956448.8896224,-1.1358380126953125,1.0205776977539063,-5.495821380615235,0.3782328963279724,1.5326265096664429,-1.9022361040115356
1778956448.9080682,0.025896148681640627,5.572312316894531,-10.155032501220704,0.8682283163070679,1.707137942314148,-1.932257890701294
1778956448.9257362,3.2733929443359377,6.01434310913086,-15.787070617675782,1.3831044435501099,0.7835551500320435,-2.233910322189331
1778956448.9424233,2.648592224121094,2.435884552001953,-21.029918060302734,1.1063648462295532,0.017114901915192604,-1.5246139764785767
1778956449.268063,0.6224057006835938,2.928061065673828,-10.00249969482422,-0.8880160450935364,0.39695459604263306,0.6135091781616211
1778956449.2912323,0.32227981567382813,4.0529718017578125,-9.14657958984375,-1.3379863500595093,0.5231073498725891,0.866361141204834
1778956449.3049147,0.4655319213867188,3.3425491333007815,-10.033485260009765,-1.3598828315734863,0.360367089509964,0.897818386554718
1778956449.320974,1.7841398620605469,3.397335205078125,-10.006990356445312,-1.0680348873138428,0.3565884828567505,0.8406639695167542
1778956449.3377097,2.427202606201172,6.5448399353027344,-12.006981353759766,-1.143932819366455,0.0944129005074501,0.7075037956237793
1778956449.351572,3.4349070739746095,5.797444152832032,-14.216686248779297,-1.4053915739059448,-0.014139676466584206,0.622263491153717
1778956449.3693004,1.936223602294922,3.193758544921875,-12.82383270263672,-1.636723518371582,-0.02173377200961113,0.0650210753083229
1778956449.3832877,1.402283935546875,2.868185577392578,-11.44190643310547,-1.6412051916122437,-0.01686991937458515,-0.10949168354272842
1778956449.3992674,1.8007553100585938,3.5983671569824223,-9.608069915771486,-1.5742847919464111,-0.1374150514602661,0.04946042597293854
1778956449.4188845,2.597248992919922,5.517226867675782,-10.436147918701172,-1.5471316576004028,-0.2338816225528717,0.32581639289855957
1778956449.4325554,2.9533584594726565,6.045927429199219,-11.332184600830079,-1.536117672920227,-0.2526409327983856,0.3313634991645813
1778956449.4463964,2.5355772399902343,5.3887939453125,-11.682156829833986,-1.475425362586975,-0.2697659134864807,0.26588141918182373
1778956449.4653986,2.1953347778320316,5.2082693481445315,-11.227552185058594,-1.459153652191162,-0.2682807147502899,0.27861931920051575
1778956449.4796572,1.6615447998046875,5.054838409423828,-9.944570159912109,-1.565226674079895,-0.32052838802337646,0.2634395658969879
1778956449.4943902,1.7592915344238282,5.6872732543945315,-9.349108428955079,-1.666771411895752,-0.3847971558570862,0.2872477173805237
1778956449.509858,1.8977536010742189,7.208260345458985,-8.620423736572267,-1.834194302558899,-0.5667842030525208,0.326200932264328
1778956449.5263402,2.2502705383300783,7.753576354980469,-8.363408203125001,-1.8348815441131592,-0.5747829675674438,0.32126638293266296
1778956449.5391095,2.506238250732422,7.301666107177735,-7.177574157714844,-1.7263069152832031,-0.4722145199775696,0.3281506597995758
1778956449.554399,2.4574397277832034,6.540049896240235,-6.627168731689453,-1.6698955297470093,-0.36589741706848145,0.33959853649139404
1778956449.5718284,2.4477099609375,4.513863372802734,-5.882617034912109,-1.69184148311615,-0.22914336621761322,0.3749365508556366
1778956449.5943234,2.728975067138672,4.0125558471679685,-5.249733123779297,-1.8236488103866577,-0.25051558017730713,0.40042856335639954
1778956449.611125,2.6096731567382814,5.311554565429688,-5.313201141357422,-1.838294267654419,-0.36870238184928894,0.36532360315322876
1778956449.6283832,1.325792999267578,5.6979011535644535,-5.337301025390626,-1.767589807510376,-0.3726709187030792,0.32769259810447693
1778956449.6441143,1.0002200317382812,5.607638854980469,-5.2840118408203125,-1.7165831327438354,-0.34512829780578613,0.3244675099849701
1778956449.6599896,0.7631130981445313,4.860542449951172,-4.786147155761719,-1.7092318534851074,-0.4298807978630066,0.2450917512178421
1778956449.6765263,0.6483018493652344,4.401147766113281,-4.2944197082519535,-1.8359440565109253,-0.5734573006629944,0.1522216945886612
1778956449.6908767,0.85981201171875,4.655169525146484,-4.466112670898438,-1.9032968282699585,-0.654034435749054,0.16446584463119507
1778956449.7071438,0.9868977355957032,5.341192932128907,-5.028343505859375,-1.9044115543365479,-0.7497572898864746,0.28843870759010315
1778956449.7255,0.5894741821289062,5.508395233154297,-5.556295623779297,-1.826278567314148,-0.7120629549026489,0.455087274312973
1778956449.7423856,0.38694534301757816,5.267995147705078,-5.6751484680175786,-1.7816004753112793,-0.6828478574752808,0.5020460486412048
1778956449.7592041,0.7530839538574219,5.3368519592285155,-5.684878234863281,-1.7038439512252808,-0.7271096110343933,0.5378029346466064
1778956449.7732556,0.9824070739746095,5.694158935546875,-5.7666082763671875,-1.6968307495117188,-0.7304308414459229,0.5098093748092651
1778956449.787891,1.3717474365234377,6.782545623779297,-6.2739033508300786,-1.5607396364212036,-0.7266427278518677,0.4589715600013733
1778956449.8041582,1.684896240234375,7.659871215820313,-6.478228454589844,-1.4273185729980469,-0.7000216841697693,0.44332146644592285
1778956449.8257475,1.5495776367187502,8.459059295654297,-5.244194641113282,-1.135225772857666,-0.5163697600364685,0.5460278987884521
1778956449.842592,1.0650352478027345,8.107440490722656,-4.620741119384766,-1.1346651315689087,-0.44935357570648193,0.496293306350708
1778956449.8597374,1.1931687927246095,7.683522033691407,-3.888014831542969,-1.242026925086975,-0.38502824306488037,0.27671921253204346
1778956449.8797016,2.0745359802246095,8.582702178955078,-4.014202423095703,-1.266364336013794,-0.4783736765384674,0.12458930164575577
1778956449.8939648,2.4192691040039063,9.198671264648437,-4.345762939453126,-1.181359887123108,-0.523044764995575,0.09791961312294006
1778956449.9096925,2.0865110778808593,8.982969818115235,-4.207600250244141,-1.0641531944274902,-0.5188029408454895,0.08159581571817398
1778956451.0145311,3.748954010009766,8.644523620605469,-0.4903802490234375,-0.18456633388996124,-0.22797004878520966,0.14449746906757355
1778956451.0370991,3.8217027282714846,8.625513153076172,-0.06975494384765625,-0.14310099184513092,-0.27876999974250793,0.1700318604707718
1778956451.0683913,3.380270690917969,8.737180938720703,-0.06631210327148437,-0.09210637211799622,-0.3413280248641968,0.1313355714082718
1778956451.083159,3.473826141357422,8.968899078369141,-0.44622207641601563,-0.10844440758228302,-0.3191239535808563,0.0948396772146225
1778956451.1009629,3.3251852416992187,9.017398223876954,-0.47062133789062505,-0.1036268100142479,-0.29540950059890747,0.11036214977502823
1778956451.116072,3.0496083068847657,8.837472381591798,-0.32721954345703125,-0.035814329981803894,-0.295652836561203,0.12481214851140976
1778956451.16246,2.93868896484375,8.778794403076173,-0.32407608032226565,-0.0005328208208084106,-0.29596900939941406,0.1278020441532135
1778956451.1843717,2.874322814941406,9.158255310058594,-0.7276368713378907,-0.10808907449245453,-0.32181674242019653,0.16610053181648254
1778956451.2013805,2.707719268798828,9.176068267822266,-0.7056326293945313,-0.0652264952659607,-0.3017357885837555,0.11459126323461533
1778956451.2214556,2.751428375244141,8.912466430664063,-0.4453239440917969,-0.03862963616847992,-0.317474365234375,0.004337968770414591
1778956451.235037,2.6339227294921876,8.826694793701172,-0.2442919921875,-0.016741454601287842,-0.30223798751831055,-0.015420522540807724
1778956451.2497315,2.79498779296875,9.033115539550781,-0.2770738220214844,0.030024336650967598,-0.2871893346309662,0.04461159184575081
1778956451.2646623,2.988834686279297,9.240733795166015,-0.42766067504882815,0.0948302298784256,-0.2688460052013397,0.09870385378599167
1778956451.2798977,2.624492340087891,9.258247375488281,-0.4400848388671875,0.1538945436477661,-0.23268312215805054,0.10497244447469711
1778956451.2945821,2.651885375976563,9.344168701171876,-0.43125320434570313,0.10262443125247955,-0.1973140686750412,0.058291733264923096
1778956451.3090518,2.6551785278320312,9.280550994873048,-0.4182302856445313,0.06265883147716522,-0.18816861510276794,0.023604363203048706
1778956451.3268356,2.8048672485351562,9.166338500976563,-0.5150788879394531,0.027110962197184563,-0.20357751846313477,-0.061954498291015625
1778956451.3445787,2.9035121154785157,9.066945190429688,-0.374820556640625,-0.0331757515668869,-0.2602512538433075,-0.13058120012283325
1778956451.3931255,2.9475205993652347,9.049281921386719,0.00718505859375,0.010326588526368141,-0.3234047293663025,-0.023857710883021355
1778956451.4118505,2.65607666015625,9.124575347900391,0.05912704467773438,0.014575669541954994,-0.2769491374492645,-0.013759300112724304
1778956451.427616,2.308798828125,9.071286163330079,0.04221221923828125,0.0013936078175902367,-0.22006356716156006,-0.07923997193574905
1778956451.4429696,2.362836456298828,9.129964141845704,-0.11720626831054688,0.0016370201483368874,-0.21602089703083038,-0.1052345559000969
1778956451.4623036,2.65128662109375,9.374106445312501,-0.28306137084960936,-0.033451586961746216,-0.309680700302124,-0.1459050327539444
1778956451.4801326,2.775677947998047,9.569450225830078,-0.2644999694824219,-0.0746583417057991,-0.39110466837882996,-0.12138213962316513
1778956451.495077,2.7402017211914065,9.587113494873048,-0.19130218505859375,-0.07947047799825668,-0.41315603256225586,-0.04240047186613083
1778956451.5107992,2.611319732666016,9.406439208984375,-0.12304412841796876,-0.06716159731149673,-0.40104585886001587,-0.027182437479496002
1778956451.5259106,2.482587432861328,8.981622619628906,-0.08711883544921875,-0.016795096918940544,-0.3241637945175171,-0.04595506936311722
1778956451.542005,2.5381219482421877,8.948391723632813,-0.12543914794921876,0.021635383367538452,-0.2959047257900238,-0.06226693093776703
1778956451.5566452,3.009192352294922,9.100176086425781,-0.20357666015625,0.08176934719085693,-0.29542404413223267,-0.055078472942113876
1778956451.5733106,3.1895672607421877,9.239087219238282,-0.27931915283203124,0.11640927940607071,-0.32575640082359314,-0.024914953857660294
1778956451.590081,3.2013926696777344,9.320517883300782,-0.30985565185546876,0.177982896566391,-0.31057503819465637,0.03342820703983307
1778956451.6067135,2.848276977539063,9.013506317138672,-0.2341131591796875,0.18467554450035095,-0.30328211188316345,-0.023517576977610588
1778956451.6297684,2.827470245361328,8.989705810546875,-0.10687774658203125,0.12490168958902359,-0.3191835582256317,-0.08585312217473984
1778956451.645359,3.121758270263672,10.268945617675781,-0.40116577148437504,0.04243059828877449,-0.2526175379753113,-0.08585797995328903
1778956451.6639621,3.3473391723632813,10.595267028808594,-1.5347584533691407,0.43803125619888306,-0.22819121181964874,0.07226002216339111
1778956451.6793146,3.3974848937988282,10.105485534667968,-1.8802400207519532,0.5932844877243042,-0.2483460158109665,0.08670420944690704
1778956451.6973484,3.7871246337890625,9.709109802246095,-2.5706044006347657,0.7291357517242432,-0.2860870361328125,0.08891230076551437
1778956451.7518055,3.736829223632813,10.136321411132814,-3.1894175720214846,0.7632455825805664,-0.32487601041793823,0.22779875993728638
1778956451.7712848,3.2036380004882816,9.770482177734376,-2.7080186462402347,0.28591251373291016,0.016153011471033096,0.055267974734306335
1778956451.7860956,3.4694851684570316,9.22801025390625,-1.6973204040527345,-0.003281034529209137,-0.058179374784231186,-0.23261544108390808
1778956451.8009894,3.428320770263672,9.081914062500001,-1.2496014404296876,-0.12881925702095032,-0.09707724303007126,-0.3141441345214844
1778956451.8175616,2.896776123046875,8.77340560913086,-0.34787658691406254,-0.3322686553001404,-0.02796800062060356,-0.3196086287498474
1778956451.8328621,1.8013540649414064,8.03484146118164,-0.7212002563476563,-0.23169997334480286,0.30845916271209717,-0.26674994826316833
1778956451.8480713,1.7551002502441406,7.657925262451172,-1.315913543701172,0.013709326274693012,0.3612176775932312,-0.22719931602478027
1778956451.8637433,2.9069549560546877,7.414232025146485,-2.247576141357422,0.6614354252815247,0.3880256116390228,0.03440186381340027
1778956451.87849,3.2322285461425784,7.6687028503417976,-2.6876609802246096,0.9853386878967285,0.3336968719959259,0.21594342589378357
1778956451.899024,2.315684509277344,8.349786529541015,-3.2988400268554687,1.32400381565094,0.29911816120147705,0.3557242751121521
1778956451.9182506,1.9618203735351563,9.178912353515626,-3.608995056152344,1.1420210599899292,0.33329781889915466,0.3072988986968994
1778956451.9338334,2.4827371215820313,9.621392211914063,-4.14577880859375,0.7066017389297485,0.16540485620498657,0.2065654695034027
1778956451.946142,2.940784606933594,9.827513580322266,-4.46955551147461,0.46091514825820923,0.07487859576940536,0.14996179938316345
1778956451.9635608,3.0726603698730472,9.86224136352539,-4.631668395996094,0.04227546602487564,-0.11884774267673492,0.01636269874870777
1778956451.9786122,2.897524566650391,9.487869873046876,-4.417014770507813,-0.10187478363513947,-0.15608511865139008,-0.05903751775622368
1778956451.9940107,2.715353393554688,8.838220825195313,-3.692820739746094,-0.3087378144264221,-0.1846785694360733,-0.17605550587177277
1778956452.0094373,2.7029292297363283,8.49992431640625,-3.2455508422851564,-0.40379244089126587,-0.17938509583473206,-0.21489578485488892
1778956452.0277302,2.9617410278320313,8.1286962890625,-2.4637266540527345,-0.5874745845794678,-0.18364053964614868,-0.17096057534217834
1778956452.0426474,3.0831385803222657,8.049960021972657,-2.1339624023437502,-0.6834248900413513,-0.20192402601242065,-0.004970506764948368
1778956452.0582588,2.9571006774902346,8.233927459716798,-2.266736297607422,-0.6471752524375916,-0.18134817481040955,0.10539434850215912
1778956452.0758457,2.5593777465820313,8.43331283569336,-2.2848486328125,-0.46924084424972534,-0.05039858818054199,0.32933610677719116
1778956452.0929828,2.1977297973632814,8.573122100830078,-2.278861083984375,-0.23071366548538208,0.17982059717178345,0.4167652428150177
1778956452.108517,2.1318667602539065,8.768465881347657,-2.473905487060547,-0.1075594425201416,0.30568012595176697,0.4134288728237152
1778956452.1247568,2.399210815429688,9.231453094482422,-3.061882781982422,0.1327528953552246,0.37826842069625854,0.3645479083061218
1778956452.139435,2.6563760375976564,9.268426208496095,-3.264112243652344,0.17654190957546234,0.3454391062259674,0.31204235553741455
1778956452.153779,3.141966247558594,9.232201538085938,-3.293750610351563,0.049802087247371674,0.22983726859092712,0.20460928976535797
1778956452.169687,3.2036380004882816,9.289083251953125,-3.310066680908203,-0.1050308346748352,0.16859769821166992,0.14936816692352295
1778956452.185456,2.8827053833007814,9.316176910400392,-2.857857055664063,-0.525006115436554,0.158383309841156,-0.0224728062748909
1778956452.2008712,2.741249542236328,9.059311065673828,-2.0981867980957034,-0.766162097454071,0.1969931572675705,-0.14486989378929138
1778956452.2172153,2.7428961181640625,8.922944641113281,-1.760039978027344,-0.7228007912635803,0.23508301377296448,-0.13997632265090942
1778956452.2322726,2.814746704101563,8.873697052001953,-1.3117222595214844,-0.33422109484672546,0.28969162702560425,-0.05712028220295906
1778956452.2491944,2.5267456054687503,8.783584442138672,-1.1511062622070314,0.1377747505903244,0.35352784395217896,-0.03817376866936684
1778956452.2641847,2.5523423767089843,8.857081604003907,-1.2335847473144532,0.2856186628341675,0.42444539070129395,-0.00985659472644329
1778956452.2783267,2.6232948303222656,9.091793518066407,-1.4982344055175782,0.3549407422542572,0.48972824215888977,0.028254572302103043
1778956452.292796,2.5222549438476562,9.210496673583984,-1.6155903625488282,0.2602047324180603,0.6128214597702026,0.036486104130744934
1778956452.3105085,2.7933412170410157,9.02158950805664,-1.6362474060058594,0.012833082117140293,0.5971825122833252,0.008137281984090805
1778956452.3423471,2.9153375244140625,8.865763549804688,-1.214424591064453,-0.1957464963197708,0.664678156375885,0.09746666997671127
1778956452.3597393,2.6728417968750002,9.136849822998048,-1.0460247802734375,-0.09357578307390213,0.8364768028259277,0.12848398089408875
1778956452.3760922,2.7140061950683596,9.270821228027344,-1.0349478149414062,0.00525492150336504,0.9474847912788391,0.11672771722078323
1778956452.3927836,2.957549743652344,9.514813842773439,-1.0124945068359374,0.19341525435447693,1.081537127494812,0.10485051572322845
1778956452.4092703,3.2169602966308597,9.319320373535156,-0.9258247375488282,0.3136090338230133,1.1246641874313354,0.14673727750778198
1778956452.4261281,3.103795623779297,9.054371337890625,-0.8292755126953125,0.30535122752189636,1.1491219997406006,0.14865930378437042
1778956452.4695458,2.8095075988769533,9.07667495727539,-0.7128176879882813,0.22177743911743164,1.2274742126464844,0.1137649267911911
1778956452.4835415,2.390079803466797,10.018965454101563,-1.509910125732422,0.3932957947254181,1.4297605752944946,0.03162134438753128
1778956452.5007484,2.6304798889160157,9.81718505859375,-1.9619700622558596,0.5835461616516113,1.516310214996338,0.038053132593631744
1778956452.5171082,2.7071205139160157,9.576934661865234,-2.0182530212402345,0.6196101903915405,1.545882225036621,0.034753210842609406
1778956452.5327425,2.998265075683594,9.339079284667969,-2.305805053710938,0.6638986468315125,1.5634506940841675,0.04091334342956543
1778956452.547508,2.9211753845214847,9.198222198486329,-2.6376649475097658,0.7562707662582397,1.498868703842163,-0.015607386827468872
1778956452.5641537,2.8859985351562503,9.257349243164063,-3.0301487731933596,0.8789806962013245,1.4687429666519165,-0.02562727779150009
1778956452.5798402,3.463946685791016,9.198222198486329,-4.0125558471679685,1.0830028057098389,1.4378530979156494,0.08461930602788925
1778956452.5946934,3.6944673156738284,8.74227035522461,-3.813469848632813,0.9238187670707703,1.4166122674942017,0.09488818794488907
1778956452.609247,4.122127990722657,7.815697174072266,-2.449955291748047,0.32882511615753174,1.235419750213623,-0.016682537272572517
1778956452.627321,4.190236358642578,7.845036163330079,-1.9220031738281251,0.20257724821567535,1.1390997171401978,-0.0852096751332283
1778956452.6460943,3.6872822570800783,8.72640335083008,-1.414259033203125,0.4516661763191223,1.1138570308685303,-0.11225274950265884
1778956452.6624963,3.595822448730469,9.726473693847657,-1.6504678344726564,0.8457195162773132,1.1952733993530273,-0.03168651461601257
1778956452.6793642,3.945794677734375,9.53307586669922,-1.9959494018554689,0.929951548576355,1.2209807634353638,-0.016280414536595345
1778956452.7048936,4.389771423339844,8.79780487060547,-2.3138882446289064,0.7939729690551758,1.1935561895370483,0.06819161027669907
1778956452.7206068,4.420158233642578,7.998317413330079,-2.5068370056152345,0.6665360927581787,1.131453514099121,0.11331383138895035
1778956452.73678,4.4527903747558595,7.759114837646485,-2.3164329528808594,0.5368781685829163,1.012990951538086,0.03911758214235306
1778956452.7534103,4.403393096923828,7.866741027832032,-2.109413452148438,0.4818718731403351,0.9519302248954773,-0.024250205606222153
1778956452.7688432,4.075425109863281,8.352480926513673,-1.749561767578125,0.45960745215415955,0.9122243523597717,-0.1428511142730713
1778956452.7843957,3.9475909423828126,8.593030700683594,-1.6474740600585938,0.4802376925945282,0.9159284830093384,-0.16520778834819794
1778956452.8018186,4.005520477294922,8.779093780517579,-1.4897021484375002,0.5096148252487183,0.894660234451294,-0.17060203850269318
