timestamp,AccX,AccY,AccZ,GyroX,GyroY,GyroZ
1778807362.5892706,-1.0147398376464845,-9.260792083740235,2.907254333496094,0.11044320464134216,-0.09669198095798492,0.01489143818616867
1778807362.6083918,-1.0325527954101563,-9.243727569580079,3.2220497131347656,0.06554967164993286,-0.17453137040138245,-0.007733470294624567
1778807362.6271074,-0.8931925964355469,-9.388027496337891,3.4563125610351566,-0.027219489216804504,-0.16503401100635529,-0.014800388365983963
1778807362.646993,-0.738863525390625,-9.392817535400392,3.5690281677246096,-0.10960371047258377,-0.16788187623023987,0.007504387758672237
1778807362.6674972,-0.8698411560058594,-9.244476013183593,3.2178584289550782,-0.1241859421133995,-0.15159370005130768,0.04471990466117859
1778807362.6901,-1.146016845703125,-9.21364013671875,3.0886770629882814,-0.10847090184688568,-0.19341732561588287,0.029544953256845474
1778807362.709143,-1.1910731506347656,-9.272916870117188,3.140619049072266,-0.10359570384025574,-0.20003265142440796,0.007686070632189512
1778807362.7288573,-0.9988728332519532,-9.370364227294923,3.1439122009277347,-0.12871502339839935,-0.13920728862285614,0.02395140752196312
1778807362.750613,-0.8822653198242187,-9.35539535522461,3.198099517822266,-0.17034505307674408,-0.10535258054733276,0.03118651919066906
1778807362.7717822,-0.8506809997558594,-9.24282943725586,3.1991473388671876,-0.16629177331924438,-0.1276974081993103,0.03885770961642265
1778807362.79182,-0.9466314697265625,-9.2208251953125,2.9352461242675782,-0.12949946522712708,-0.13440734148025513,0.04799575358629227
1778807362.812763,-1.0090516662597657,-9.273066558837892,2.946921844482422,-0.1171022430062294,-0.12784910202026367,0.0501522459089756
1778807362.837639,-0.9586065673828126,-9.331744537353517,3.1187644958496095,-0.14838145673274994,-0.16549812257289886,0.015471844002604485
1778807363.058053,-0.6249504089355469,-9.219627685546875,2.8496241760253906,-0.2615678906440735,0.05326100066304207,0.038088180124759674
1778807363.080833,-0.8719367980957031,-9.168284454345704,2.8120523071289063,-0.3105804920196533,0.12053922563791275,0.07795865833759308
1778807363.1001832,-1.1126362609863283,-9.308393096923828,2.9400361633300784,-0.36774560809135437,0.09885390847921371,0.045070990920066833
1778807363.1224244,-1.0536589050292968,-9.4220068359375,2.7247837829589847,-0.4033268690109253,0.08231226354837418,-0.020939283072948456
1778807363.1458583,-0.8894503784179688,-9.464967498779297,2.615061950683594,-0.4539937973022461,0.10060635954141617,-0.046787478029727936
1778807363.1662703,-0.8244854736328125,-9.496851196289063,2.674039306640625,-0.47910967469215393,0.07166067510843277,-0.059633925557136536
1778807363.1873853,-0.6147715759277345,-9.510023803710938,2.551893310546875,-0.4730876088142395,0.05682118237018585,-0.04167657345533371
1778807363.2095644,-0.5774990844726563,-9.504185943603517,2.412084045410156,-0.4854607582092285,0.045397575944662094,0.0034067141823470592
1778807363.2628653,-1.0969189453125001,-9.533824310302736,2.0996836853027343,-0.4943174719810486,0.10056223720312119,-0.16382348537445068
1778807363.2823684,-0.8419990539550781,-9.535321197509766,1.8276992797851563,-0.5058251619338989,0.1736556738615036,-0.180179625749588
1778807363.3019824,-0.7170089721679688,-9.533973999023438,1.7660275268554688,-0.5040960311889648,0.1860399842262268,-0.1970306634902954
1778807363.3216562,-0.5833369445800781,-9.555978240966798,1.8986517333984376,-0.5353984832763672,0.12272986024618149,-0.18920846283435822
1778807363.3439367,-0.5454656982421875,-9.72033645629883,1.6910334777832032,-0.5948787927627563,0.18296949565410614,-0.1791512668132782
1778807363.3632011,-0.7210505676269532,-9.657916259765626,1.379231872558594,-0.6020827889442444,0.22858849167823792,-0.1614406555891037
1778807363.38363,-0.5345384216308594,-9.542955322265625,1.1993060302734375,-0.5812692642211914,0.24007262289524078,-0.11960304528474808
1778807363.4267669,-0.45295806884765627,-9.564809875488281,1.2234059143066407,-0.6074471473693848,0.20416420698165894,-0.05853770673274994
1778807363.4516118,-0.5375321960449219,-9.57573715209961,1.1618838500976563,-0.7411380410194397,0.23567265272140503,0.04024924337863922
1778807363.4732745,-0.5641767883300781,-9.653724975585938,0.8640032958984375,-0.8325466513633728,0.26413920521736145,0.08752591907978058
1778807363.4942708,-0.6744973754882813,-9.938881988525392,0.7180567932128906,-0.8644152879714966,0.22538840770721436,0.08889598399400711
1778807363.5155916,-0.8797206115722657,-9.989776153564454,0.5155279541015625,-0.9026433825492859,0.26512107253074646,0.09742415696382523
1778807363.5353014,-0.9645941162109376,-9.96133529663086,0.4614903259277344,-0.9835638403892517,0.2766263484954834,0.08389128744602203
1778807363.5593436,-0.7188052368164063,-9.82526824951172,0.15971786499023438,-1.02178955078125,0.25379812717437744,0.07111452519893646
1778807363.5804806,-0.623902587890625,-9.557624816894531,0.03397933959960937,-1.0382856130599976,0.1730436086654663,0.16052377223968506
1778807363.602665,-0.7705975341796876,-9.4124267578125,-0.31344818115234374,-0.9958778619766235,0.20832547545433044,0.22737273573875427
1778807363.6244965,-1.3232482910156251,-9.82676513671875,-0.6327342224121094,-0.9404228925704956,0.29484230279922485,0.17198823392391205
1778807363.6446137,-1.2228071594238281,-9.87990463256836,-0.5875282287597656,-0.9507647752761841,0.2711932957172394,0.10659033805131912
1778807363.667805,-0.3501219177246094,-9.958341522216797,-0.46792694091796877,-1.0002758502960205,0.08250383287668228,0.09612537175416946
1778807363.6890655,-0.3350033569335938,-10.371183013916015,-0.8557704162597657,-1.0009227991104126,-0.006727572064846754,0.1717403680086136
1778807363.7103426,-0.6002517700195312,-10.392738189697265,-1.1401789855957032,-1.0387279987335205,0.04443327337503433,0.3116605877876282
1778807363.7314243,-1.3353730773925783,-10.258168029785157,-1.8423687744140627,-1.026803731918335,0.22820526361465454,0.3103952705860138
1778807363.7532604,-1.922901306152344,-9.814041595458985,-2.2712269592285157,-0.8777014017105103,0.25174960494041443,0.198569655418396
1778807363.7741456,-2.026336212158203,-9.766739959716798,-2.391427001953125,-0.8196845650672913,0.13728758692741394,0.06568626314401627
1778807363.7954574,-0.9210346984863281,-9.412127380371095,-2.559078369140625,-0.8707758784294128,0.06188350170850754,0.10244746506214142
1778807363.8174748,-0.9385482788085938,-9.91388397216797,-2.8728259277343753,-0.8083409667015076,0.05688440054655075,0.21719658374786377
1778807363.8389783,-1.3959970092773437,-10.391091613769532,-3.310216369628906,-0.5966947674751282,0.12346354871988297,0.1799813210964203
1778807363.86183,-1.3133688354492188,-10.433752899169923,-3.42727294921875,-0.5488765835762024,0.12482679635286331,0.07670264691114426
1778807363.8831353,-1.567240905761719,-10.785970458984375,-3.9342686462402345,-0.475077748298645,0.23322002589702606,-0.02475958690047264
1778807363.904113,-1.144519958496094,-11.067534942626954,-4.5566743469238284,-0.44592395424842834,0.2832178771495819,-0.08978240191936493
1778807363.9262466,-0.44262954711914065,-10.760673065185548,-4.6032275390625,-0.39684048295021057,0.23617935180664062,-0.028481164947152138
1778807363.9480596,-1.020128631591797,-10.765612792968751,-4.262835388183594,-0.3288480043411255,0.18532440066337585,0.0704609602689743
1778807363.970038,-2.0719912719726565,-10.647508392333984,-3.9830671691894532,-0.20741122961044312,0.12339837104082108,0.019430916756391525
1778807363.99106,-2.2552102661132816,-10.0830322265625,-3.518134002685547,-0.2521499693393707,0.025410868227481842,-0.032594554126262665
1778807364.012238,-1.6910334777832032,-9.505233764648438,-3.376827850341797,-0.2747802734375,-0.0027165361680090427,-0.01222076453268528
1778807364.0345666,-1.402283935546875,-9.45643524169922,-3.813619537353516,-0.16507403552532196,0.012676835060119629,0.0997759997844696
1778807364.054824,-1.839225311279297,-9.661209411621094,-3.744313659667969,-0.02135356143116951,-0.061056189239025116,0.11012545228004456
1778807364.0763469,-2.0686981201171877,-9.84592529296875,-3.5914814758300784,0.07982894778251648,-0.13978148996829987,0.06539395451545715
1778807364.0974507,-1.8553916931152346,-9.863887939453125,-3.37937255859375,0.14608025550842285,-0.16496120393276215,0.05220954865217209
1778807364.1205437,-1.4769786071777344,-9.734107818603515,-3.273692321777344,0.1680658906698227,-0.24601486325263977,0.05444754287600517
1778807364.1418948,-1.0421328735351563,-9.664502563476564,-3.35063232421875,0.1982278972864151,-0.2930523455142975,0.09230564534664154
1778807364.1644108,-1.2617262268066407,-9.765243072509767,-3.780388641357422,0.301718145608902,-0.31015685200691223,0.10858620703220367
1778807364.184823,-1.5371534729003906,-9.898915100097657,-3.6853363037109377,0.3924614191055298,-0.28985270857810974,0.09953960031270981
1778807364.208188,-1.7693206787109377,-9.944420471191407,-3.2862661743164066,0.3845140039920807,-0.22115729749202728,0.014944827184081078
1778807364.2308793,-1.6555572509765626,-9.74144256591797,-2.817740478515625,0.3240653872489929,-0.2750152051448822,0.004675168078392744
1778807364.2540767,-1.2978012084960937,-9.483079833984375,-3.111280059814453,0.3672410249710083,-0.35787782073020935,0.029161836951971054
1778807364.277399,-1.4974859619140626,-9.627529449462891,-3.4178425598144533,0.5155909061431885,-0.323007732629776,0.06848656386137009
1778807364.297176,-1.8676661682128908,-9.835596771240235,-3.15424072265625,0.5503403544425964,-0.2962343692779541,0.0385168120265007
1778807364.32005,-1.966161346435547,-9.771380310058595,-2.6831703186035156,0.5383199453353882,-0.33629918098449707,0.0020673838444054127
1778807364.3422308,-1.5539186096191406,-9.519454193115235,-2.551743621826172,0.5570850372314453,-0.4001115560531616,0.02536385878920555
1778807364.3644352,-1.4615606689453127,-9.483828277587891,-2.5468038940429687,0.6536572575569153,-0.37458351254463196,0.13341352343559265
1778807364.3864152,-1.7335450744628906,-9.526639251708986,-2.1451890563964846,0.7369667887687683,-0.37631338834762573,0.1805373877286911
1778807364.4058533,-2.1269270324707032,-9.656569061279297,-1.8862275695800783,0.6933777928352356,-0.4167424142360687,0.08324569463729858
1778807364.4271934,-2.145638122558594,-9.40374481201172,-1.924248504638672,0.688867449760437,-0.40832796692848206,0.03868291527032852
1778807364.4470317,-1.8140776062011719,-9.064999237060547,-2.0046313476562503,0.7133544087409973,-0.4154268801212311,0.05239097401499748
1778807364.4670582,-1.5269746398925783,-8.916208648681641,-2.009571075439453,0.7079218626022339,-0.3371579349040985,0.14621177315711975
1778807364.48839,-1.5884967041015625,-9.034313049316406,-1.720671844482422,0.7008002996444702,-0.30058544874191284,0.20081332325935364
1778807364.5116117,-2.0836669921875,-9.196725311279298,-1.1894265747070314,0.6790645122528076,-0.3243127763271332,0.18634580075740814
1778807364.5357456,-2.2888902282714847,-9.055269470214844,-1.1790980529785158,0.660568356513977,-0.3429717719554901,0.18283617496490479
1778807364.5561073,-2.437980194091797,-9.104067993164064,-1.2467573547363282,0.733228325843811,-0.370809942483902,0.1256895363330841
1778807364.580579,-2.455493774414063,-9.010811920166017,-1.1784992980957032,0.716847836971283,-0.3361518681049347,0.1502935141324997
1778807364.6019115,-2.599644012451172,-8.825048217773437,-0.8972341918945312,0.6878301501274109,-0.3486712872982025,0.13754691183567047
1778807364.7546344,-2.4478596496582035,-9.358987884521484,0.02604583740234375,0.574346125125885,-0.5510262250900269,0.02090994268655777
1778807364.7768016,-2.634222106933594,-9.122928771972656,0.2728825378417969,0.5392951965332031,-0.6347963213920593,-0.07621137797832489
1778807364.7976356,-2.5902136230468753,-8.623567199707031,-0.11900253295898439,0.419112890958786,-0.5917540192604065,-0.08821745216846466
1778807364.8175118,-2.4134312438964844,-8.264014892578125,-0.38889129638671877,0.3866899609565735,-0.5047508478164673,-0.04662551358342171
1778807365.92722,-2.0899539184570313,-9.85834945678711,-0.9126521301269531,-0.35395509004592896,-1.0999035835266113,0.18006227910518646
1778807365.9498334,-2.247576141357422,-10.0447119140625,-1.18553466796875,-0.07303415238857269,-0.9487200379371643,0.05702953413128853
1778807365.9707797,-1.7160314941406252,-10.115215301513672,-0.7011419677734375,0.10116293281316757,-0.8710180521011353,0.022293582558631897
1778807365.9916167,-1.2076885986328125,-10.176737365722657,0.0031434631347656253,0.08445721864700317,-0.9898094534873962,0.04077288880944252
1778807366.0131016,-1.1707154846191408,-10.096653900146485,0.1285826110839844,-0.005101209506392479,-1.009993314743042,0.13612863421440125
1778807366.034246,-1.5919395446777345,-9.601782989501954,0.04326004028320313,-0.06591834872961044,-0.9337586760520935,0.20728909969329834
1778807366.056879,-1.8396743774414064,-8.852740631103517,0.044756927490234376,0.045298606157302856,-0.8915573954582214,0.18995128571987152
1778807366.0782356,-1.7806970214843751,-8.679850158691407,0.26689498901367187,0.048646118491888046,-0.7852445840835571,0.2210642546415329
1778807366.0986867,-1.8791921997070313,-8.957373046875,0.8422984313964844,-0.05812929943203926,-0.8225957155227661,0.16244743764400482
1778807366.1202586,-2.064357147216797,-9.515262908935547,1.3982423400878907,-0.21793602406978607,-0.925115168094635,0.09139075875282288
1778807366.1443954,-2.010469207763672,-9.511371002197267,0.7532336425781251,-0.27638375759124756,-0.876670241355896,0.08846474438905716
1778807366.1666083,-1.9511924743652345,-9.263187103271484,0.4614903259277344,-0.12212764471769333,-0.8338190913200378,0.057504452764987946
1778807366.1873472,-2.113604736328125,-9.311686248779298,0.7402107238769532,-0.09747613221406937,-0.7519166469573975,0.009379561059176922
1778807366.2104647,-2.1284239196777346,-9.375603332519532,1.24780517578125,-0.17928440868854523,-0.7559878826141357,-0.008550007827579975
1778807366.231118,-1.6601976013183595,-9.697284393310547,1.0279124450683594,-0.18731604516506195,-0.7466975450515747,0.009926954284310341
1778807366.2506955,-1.5587086486816406,-9.74533447265625,0.9788145446777344,-0.12907394766807556,-0.7215096354484558,0.053345564752817154
1778807366.2724843,-1.8766474914550781,-9.499395904541016,1.0912307739257814,-0.14024761319160461,-0.6927961707115173,0.0505715012550354
1778807366.2940598,-2.0112176513671876,-9.161548461914062,1.3133688354492188,-0.16234035789966583,-0.6864249110221863,0.005383677314966917
1778807366.3144495,-1.8926641845703125,-9.168134765625,1.375938720703125,-0.09819621592760086,-0.6397289633750916,-0.030767343938350677
1778807366.3350537,-1.9437080383300782,-9.195078735351563,1.40108642578125,-0.04813063517212868,-0.6134476065635681,-0.08359213173389435
1778807366.355641,-2.053579559326172,-9.18055892944336,1.5667918395996094,-0.007837051525712013,-0.6201706528663635,-0.13730353116989136
1778807366.3767474,-1.898052978515625,-9.187294921875,1.59029296875,0.011554350145161152,-0.5432272553443909,-0.11630584299564362
1778807366.3977764,-1.9628681945800783,-9.215137023925783,1.509910125732422,-0.01668601483106613,-0.47962820529937744,-0.09539163112640381
1778807366.419338,-2.271676025390625,-9.353748779296875,1.2852273559570313,-0.025846701115369797,-0.4440130591392517,-0.12203100323677063
1778807366.4385662,-2.444865875244141,-9.631571044921875,1.2314891052246095,0.020659632980823517,-0.36026278138160706,-0.14497090876102448
1778807366.4625666,-2.4062461853027344,-9.673783264160157,1.392404479980469,0.0028021549805998802,-0.17929458618164062,-0.09282999485731125
1778807366.484186,-2.3105950927734376,-9.66480194091797,1.44898681640625,-0.0008176425471901894,-0.1302368938922882,-0.047465160489082336
1778807366.5054195,-2.125430145263672,-9.930349731445313,1.6935781860351564,0.015684565529227257,-0.07239183038473129,0.02655203640460968
1778807366.5288215,-2.6297314453125002,-11.119476928710938,1.648821258544922,-0.006752490531653166,-0.05100071057677269,0.0517888069152832
1778807366.5498521,-2.730172576904297,-11.806248779296876,0.599952392578125,-0.2046767920255661,-0.055438265204429626,0.02275886759161949
1778807366.570334,-2.389181671142578,-12.029883728027345,-1.0271640014648438,-0.2079099416732788,0.025838419795036316,0.02121090330183506
1778807366.591741,-2.236798553466797,-12.01102294921875,-0.9833052062988282,0.03304162994027138,0.18839317560195923,0.06486024707555771
1778807366.6202872,-2.112706604003906,-10.31729507446289,1.7880317687988283,0.21346262097358704,0.05885417014360428,0.0017959163524210453
1778807366.6441548,-1.7730628967285158,-9.04015090942383,1.6073574829101562,0.0857265368103981,-0.058678217232227325,0.0023120958358049393
1778807366.6653976,-1.3403128051757813,-8.227490844726564,0.5911207580566407,0.03506357967853546,-0.051289111375808716,0.08302179723978043
1778807366.6864722,-0.9756710815429688,-8.201744384765625,-0.3094065856933594,-0.05215522646903992,-0.06392848491668701,0.13709595799446106
1778807366.7096612,-0.6270460510253907,-9.200018463134766,-1.900298309326172,-0.027684016153216362,-0.01583908684551716,0.1490098237991333
1778807366.7437155,-0.4447251892089844,-10.046059112548829,-1.1636801147460938,0.36162275075912476,0.03266897797584534,0.10929825156927109
1778807366.7650802,-0.8378077697753906,-10.569370880126954,0.4736151123046875,0.27555766701698303,-0.1131756603717804,-0.007340313866734505
1778807366.7853134,-1.1163784790039064,-11.075618133544923,0.4324507141113281,0.027247020974755287,-0.25631046295166016,-0.13090775907039642
1778807366.8052733,-0.8620573425292969,-10.665321350097656,-0.5725593566894531,-0.06767752021551132,-0.2892288267612457,-0.1640133410692215
1778807366.830225,-1.0666818237304687,-9.840536499023438,-0.5402265930175781,0.06658749282360077,-0.23660095036029816,-0.18056613206863403
1778807366.851157,-1.3219010925292969,-8.75619140625,0.35595977783203125,0.07679988443851471,-0.3005734384059906,-0.22735430300235748
1778807366.871923,-1.0383906555175781,-8.151149597167969,0.9223818969726563,-0.03062458708882332,-0.35082724690437317,-0.1809096485376358
1778807366.894543,-0.585582275390625,-8.435857543945312,0.9704319763183594,-0.11330394446849823,-0.36393237113952637,-0.10506580770015717
1778807366.9160328,-0.8833131408691407,-9.189240875244142,0.8559201049804688,-0.16525951027870178,-0.37341734766960144,-0.05754838138818741
1778807366.9376755,-1.1603869628906252,-9.619446258544922,1.0321037292480468,-0.1574983447790146,-0.42939192056655884,-0.10561686754226685
1778807366.9609067,-1.16637451171875,-9.741891632080078,1.0699749755859376,-0.11666661500930786,-0.4883800745010376,-0.16074787080287933
1778807366.9809954,-1.1308982849121094,-9.827663269042969,1.0404862976074218,-0.09872323274612427,-0.5203536748886108,-0.219635009765625
1778807367.0019114,-1.0481204223632814,-9.549242248535156,1.1479627990722656,-0.07510306686162949,-0.6175589561462402,-0.2614085376262665
1778807367.0225945,-0.8388555908203126,-9.425000610351564,1.1455677795410157,-0.08019521087408066,-0.611968457698822,-0.22180522978305817
1778807367.044612,-0.7936495971679688,-9.186696166992188,0.9595046997070313,-0.07834222912788391,-0.5535672903060913,-0.12456794828176498
1778807367.0653522,-1.1133847045898437,-9.108558654785156,1.098116455078125,-0.04553806409239769,-0.5606518387794495,-0.10530239343643188
1778807367.0869493,-1.0921289062500001,-9.130113830566406,1.2519964599609377,-0.009955322369933128,-0.571552574634552,-0.09497135132551193
1778807367.1066942,-1.0109976196289063,-9.13505355834961,1.5880476379394532,-0.031120287254452705,-0.6175758838653564,-0.09229592978954315
1778807367.129215,-0.7149133300781251,-9.293873291015625,1.572330322265625,-0.10477855801582336,-0.6445583701133728,0.05865472927689552
1778807367.1483283,-0.6658154296875001,-9.5944482421875,1.4485377502441408,-0.07696176320314407,-0.6451568007469177,0.15301349759101868
1778807367.1695015,-0.7447013854980469,-9.850865020751954,1.4473402404785156,-0.03246214985847473,-0.6844305992126465,0.1405683308839798
1778807367.1915762,-0.8854087829589844,-9.631421356201173,1.5658937072753907,-0.054128434509038925,-0.7417279481887817,0.11703601479530334
1778807367.212366,-0.8378077697753906,-9.426946563720703,1.4367123413085938,-0.09699467569589615,-0.7795546054840088,0.1304195523262024
1778807367.2403376,-0.4981640625,-9.72033645629883,1.226100311279297,-0.10651335120201111,-0.8482523560523987,0.1515553891658783
1778807367.2613647,-0.3632945251464844,-10.128537597656251,1.1666738891601562,-0.02381117455661297,-0.8185771107673645,0.2687285542488098
1778807367.2815163,-1.1238629150390627,-10.240804138183595,1.9368223571777345,-0.0031607206910848618,-0.8861064314842224,0.2757381200790405
1778807367.303316,-1.8203645324707032,-11.150612182617188,2.639012145996094,-0.002717589493840933,-1.014129877090454,0.17688605189323425
1778807367.326765,-1.8688636779785157,-12.15801727294922,1.3850697326660157,-0.27323591709136963,-0.9988164305686951,0.11075621843338013
1778807367.3470066,-1.5820600891113281,-13.347144470214845,-0.27916946411132815,-1.0821675062179565,-1.071902871131897,-0.0958762913942337
1778807367.368069,0.17857864379882812,-14.060261535644532,-1.5708334350585937,-0.8090459704399109,-0.9238447546958923,-0.004321795888245106
1778807367.3898861,0.07319778442382813,-12.31279541015625,-2.314936065673828,-0.15289901196956635,-0.8142604827880859,0.07238256931304932
1778807367.4110734,-1.1174263000488283,-9.637259216308594,-2.066452789306641,0.4458727240562439,-0.7937948703765869,0.07415487617254257
1778807367.4320066,-2.268981628417969,-6.857090606689454,-0.7283853149414062,0.7532128691673279,-0.8022089600563049,0.027663230895996094
1778807367.4543943,-0.978215789794922,-6.252048797607422,2.209555206298828,0.36663252115249634,-0.9186197519302368,0.062427621334791183
1778807367.4780939,-0.5204676818847657,-7.257657623291016,0.8190966796875,-0.01561109721660614,-0.9633906483650208,0.16729214787483215
1778807367.4986856,-0.8399034118652344,-8.932824096679688,-0.8493338012695313,0.15173640847206116,-0.7608610987663269,0.14535760879516602
1778807367.5197837,-1.1213182067871095,-10.465187530517579,-0.4140390014648438,0.03829822689294815,-0.6055936217308044,0.16146229207515717
1778807367.544276,-1.256038055419922,-11.63635208129883,-0.23980133056640626,-0.3275262713432312,-0.6844847202301025,0.19705939292907715
1778807367.5660856,-1.3433065795898438,-11.624826049804689,-1.0877879333496094,-0.3436412215232849,-0.7439590096473694,0.20822958648204803
1778807367.5892358,-2.1143531799316406,-10.306966552734375,-1.5567626953125,0.234193354845047,-0.7292492389678955,0.09077877551317215
1778807367.6127443,-2.59859619140625,-8.098159790039062,0.13606704711914064,0.4138885736465454,-0.6419850587844849,0.033660344779491425
1778807367.6339483,-1.6512162780761719,-7.584278411865235,2.331551513671875,-0.007874901406466961,-0.677533745765686,0.13115660846233368
1778807367.6543758,-1.1886781311035157,-8.00699935913086,0.8430468750000001,-0.22812142968177795,-0.7233121991157532,0.21177105605602264
1778807367.676204,-1.3989907836914064,-8.995244293212892,-0.10148895263671875,-0.11477601528167725,-0.626335620880127,0.20906515419483185
1778807367.698108,-1.6539106750488282,-9.791887664794922,0.1778302001953125,-0.055285435169935226,-0.6043452024459839,0.13296526670455933
1778807367.7173214,-1.8482066345214845,-10.089768218994141,0.718505859375,-0.10381964594125748,-0.5800373554229736,0.05617671087384224
1778807367.737616,-2.2995181274414063,-10.071655883789063,0.8297245788574219,-0.15590134263038635,-0.5939426422119141,-0.05101552605628967
1778807367.7882829,-1.3677058410644531,-9.200617218017578,0.6671626281738282,-0.0802348256111145,-0.4668288230895996,0.030566342175006866
1778807367.810934,-1.9188597106933594,-9.061556396484375,0.8665480041503907,-0.05009331926703453,-0.4620809853076935,0.014004508033394814
1778807367.8318982,-1.7896783447265625,-9.077722778320313,1.0734178161621095,0.025705737993121147,-0.4238813817501068,-0.0037713153287768364
1778807367.8564653,-2.0082238769531253,-9.057365112304687,1.347198486328125,-0.0019134553149342537,-0.3948865234851837,-0.0615333616733551
1778807367.878046,-2.2014720153808596,-8.999136199951172,1.3816268920898438,0.013955378904938698,-0.38891494274139404,-0.1144566610455513
1778807367.8999708,-1.821412353515625,-9.112300872802734,1.4365626525878907,0.0729205533862114,-0.31287336349487305,-0.09194247424602509
1778807367.9229517,-1.806742858886719,-9.318721618652344,1.7844392395019533,0.060216084122657776,-0.30849742889404297,-0.09035248309373856
1778807367.9433522,-1.9357745361328127,-9.785900115966797,1.7537530517578126,-0.010352624580264091,-0.2998324930667877,-0.12633515894412994
1778807367.96304,-1.9303857421875001,-9.983489227294923,1.45856689453125,-0.017719294875860214,-0.23955319821834564,-0.13142439723014832
1778807367.9846559,-1.7226177978515627,-9.952952728271486,1.3485456848144532,-0.01378453616052866,-0.19474399089813232,-0.09701249748468399
1778807368.004739,-1.518292694091797,-9.941426696777345,1.8299446105957031,-0.06121541187167168,-0.2179093062877655,-0.03554072231054306
1778807368.0292974,-1.4346166992187501,-10.342742156982423,2.3608905029296876,-0.13223309814929962,-0.20519757270812988,0.05595260113477707
1778807368.0514042,-1.828597412109375,-11.23309066772461,2.554288330078125,-0.16554053127765656,-0.22402748465538025,0.10313960909843445
1778807368.072508,-2.694097595214844,-12.078981628417969,1.2826826477050781,-0.3342832028865814,-0.23569905757904053,0.07354416698217392
1778807368.0933948,-2.8192373657226564,-12.432845764160158,-0.7023394775390626,-0.2977629601955414,-0.2406812459230423,-0.12002169340848923
1778807368.1159108,-2.114652557373047,-12.202923889160157,-1.6590000915527345,0.04343540221452713,-0.10171167552471161,-0.12774986028671265
1778807369.2041993,-2.7800189208984376,-9.09104507446289,0.10792556762695313,-0.3262210786342621,-1.6488200426101685,0.16042494773864746
1778807369.2291508,-2.835703125,-9.314081268310547,0.2540217590332031,-0.3309861719608307,-1.6442562341690063,0.12298145145177841
1778807369.2491088,-2.7737319946289065,-9.534123687744142,-0.14654525756835937,-0.33851781487464905,-1.6277638673782349,0.10793723911046982
1778807369.2683644,-2.795885925292969,-9.596094818115235,-0.3393443298339844,-0.31989341974258423,-1.5589377880096436,0.1048649325966835
1778807369.2888186,-2.7202931213378907,-9.609417114257813,-0.2760260009765625,-0.26927420496940613,-1.4987475872039795,0.09920334815979004
1778807369.3117282,-2.446063385009766,-9.491163024902344,0.23306533813476563,-0.23185810446739197,-1.4909735918045044,0.07122717797756195
1778807369.3332627,-2.2863455200195313,-9.411378936767578,0.37092864990234375,-0.24219995737075806,-1.4547144174575806,0.06141173094511032
1778807369.3537407,-2.5032444763183594,-9.258846130371094,0.35940261840820314,-0.2644355893135071,-1.3893600702285767,0.040796197950839996
1778807369.3747706,-2.6626629638671875,-9.101972351074219,0.42421783447265626,-0.24902956187725067,-1.2707304954528809,-0.036250244826078415
1778807370.4092298,-1.4063255310058596,-9.799072723388672,1.7857864379882813,-0.13886037468910217,-1.1565910577774048,0.20429715514183044
1778807370.4349623,-1.8302439880371095,-9.82392105102539,1.866618347167969,-0.11752236634492874,-1.2418071031570435,0.2887089252471924
1778807370.4547293,-2.3655308532714847,-10.724747772216798,1.6099021911621094,-0.14438988268375397,-1.3100128173828125,0.239194855093956
1778807370.474797,-2.0866607666015624,-11.327693939208984,-0.417930908203125,-0.4657719135284424,-1.2308653593063354,0.2803269326686859
1778807370.4959793,-1.6184344482421875,-11.98123489379883,-1.701661376953125,-0.5467496514320374,-1.1559538841247559,0.20770585536956787
1778807370.5179472,-1.1636801147460938,-11.635753326416015,-1.5730787658691407,-0.18860964477062225,-0.9204829335212708,0.19589202105998993
1778807370.5400946,-1.3904585266113283,-10.539732513427735,0.5821394348144532,-0.3041369616985321,-0.9787142872810364,0.20464879274368286
1778807370.5616486,-2.150428161621094,-9.534123687744142,1.2499008178710938,-0.4273706376552582,-1.0890663862228394,0.1657596230506897
1778807370.5829563,-1.8633251953125,-8.614436187744142,-0.12364288330078126,-0.327811598777771,-1.0750207901000977,0.18446889519691467
1778807370.6051142,-1.337618408203125,-8.606502685546875,-0.5093907165527344,-0.1614876091480255,-0.9852450489997864,0.2678198218345642
1778807370.6265206,-1.4082714843750002,-8.908873901367189,-0.47556106567382816,-0.05214472860097885,-0.9542454481124878,0.23445892333984375
1778807370.6471183,-1.3226495361328126,-9.372010803222656,-0.5703140258789062,-0.10337036103010178,-0.9165274500846863,0.1856909543275833
1778807370.6666946,-1.6768130493164064,-9.52349578857422,-0.7481442260742188,-0.16709892451763153,-0.8939078450202942,0.1018548458814621
1778807370.6872723,-2.1712348937988284,-9.457632751464844,-1.0803034973144532,-0.1415085643529892,-0.8483591079711914,0.021794334053993225
1778807370.705541,-2.621648254394531,-9.40658889770508,-0.8647517395019532,-0.0591418594121933,-0.8266515135765076,-0.03012732043862343
1778807370.7289784,-2.677781524658203,-9.641600189208985,0.2800675964355469,-0.06820160895586014,-0.82039874792099,0.005994426552206278
1778807370.750744,-2.8494744873046876,-10.04186782836914,1.3433065795898438,-0.17190299928188324,-0.8452556133270264,0.09288931638002396
1778807370.77216,-2.921923828125,-9.958191833496095,0.4890330505371094,-0.19367191195487976,-0.8515182137489319,0.17645803093910217
1778807370.7934108,-3.061433715820313,-9.648186492919923,0.0161663818359375,-0.21003787219524384,-0.8685569167137146,0.18685069680213928
1778807370.814426,-2.7271788024902346,-9.392069091796875,0.07574249267578126,-0.13552987575531006,-0.8429597616195679,0.13266508281230927
1778807370.833505,-2.3929238891601563,-9.167386322021486,0.2197430419921875,-0.113377645611763,-0.8014471530914307,0.11038095504045486
1778807370.8549545,-2.146685943603516,-8.650211791992188,0.5435197448730469,-0.11073806136846542,-0.7633067965507507,0.06497592478990555
1778807370.8775063,-1.827250213623047,-8.494535522460938,0.7047344970703125,-0.12459694594144821,-0.6406224966049194,0.14286287128925323
1778807370.9009166,-2.442321166992188,-8.970096588134766,0.6629713439941407,-0.1432580053806305,-0.5741081237792969,0.14600017666816711
1778807370.9235017,-2.424957275390625,-9.48622329711914,0.4017645263671875,-0.10910414904356003,-0.5353177785873413,0.11866184324026108
1778807370.944698,-2.5809329223632815,-9.72467742919922,0.39278320312500004,-0.12431426346302032,-0.4457223415374756,0.07291139662265778
1778807370.9668224,-2.844834136962891,-9.621990966796876,0.6912625122070313,-0.1436695009469986,-0.459438681602478,0.01013805903494358
1778807370.989662,-2.4001089477539064,-9.062005462646486,0.8882528686523438,-0.13007527589797974,-0.44872066378593445,0.01507503166794777
1778807371.0102367,-2.6161097717285156,-8.867110748291015,1.047671356201172,-0.14662481844425201,-0.4135817289352417,0.050780028104782104
1778807371.0346246,-2.914289703369141,-8.950337677001954,1.1822415161132813,-0.17436157166957855,-0.43431586027145386,0.011623000726103783
1778807371.0570822,-2.6198519897460937,-9.145082702636719,0.9053173828125001,-0.14207910001277924,-0.35471823811531067,0.027820058166980743
1778807371.0780292,-2.6029371643066406,-9.378896484375,1.17595458984375,-0.13442575931549072,-0.34074637293815613,-0.025184277445077896
1778807371.100701,-2.3082000732421877,-9.374854888916015,1.2892689514160156,-0.11541140079498291,-0.3131996989250183,-0.07688532024621964
1778807371.1218512,-2.122286682128906,-9.220974884033204,1.3296849060058595,-0.09195917099714279,-0.2573351263999939,-0.07720723003149033
1778807371.1431851,-2.2695803833007813,-9.213490447998048,1.2964540100097657,-0.045962855219841,-0.16889835894107819,-0.1003175601363182
1778807371.1658962,-2.625091094970703,-9.396260375976563,1.2304412841796875,-0.011448247358202934,-0.11715885996818542,-0.16201797127723694
1778807371.1862571,-2.707719268798828,-9.399703216552735,1.387764129638672,0.029354823753237724,-0.10045494884252548,-0.22558903694152832
1778807371.209921,-2.385289764404297,-9.543554077148437,1.2855267333984375,0.01750459522008896,-0.028628014028072357,-0.2160285860300064
1778807371.233219,-2.3406825256347656,-9.679621124267578,1.2118798828125001,-0.012970511801540852,0.041022833436727524,-0.18152013421058655
1778807371.2545054,-2.138453063964844,-9.92780502319336,1.281185760498047,0.022093631327152252,0.08612427115440369,-0.13607941567897797
1778807371.276744,-2.2546115112304688,-10.14769775390625,1.5962805175781252,0.0811314657330513,0.12091418355703354,-0.12827233970165253
1778807371.3424494,-2.940634918212891,-11.305240631103516,2.099384307861328,-0.2521882653236389,0.09233183413743973,-0.1313038468360901
1778807371.3650198,-2.345921630859375,-12.184661865234375,-2.2270687866210936,0.24510450661182404,0.27361029386520386,-0.20457835495471954
1778807371.3859115,-2.3501129150390625,-10.499615936279298,0.3243754577636719,0.3745515048503876,0.23286287486553192,-0.19437581300735474
1778807371.4075203,-2.179018707275391,-9.13699951171875,1.22385498046875,0.165096715092659,0.11257518082857132,-0.1328956037759781
1778807371.4284682,-2.099384307861328,-7.987689514160157,0.3104544067382813,0.012225554324686527,0.05684249848127365,-0.07868209481239319
1778807371.450598,-1.6350498962402344,-7.235204315185547,-0.4989125061035157,0.04066600650548935,0.04453280195593834,-0.04630223661661148
1778807371.4727137,-1.1409274291992189,-7.1718859863281255,-0.6625222778320313,0.11030110716819763,0.021763471886515617,0.06970924139022827
1778807371.4943974,-1.0600955200195312,-7.9818516540527344,-0.26150619506835937,0.09234663099050522,-0.0281931571662426,0.09517917782068253
1778807371.5149076,-1.4593153381347657,-9.967173156738282,0.22004241943359376,-0.004624204244464636,-0.08849012851715088,0.045403771102428436
1778807371.5371797,-1.7283059692382814,-11.142828369140625,-0.07050338745117188,-0.1667356789112091,-0.1736719310283661,-0.10418479144573212
1778807371.558888,-1.2252021789550782,-11.864627380371095,-0.8818162536621095,-0.29896214604377747,-0.273738294839859,-0.24940891563892365
1778807371.6255488,-1.620230712890625,-8.340056762695314,1.1729608154296876,0.04256043583154678,-0.20864547789096832,-0.2355654537677765
1778807371.647536,-1.3049862670898438,-7.833510131835938,1.33402587890625,-0.1374794840812683,-0.3435831367969513,-0.19752630591392517
1778807371.6680157,-1.1320957946777344,-8.246351623535157,0.5403762817382812,-0.2089679092168808,-0.40494292974472046,-0.09265253692865372
1778807371.6871045,-1.1846365356445314,-9.087302856445312,0.16615447998046876,-0.16134865581989288,-0.4397326111793518,0.0024078907445073128
1778807371.7109678,-1.2516970825195313,-9.80086898803711,0.19579284667968752,-0.08141721040010452,-0.4673302173614502,0.07629535347223282
1778807371.732448,-1.5358062744140626,-10.034084014892578,0.487386474609375,-0.1119106113910675,-0.5185875296592712,0.06147020310163498
1778807371.7539272,-1.53041748046875,-9.867779846191407,0.9151968383789063,-0.13170352578163147,-0.6358717083930969,0.015367180109024048
1778807371.77563,-0.975820770263672,-9.626331939697266,0.8170010375976563,-0.16012631356716156,-0.6729923486709595,0.044506024569272995
1778807371.7951329,-1.2829820251464845,-9.509275360107422,0.6884184265136719,-0.17732980847358704,-0.7075884342193604,0.03757514804601669
1778807371.8157232,-1.3651611328125002,-9.634864196777345,0.49337402343750003,-0.12938009202480316,-0.7347295880317688,0.010328320786356926
1778807371.836671,-1.2096345520019531,-9.543105010986329,0.5695655822753907,-0.0780903548002243,-0.7257771492004395,0.03366592526435852
1778807371.8577693,-1.1606863403320313,-9.453441467285156,0.8381071472167969,-0.06443212181329727,-0.7451421618461609,0.07530918717384338
1778807371.8803456,-1.3073812866210939,-9.27156967163086,1.1053015136718751,-0.1160719245672226,-0.8025283813476562,0.1419425755739212
1778807371.9036338,-1.5560142517089846,-9.267079010009766,1.1897259521484376,-0.1324976086616516,-0.8431170582771301,0.1575280874967575
1778807371.922955,-1.5702346801757814,-9.517508239746094,1.0349478149414062,-0.13066944479942322,-0.8872694373130798,0.15597650408744812
1778807371.945273,-1.2543914794921875,-9.726773071289063,0.7319778442382813,-0.0832711011171341,-0.8933032751083374,0.16922549903392792
1778807371.9661136,-1.1150312805175782,-9.801617431640626,0.6201603698730469,-0.033286333084106445,-0.8648294806480408,0.21012330055236816
1778807371.9866898,-1.0780581665039064,-9.771380310058595,0.6062393188476562,0.0066510457545518875,-0.8867558240890503,0.20753686130046844
1778807372.007263,-0.8045768737792969,-9.923464050292969,0.8231382751464844,-0.021168766543269157,-0.90245121717453,0.26355284452438354
1778807372.0279288,-0.9319619750976563,-10.094857635498048,1.2310400390625,-0.08392998576164246,-0.9543633460998535,0.26530909538269043
1778807372.0529907,-1.3389656066894533,-10.596464538574219,1.4923965454101564,-0.046468570828437805,-1.0339893102645874,0.21907460689544678
1778807372.0739543,-1.8658699035644533,-11.58515853881836,1.2325369262695314,-0.1379166841506958,-1.0151963233947754,0.16926787793636322
1778807372.094011,-1.7670753479003907,-12.318333892822267,-0.045056304931640624,-0.5651416182518005,-0.9655525088310242,0.10282326489686966
1778807372.1138825,-1.0747650146484375,-12.755125579833985,-1.4653028869628908,-0.5463607907295227,-0.9324042797088623,0.017461467534303665
1778807372.1353083,-1.3739927673339845,-11.62871795654297,-1.5816110229492188,-0.23288065195083618,-0.714747965335846,0.047966595739126205
1778807372.1573024,-1.803150329589844,-9.857900390625,-0.06930587768554688,-0.06891284883022308,-0.7434130907058716,0.05120782181620598
1778807372.1774259,-1.6777111816406252,-8.400081939697266,0.9617500305175781,-0.17644542455673218,-0.8726829290390015,0.12162143737077713
1778807372.1978054,-1.6280145263671877,-7.704927520751953,0.4604425048828125,-0.2033442109823227,-0.9473724365234375,0.15984494984149933
1778807372.2186253,-1.9547850036621095,-7.685767364501953,-0.8731343078613282,-0.0893324464559555,-0.933439314365387,0.10250619798898697
1778807372.2390037,-2.228266296386719,-8.117319946289063,-1.8121316528320313,0.05465298146009445,-0.8188214898109436,0.027107391506433487
1778807372.2646554,-2.022743682861328,-9.25719955444336,-1.6371455383300781,0.20594081282615662,-0.6880369782447815,-0.020938724279403687
1778807372.2832575,-2.078577575683594,-9.884395294189453,-0.07379653930664062,0.23691801726818085,-0.6195957064628601,-0.01238091941922903
1778807372.3026857,-2.580483856201172,-10.37178176879883,0.9437873840332032,-0.010024459101259708,-0.6728391647338867,0.04631281644105911
1778807372.324427,-2.8903395080566407,-10.740016021728517,0.5167254638671875,-0.28337541222572327,-0.8014407753944397,0.12159156799316406
1778807372.3436344,-2.9987141418457033,-10.469678192138673,-0.3695814514160156,-0.32142210006713867,-0.8820694088935852,0.2286801040172577
1778807372.3661966,-3.5604959106445313,-9.565857696533204,-0.7131170654296876,-0.0460834801197052,-0.9910361170768738,0.22439107298851013
1778807372.388216,-3.652105407714844,-8.72026611328125,-0.2704875183105469,0.028013713657855988,-1.0623618364334106,0.17023709416389465
1778807372.4104028,-2.6767337036132814,-8.48794921875,0.5001100158691406,-0.033579833805561066,-1.1191171407699585,0.136616051197052
1778807372.4312747,-2.0083735656738284,-8.685388641357422,0.3126997375488281,-0.14095887541770935,-1.117398977279663,0.15388354659080505
1778807373.6090276,-1.4962884521484376,-10.774594116210938,-2.4396267700195313,0.012984695844352245,-0.9290256500244141,0.05956951156258583
1778807373.631753,-1.9899618530273437,-9.890083465576172,-0.4141886901855469,-0.043173812329769135,-0.9381164312362671,0.054270461201667786
1778807373.6529584,-2.1201910400390624,-8.977880401611328,1.5199392700195313,-0.28787630796432495,-1.0944870710372925,0.09864428639411926
1778807373.6740985,-1.994901580810547,-8.99853744506836,0.2770738220214844,-0.30254459381103516,-1.123773217201233,0.22450758516788483
1778807373.6977313,-2.1240829467773437,-9.42095901489258,-0.4692741394042969,-0.20772218704223633,-1.1545218229293823,0.30942654609680176
1778807373.718395,-2.3116429138183596,-10.041718139648438,-0.8762777709960938,-0.13866248726844788,-1.1493629217147827,0.24905768036842346
1778807373.739192,-2.334994354248047,-10.244246978759767,-0.8557704162597657,-0.07946491241455078,-1.1309828758239746,0.1558072566986084
1778807373.7608392,-2.2351519775390627,-9.931996307373048,-0.20462448120117188,-0.10962101817131042,-1.1536169052124023,0.07894837856292725
1778807373.7816932,-2.064357147216797,-9.177116088867187,0.6349795532226563,-0.1806851476430893,-1.210244059562683,0.061678096652030945
1778807373.8033009,-2.245330810546875,-9.029223632812501,0.6563850402832031,-0.187062606215477,-1.2317672967910767,0.08043809980154037
1778807373.826055,-2.6065296936035156,-9.274862823486329,0.8390052795410157,-0.14439600706100464,-1.197029948234558,0.11890439689159393
1778807373.8469234,-2.9485684204101563,-9.670340423583985,0.8122109985351563,-0.09454214572906494,-1.1186784505844116,0.14236372709274292
1778807373.867184,-2.9401858520507815,-10.061027984619141,0.609532470703125,-0.15200456976890564,-1.1609468460083008,0.0975131094455719
1778807373.8903031,-2.72792724609375,-10.113269348144533,0.3305126953125,-0.18019579350948334,-1.1740158796310425,0.05524149909615517
1778807373.9120762,-2.768642578125,-9.231453094482422,0.10493179321289063,-0.12573526799678802,-1.114944338798523,0.03802349790930748
1778807373.9339547,-2.8256739807128906,-8.520431671142578,0.47032196044921876,-0.07404831051826477,-1.0532634258270264,0.03369501233100891
1778807374.1942763,-2.5954527282714843,-8.27045150756836,0.7473957824707032,-0.08813986927270889,-0.9269459247589111,0.1134568601846695
1778807374.2168107,-2.8084597778320313,-8.965605926513673,1.5609539794921876,-0.073695607483387,-0.35376983880996704,-0.12579306960105896
1778807374.2375534,-2.968177642822266,-9.081614685058595,1.6624429321289063,-0.08417633175849915,-0.29565900564193726,-0.10855124145746231
1778807374.2597716,-2.844834136962891,-9.360784149169922,1.450184326171875,-0.05158834159374237,-0.2358991950750351,-0.06880771368741989
1778807374.279998,-2.950813751220703,-9.647737426757812,1.5979270935058594,-0.00971826072782278,-0.18559105694293976,-0.027690265327692032
1778807374.2997272,-3.1100825500488285,-9.78560073852539,1.9645147705078125,0.013328101485967636,-0.15067322552204132,-0.008105754852294922
1778807374.3644204,-2.9783564758300782,-11.445349273681641,2.6574238586425785,-0.43409451842308044,-0.18958866596221924,0.19337594509124756
1778807374.3865876,-2.839145965576172,-11.882889404296876,0.5629792785644532,-0.5756244659423828,-0.1320560872554779,0.32024887204170227
1778807374.4094892,-3.0425729370117187,-11.890972595214844,-2.0303778076171874,-0.3661060035228729,0.07385576516389847,0.39245307445526123
1778807374.428158,-3.509901123046875,-11.18953125,-2.0151095581054688,0.12971778213977814,0.09466283023357391,0.21826277673244476
1778807374.4475951,-2.8157945251464844,-9.945917358398438,-0.3209326171875,0.45368021726608276,0.11322517693042755,0.07600662112236023
1778807374.4679425,-1.8874250793457032,-8.456664276123048,1.6516653442382814,0.23107947409152985,0.06301917135715485,0.13874049484729767
1778807374.4893858,-1.6353492736816406,-7.673492889404297,0.6795867919921875,0.004927830770611763,-0.005401743575930595,0.11754155158996582
1778807374.5119245,-1.1061996459960939,-7.508236541748047,-0.7538323974609376,-0.008897681720554829,0.042820610105991364,0.11268135905265808
1778807374.5330613,-0.47376480102539065,-7.989635467529297,-1.0708731079101563,0.13364554941654205,0.030457131564617157,0.11567027121782303
1778807374.5564919,-0.1866618347167969,-9.216035156250001,-0.6051914978027344,0.14397025108337402,-0.025413893163204193,0.08637343347072601
1778807374.6071913,-1.0440788269042969,-11.353889465332031,-0.3046165466308594,0.004388915374875069,-0.06731487810611725,-0.0458088181912899
1778807374.6620555,-1.04662353515625,-9.318721618652344,0.14998809814453126,0.10237598419189453,-0.06308846920728683,-0.3591877520084381
1778807374.7108786,-0.8090675354003907,-8.29200668334961,0.5897735595703125,-0.07881344109773636,-0.12352076172828674,-0.10478505492210388
1778807374.7343128,-1.3181588745117188,-9.097781066894532,0.38350250244140627,-0.05615256354212761,-0.15044650435447693,-0.07575662434101105
1778807374.7601082,-1.1295510864257814,-9.280251617431642,0.7125183105468751,-0.03458307310938835,-0.14526066184043884,-0.04878654330968857
1778807374.8058176,-1.024918670654297,-9.197773132324219,1.0223739624023438,-0.04363473504781723,-0.11273066699504852,0.030288811773061752
1778807374.8334036,-1.0826985168457033,-9.717642059326172,0.8762777709960938,-0.09303171187639236,-0.14634855091571808,-0.031814757734537125
1778807374.8546813,-1.063089294433594,-9.72662338256836,0.5325924682617188,-0.06195947155356407,-0.09677360951900482,-0.030106492340564728
1778807374.8758564,-1.1305989074707032,-9.629026336669922,0.7840695190429688,0.005981496535241604,-0.03073706664144993,-0.01802239753305912
1778807374.90823,-1.1166778564453126,-9.488468627929688,1.22625,0.00861397571861744,-0.009742053225636482,-0.0044839046895504
1778807374.9339972,-0.9180409240722657,-9.30465087890625,1.1645782470703125,-0.011481408029794693,-0.011299947276711464,0.0752110630273819
1778807374.9568594,-1.2401710510253907,-9.147627410888672,1.0591973876953125,0.022936178371310234,0.0011475221253931522,0.11945632100105286
1778807374.978315,-1.3015434265136718,-9.183702392578125,1.0713221740722656,0.07530279457569122,0.025691241025924683,0.13323572278022766
1778807375.0001693,-0.9949809265136719,-9.16139877319336,1.3139675903320314,0.0702628344297409,0.05209743604063988,0.16975003480911255
1778807375.0263183,-0.5486091613769531,-9.505084075927735,1.4847624206542969,0.04482408985495567,0.09442581981420517,0.23433654010295868
1778807375.047114,-0.7360194396972657,-9.96417938232422,1.4485377502441408,0.03098127245903015,0.12145744264125824,0.26206669211387634
1778807375.06877,-1.2995974731445312,-10.336604919433594,1.4024336242675781,0.024504709988832474,0.0897701308131218,0.16956384479999542
1778807375.0917647,-1.5305671691894531,-10.500065002441406,1.3892610168457031,0.034516576677560806,0.10078340023756027,0.12492439895868301
1778807375.1135683,-1.2413685607910157,-10.480156402587891,1.9324813842773438,0.012982005253434181,0.10106667876243591,0.15023045241832733
1778807375.1351352,-1.563798065185547,-10.600955200195314,2.3116429138183596,0.006527182646095753,0.07592098414897919,0.20289871096611023
1778807375.1568496,-2.2412892150878907,-11.635603637695313,2.399210815429688,-0.03188692778348923,0.05338335782289505,0.13772068917751312
1778807375.422667,-2.096240844726563,-12.419972534179688,0.9132508850097657,-0.48252037167549133,-0.043204113841056824,-0.042651865631341934
1778807375.4541652,-0.35745666503906254,-7.306605834960938,0.108973388671875,0.1499461531639099,0.8992032408714294,-0.16447356343269348
1778807375.4764638,-0.2424957275390625,-8.548722839355468,-0.6836283874511719,0.20428872108459473,1.1549193859100342,0.15198439359664917
1778807375.4977162,-1.6175363159179688,-9.855355682373048,-0.494571533203125,0.18714316189289093,1.1515718698501587,0.04964301735162735
1778807375.5184598,-2.7238856506347657,-10.692115631103515,-0.10972183227539063,0.20715321600437164,1.1260184049606323,-0.16984282433986664
1778807375.5417871,-2.791395263671875,-10.267149353027344,0.9150471496582032,0.17554783821105957,1.0728703737258911,-0.32929733395576477
1778807375.5618243,-1.8609301757812502,-9.344617767333984,1.0569520568847657,0.14179225265979767,1.0316874980926514,-0.335157185792923
1778807375.5824323,-1.2772938537597658,-8.688831481933594,0.9383985900878907,0.14852659404277802,1.03169584274292,-0.18327265977859497
1778807375.6030614,-1.5364050292968752,-8.617879028320313,0.8099656677246094,0.1886894553899765,1.017458200454712,-0.06934227794408798
1778807375.624703,-1.9832258605957032,-9.05167694091797,0.8637039184570313,0.22821274399757385,0.9876571297645569,-0.06549710035324097
1778807375.645772,-2.0809725952148437,-9.323062591552734,1.035845947265625,0.24293573200702667,0.9382950067520142,-0.17382799088954926
1778807375.6665902,-1.8139279174804688,-9.346414031982423,1.0768606567382812,0.2641935348510742,0.9358087182044983,-0.2122785598039627
1778807375.6887262,-1.4605128479003906,-9.21843017578125,1.2253518676757813,0.27824121713638306,0.9360211491584778,-0.20813710987567902
1778807375.7107375,-1.5587086486816406,-9.288933563232423,1.167422332763672,0.2462584525346756,0.9228079915046692,-0.21672683954238892
1778807375.7348716,-1.5874488830566407,-9.551188201904298,0.7936495971679688,0.23524747788906097,0.9537809491157532,-0.21207596361637115
1778807375.7548862,-1.6853453063964845,-9.73186248779297,0.628692626953125,0.25499826669692993,1.034623622894287,-0.21042346954345703
1778807375.775154,-1.8133291625976564,-9.850116577148437,0.9093589782714844,0.21024076640605927,1.0323188304901123,-0.21948370337486267
1778807375.796338,-1.713486785888672,-9.88708969116211,1.1517050170898437,0.154649019241333,1.0569535493850708,-0.18165616691112518
1778807375.816061,-1.7461189270019533,-9.827812957763673,1.2735516357421877,0.12002792209386826,1.056593894958496,-0.14836284518241882
1778807375.8364625,-1.8598823547363281,-9.839488677978515,1.0889854431152344,0.1731375902891159,1.0956287384033203,-0.11900067329406738
1778807375.8593473,-1.72201904296875,-10.823242950439454,1.2205618286132813,0.34508416056632996,1.1854979991912842,-0.06836660206317902
1778807375.8815641,-2.066602478027344,-11.542796630859376,1.549427947998047,0.0522671714425087,1.1200016736984253,-0.1135588213801384
1778807375.905814,-1.6636404418945314,-12.055929565429688,-0.1580712890625,-0.37050148844718933,0.9875792860984802,-0.279555082321167
1778807375.9285455,-0.7048841857910156,-11.983929290771485,-2.1845571899414065,-0.06345666944980621,1.2128690481185913,-0.22149290144443512
1778807375.954049,-0.8259823608398438,-10.708431701660157,-1.6819024658203126,0.30912914872169495,1.3496463298797607,-0.18580396473407745
1778807375.9772656,-0.85981201171875,-8.968300323486329,0.5405259704589844,0.10572224110364914,1.3313876390457153,-0.1311134696006775
1778807375.9975412,-0.9145980834960938,-8.106392669677735,-0.12184661865234375,-0.07385624200105667,1.3017683029174805,-0.08353765308856964
1778807376.0179727,-0.9620494079589844,-7.6687028503417976,-1.150806884765625,0.015188859775662422,1.3629456758499146,-0.07071926444768906
1778807376.046228,-0.8878038024902344,-7.742050323486328,-0.9518705749511719,0.17667481303215027,1.398157000541687,-0.1050809696316719
1778807376.0672028,-0.67779052734375,-9.235345001220704,0.23546035766601564,0.16174432635307312,1.2894880771636963,-0.1592952013015747
1778807376.0888515,-0.6815327453613281,-10.286758575439453,0.24324417114257812,0.008665664121508598,1.187025547027588,-0.19285811483860016
1778807376.1105278,-0.4052073669433594,-11.377989349365235,-0.09505233764648438,-0.034263260662555695,1.0407754182815552,-0.250496506690979
1778807376.1304023,-0.12079879760742188,-12.002041625976563,-0.4996609497070313,0.13776938617229462,0.992423415184021,-0.24960921704769135
1778807376.1531534,-0.28380981445312503,-11.396550750732423,-0.46957351684570314,0.1771823763847351,0.9614652395248413,-0.28255248069763184
1778807376.1756213,-0.46343627929687503,-9.6519287109375,0.11660751342773439,0.15246467292308807,0.9208418130874634,-0.3023666739463806
1778807376.7470462,-0.5878276062011719,-8.662635955810547,0.6179150390625,0.11101586371660233,0.8728049397468567,-0.2875378429889679
1778807376.771649,-1.1678713989257814,-8.605604553222657,-1.5676899719238282,0.03268441930413246,0.2001129686832428,0.14135654270648956
1778807376.7918851,-1.8227595520019533,-8.699758758544922,-2.039059753417969,0.10518476366996765,0.3709287643432617,0.009075967594981194
1778807376.812661,-1.7214202880859375,-9.31378189086914,-1.748214569091797,0.2618388533592224,0.5703858733177185,-0.1050833910703659
1778807376.8335135,-1.568588104248047,-9.996661834716797,-0.5261558532714844,0.3698437213897705,0.7445309162139893,-0.12642835080623627
1778807376.8539782,-1.5950830078125,-10.769654388427735,0.46104125976562504,0.2821599543094635,0.7636989951133728,-0.084566131234169
1778807376.8760066,-1.8076409912109377,-11.065738677978516,0.2613565063476563,0.1064508780837059,0.7321637272834778,0.016586564481258392
1778807376.8970506,-2.2273681640625003,-10.35561538696289,-0.6423143005371094,0.09333769232034683,0.6995288133621216,0.05087827518582344
1778807376.9178247,-2.1878503417968753,-9.408385162353516,-1.398541717529297,0.3445303440093994,0.8011366128921509,0.04420521855354309
1778807376.9390216,-1.6226257324218751,-8.645272064208985,-0.8767268371582032,0.4637933373451233,0.916506826877594,0.08604656904935837
1778807377.207319,-0.9354048156738282,-8.337961120605469,0.6081852722167969,0.31391409039497375,0.9428184032440186,0.1515175700187683
1778807377.2310526,-1.6582516479492189,-9.731712799072266,0.7225474548339844,0.10902658104896545,1.3917261362075806,-0.14328041672706604
1778807378.3185432,0.4412823486328125,-11.731554107666016,-0.30371841430664065,-0.08115441352128983,0.5385286211967468,-0.057135310024023056
1778807378.3442929,0.16630416870117187,-9.819580078125,-0.5502557373046876,0.3661055266857147,0.8637230396270752,0.025205183774232864
1778807378.364824,-0.5812413024902344,-8.040379943847658,1.8218614196777345,0.43281489610671997,0.9944280385971069,0.07739339023828506
1778807378.3850307,-1.1202703857421876,-7.739954681396485,2.598446502685547,0.20033347606658936,0.8203423023223877,-0.048888854682445526
1778807378.6965408,-1.7049545288085939,-9.415570220947266,1.7682728576660156,0.11989739537239075,1.119484782218933,0.04107118397951126
1778807378.71782,-1.6193325805664063,-9.525591430664063,1.5920892333984376,0.14067521691322327,1.1244550943374634,0.02794528752565384
1778807378.7365036,-1.6277151489257813,-9.526938629150392,1.7193246459960938,0.14035798609256744,1.1107127666473389,-0.009873599745333195
1778807378.7556016,-1.490899658203125,-9.420210571289063,1.8405725097656251,0.11408048868179321,1.1237852573394775,-0.028066951781511307
1778807378.7755609,-1.4638059997558595,-9.26633056640625,1.811682586669922,0.07915560156106949,1.117276668548584,-0.05243056267499924
1778807378.7970614,-1.4159056091308595,-9.152417449951173,1.8509010314941408,0.055328838527202606,1.1160486936569214,-0.051613323390483856
1778807378.8161256,-1.526675262451172,-9.260642395019532,1.8696121215820314,0.0486912839114666,1.0932579040527344,-0.08668819069862366
1778807378.8361254,-1.6790583801269532,-9.430539093017579,1.8059944152832033,0.05506721884012222,1.1008799076080322,-0.12458723783493042
1778807378.8568811,-1.8776953125,-9.522747344970703,1.5628999328613282,0.06202017515897751,1.124272346496582,-0.18659502267837524
1778807378.878142,-1.9582278442382814,-9.349707183837891,1.5700849914550783,0.0736536830663681,1.0993342399597168,-0.2333158552646637
1778807378.8998177,-1.4184503173828125,-9.343270568847657,1.7527052307128907,0.08245425671339035,1.1081708669662476,-0.19305233657360077
1778807378.9195113,-1.6578025817871094,-9.450597381591797,1.8136285400390626,0.08299530297517776,1.0974104404449463,-0.18189318478107452
1778807378.9413533,-1.9468515014648438,-9.428144073486328,1.714833984375,0.0644058883190155,1.120370626449585,-0.18174821138381958
1778807378.961375,-2.1736299133300783,-9.297465820312501,1.877545623779297,0.06641164422035217,1.1192203760147095,-0.21554778516292572
1778807378.9826448,-1.8994001770019533,-9.158854064941407,2.116897888183594,0.0777207687497139,1.096670150756836,-0.2247927188873291
1778807379.0028715,-1.7395326232910158,-9.430539093017579,2.2766157531738282,0.08498433977365494,1.0655126571655273,-0.22507718205451965
1778807379.02308,-1.6357983398437501,-9.85071533203125,2.2875430297851564,0.03355009853839874,0.9894924163818359,-0.24272722005844116
1778807379.0447168,-1.5500267028808594,-10.146051177978515,2.2219793701171877,0.0011313892900943756,0.9273918271064758,-0.24656285345554352
1778807379.0658336,-1.5880476379394532,-10.255473632812501,2.2106030273437502,0.004246863536536694,0.8757933378219604,-0.2412567436695099
1778807379.086273,-1.6349002075195314,-10.164762268066406,2.3435266113281252,0.00400545634329319,0.7858832478523254,-0.24708767235279083
1778807379.107443,-1.4673985290527345,-9.789642333984375,2.92431884765625,-0.05079140514135361,0.7068321108818054,-0.19742687046527863
1778807379.1282613,-1.5754737854003906,-9.902357940673829,3.143463134765625,-0.02183055877685547,0.6350197196006775,-0.1372237205505371
1778807379.146783,-2.2335054016113283,-10.56967025756836,2.5403672790527345,-0.0034471172839403152,0.5396448969841003,-0.14064495265483856
1778807379.1674154,-2.522704010009766,-11.311826934814453,1.2515473937988282,-0.2734423875808716,0.39126327633857727,-0.19865655899047852
1778807379.1875834,-2.479893035888672,-11.984528045654297,-0.4836442565917969,-0.30053284764289856,0.2688232362270355,-0.3213558793067932
1778807379.210037,-2.363734588623047,-12.277618560791016,-1.5521223449707031,-0.1385720670223236,0.40769216418266296,-0.34241798520088196
1778807379.2299764,-1.8269508361816407,-11.25554397583008,-1.415606231689453,0.10318062454462051,0.48292243480682373,-0.3100149631500244
1778807379.2506883,-1.2841795349121095,-9.636510772705078,-0.525706787109375,0.23012878000736237,0.4905865788459778,-0.20841318368911743
1778807379.2723205,-1.0792556762695313,-7.869884490966797,0.5514532470703125,0.04137822985649109,0.41561511158943176,0.05744970217347145
1778807379.2930088,-1.580413513183594,-6.70889877319336,0.23007156372070314,0.09371410310268402,0.389060378074646,0.11891407519578934
1778807379.3138015,-2.312091979980469,-6.849157104492188,-0.07095245361328126,0.2728491723537445,0.2991224229335785,0.01048094592988491
1778807379.3349273,-2.515668640136719,-8.249794464111329,-0.0014968872070312501,0.19449591636657715,0.24525167047977448,-0.11320436745882034
1778807379.3549569,-1.0590476989746094,-10.635832672119141,0.051043853759765626,-0.14667204022407532,0.15817731618881226,-0.13307838141918182
1778807379.37609,-0.5665718078613281,-11.934981079101563,-0.6325845336914063,-0.2395189106464386,0.12430300563573837,-0.09291106462478638
1778807379.3968952,-0.8026309204101563,-12.319381713867188,-0.9451345825195313,0.03643454611301422,0.12726236879825592,-0.10317578911781311
1778807379.4205468,-1.2533436584472657,-10.664722595214844,-0.20672012329101563,0.3237949311733246,0.09800966084003448,-0.18207593262195587
1778807379.4406211,-1.4206956481933595,-9.182654571533204,1.2252021789550782,0.2088141143321991,-0.06776755303144455,-0.25482210516929626
1778807379.4601722,-1.141226806640625,-8.170010375976563,1.9401155090332032,-0.014688145369291306,-0.15100134909152985,-0.1818799376487732
1778807379.4807603,-0.9081614685058594,-7.958799591064453,1.2981005859375,-0.09388650953769684,-0.20034171640872955,-0.07981459051370621
1778807379.4998226,-0.8861572265625001,-8.205486602783203,0.8152047729492188,-0.10129313915967941,-0.20932215452194214,-0.021083395928144455
1778807379.524675,-1.1391311645507813,-8.687783660888673,0.8300239562988282,-0.1073540523648262,-0.2733553647994995,0.11352162808179855
1778807379.5445206,-1.4630575561523438,-9.572444000244142,1.0873388671875,-0.12673769891262054,-0.3723755180835724,0.12039511650800705
1778807379.5661123,-1.499132537841797,-9.733059997558595,1.3412109375,-0.15230792760849,-0.4436269700527191,0.12076782435178757
1778807379.5862873,-1.6621435546875,-9.695188751220703,1.3696517944335938,-0.20770597457885742,-0.5014463067054749,0.07857315242290497
1778807379.6093967,-1.469194793701172,-9.3932666015625,1.176104278564453,-0.20658862590789795,-0.5749607086181641,0.04000949114561081
1778807380.629663,-2.4707620239257815,-11.434871063232423,2.115700378417969,-0.06369274109601974,-0.05309450253844261,-0.024969402700662613
1778807380.6502972,-2.652184753417969,-12.105476531982422,1.0886860656738282,-0.30532681941986084,-0.08626963198184967,-0.08308783173561096
1778807380.6699486,-2.3129901123046874,-12.375215606689453,-0.36658767700195316,-0.25012585520744324,-0.09955937415361404,-0.1667320430278778
1778807380.6912296,-2.0098704528808593,-12.042457580566406,-0.3441343688964844,0.05355899780988693,-0.04306149482727051,-0.19183550775051117
1778807380.7133682,-1.7618362426757814,-10.897937622070312,1.036893768310547,0.08241593092679977,-0.16050508618354797,-0.15146371722221375
1778807380.734767,-1.6434324645996095,-9.769883422851564,0.9361532592773438,-0.036814406514167786,-0.19382405281066895,-0.06619087606668472
1778807380.7574768,-1.4941928100585937,-8.61293930053711,-0.28306137084960936,-0.035820767283439636,-0.21437881886959076,-0.03970395401120186
1778807380.779187,-1.1166778564453126,-8.022866363525392,-0.8068222045898438,-0.04845243692398071,-0.21749387681484222,-0.01346017885953188
1778807380.8001666,-1.0364447021484375,-7.572303314208985,-1.3016931152343751,-0.03741193562746048,-0.12342976033687592,0.04814363643527031
1778807380.8206172,-1.2557386779785158,-7.7285783386230476,-0.9044192504882813,0.07568905502557755,-0.05113345757126808,0.07173232734203339
1778807380.8418918,-1.4115646362304688,-8.804391174316407,0.128133544921875,0.1082896888256073,-0.1057407483458519,-0.002099079778417945
1778807380.8689213,-0.8171507263183594,-10.763367462158204,-0.14459930419921876,-0.0729285255074501,-0.26575106382369995,-0.12590093910694122
1778807380.8922396,-0.23067031860351564,-11.925550689697266,-0.8437953186035156,-0.14564023911952972,-0.4055338501930237,-0.16480335593223572
1778807380.9119923,-0.08247848510742188,-12.200528869628906,-1.5042219543457032,0.06090404838323593,-0.3267067074775696,-0.11232510209083557
1778807380.9315646,-0.8217910766601563,-11.02143081665039,-1.3801300048828127,0.2656310200691223,-0.29045847058296204,-0.13945786654949188
1778807380.9508188,-1.5049703979492188,-9.402098236083985,0.09205856323242188,0.23851461708545685,-0.39921632409095764,-0.2032822221517563
1778807380.9703035,-1.2376263427734375,-8.222251739501953,1.216520233154297,0.059294868260622025,-0.5251992344856262,-0.17807386815547943
1778807380.9935741,-0.8795709228515626,-7.845784606933594,0.9165440368652344,-0.08872173726558685,-0.6014274954795837,-0.09594447910785675
1778807381.0159218,-0.501606903076172,-8.346493377685547,0.23680755615234375,-0.12734465301036835,-0.6607112288475037,-0.0030440986156463623
1778807381.0349498,-0.38559814453125,-9.062155151367188,0.13412109375,-0.09106890112161636,-0.7004554271697998,0.08699790388345718
1778807381.0546231,-0.5054988098144532,-9.806856536865235,0.2664459228515625,-0.09186874330043793,-0.7273494601249695,0.1626853495836258
1778807381.0759501,-1.1190728759765625,-10.25876678466797,0.4872367858886719,-0.1540086418390274,-0.7524595260620117,0.1440306007862091
1778807381.0972948,-1.01309326171875,-10.255773010253908,0.52929931640625,-0.13870009779930115,-0.8601087331771851,0.028200559318065643
1778807381.1181788,-0.4044589233398438,-9.853709106445313,0.4293072509765625,-0.0808136835694313,-0.900070309638977,0.0005195280537009239
1778807381.139234,-0.23665786743164063,-9.42095901489258,0.5517526245117188,-0.08668436855077744,-0.9165825843811035,0.04121379926800728
1778807381.1638575,-0.4351451110839844,-9.41197769165039,0.5325924682617188,-0.14105224609375,-0.908569872379303,0.10150942206382751
1778807381.1846619,-0.95082275390625,-9.578880615234375,0.771046600341797,-0.12644752860069275,-0.9324186444282532,0.09363269060850143
1778807381.204042,-0.9111552429199219,-9.590706024169922,0.9343569946289063,-0.09029058367013931,-0.9463781714439392,0.09978698939085007
1778807381.266767,-0.8262817382812501,-9.663454742431641,0.9303153991699219,-0.053097113966941833,-0.9900164604187012,0.17381948232650757
1778807381.2903845,-0.7041357421875001,-9.767787780761719,0.9391470336914063,-0.04525389522314072,-0.9851422905921936,0.18720176815986633
1778807381.3121305,-0.6042933654785156,-9.811197509765625,1.0437794494628907,-0.0700533390045166,-0.9809209704399109,0.2061871737241745
1778807381.3313766,-0.5074447631835938,-9.751172332763673,1.1000624084472657,-0.058392513543367386,-0.9743661880493164,0.23973707854747772
1778807381.3519769,-0.5613327026367188,-9.832153930664063,1.161285095214844,-0.04623052850365639,-0.9865180253982544,0.24421562254428864
1778807381.3759222,-0.7256909179687501,-9.849517822265625,1.2063414001464845,-0.06962952017784119,-0.9694796800613403,0.26436325907707214
1778807381.3959928,-1.0195298767089844,-9.781858520507813,1.3346246337890626,-0.08897092938423157,-0.994304358959198,0.24923840165138245
1778807381.4202201,-0.961600341796875,-9.752369842529298,1.531614990234375,-0.0762309655547142,-1.0438446998596191,0.24624577164649963
1778807381.442014,-0.8137078857421876,-9.349707183837891,1.7883311462402345,-0.09354304522275925,-1.07987642288208,0.31853654980659485
1778807381.4621205,-1.1365864562988282,-9.421408081054688,1.773511962890625,-0.07048945128917694,-1.1248672008514404,0.380963534116745
1778807381.4844532,-1.8061441040039063,-10.432854766845704,1.9414627075195314,-0.010629435069859028,-1.180044174194336,0.3241080939769745
1778807381.5093372,-1.8365309143066406,-11.91851531982422,1.4783258056640625,-0.4702651798725128,-1.2705954313278198,0.16120658814907074
1778807381.527417,-1.2576846313476564,-12.937296752929688,-0.7050338745117188,-0.5834036469459534,-1.2648305892944336,0.08680104464292526
1778807381.5472472,-0.5288502502441407,-12.894485778808594,-2.2647903442382815,-0.1397974193096161,-0.9428245425224304,0.18157696723937988
1778807381.5674796,-1.565145263671875,-11.020532684326172,-1.081201629638672,-0.008039357140660286,-0.9534955024719238,0.12920062243938446
1778807381.5884957,-1.8528469848632814,-9.331145782470704,1.0509645080566408,-0.2505773603916168,-1.1020092964172363,0.09874750673770905
1778807381.611101,-1.2166699218750001,-8.181985473632812,0.8039781188964844,-0.33508288860321045,-1.0836448669433594,0.2069549709558487
1778807381.6305737,-1.2638218688964844,-7.436535644531251,-1.1163784790039064,-0.19330640137195587,-1.0330308675765991,0.2669011056423187
1778807381.650655,-1.4795233154296876,-7.604785766601563,-1.4540762329101564,0.022528477013111115,-0.9794907569885254,0.2009289264678955
1778807381.6751275,-1.4078224182128907,-8.936865692138673,-0.9141490173339845,0.20851708948612213,-0.85547935962677,0.13051985204219818
1778807381.6956308,-1.1039543151855469,-10.06521926879883,0.46613067626953125,0.0853828564286232,-0.7891315221786499,0.14151284098625183
1778807381.7173378,-1.368603973388672,-11.122321014404298,0.8509803771972657,-0.20834290981292725,-0.7927058339118958,0.20200246572494507
1778807381.7387803,-1.9651135253906251,-11.516451416015625,0.03203338623046875,-0.31954723596572876,-0.7483648061752319,0.264847069978714
1778807381.7605448,-2.9964688110351565,-10.27029281616211,-0.9607022094726563,-0.1320250779390335,-0.6927439570426941,0.22788840532302856
1778807381.783498,-3.034040679931641,-9.074130249023439,-0.5761518859863282,0.1055605337023735,-0.7009379863739014,0.11881784349679947
1778807381.805482,-2.0158580017089847,-8.364156646728516,0.34024246215820314,0.17406025528907776,-0.6592517495155334,0.12588950991630554
1778807382.8867793,-0.5533992004394531,-9.573192443847656,0.5908213806152344,-0.08425600081682205,-0.788751482963562,0.029497012495994568
1778807382.9115596,-0.7478448486328125,-9.605674896240235,0.6457571411132813,-0.1132088378071785,-0.809110164642334,0.04079291597008705
1778807382.9324486,-1.0940748596191407,-9.584718475341797,0.7250921630859375,-0.12028367817401886,-0.8203138709068298,0.04596506804227829
1778807382.9516163,-1.1850856018066407,-9.45643524169922,0.8566685485839844,-0.1244625523686409,-0.863914430141449,0.04463401809334755
1778807382.9735384,-1.0005194091796876,-9.48517547607422,1.0243199157714844,-0.13181518018245697,-0.8719488382339478,0.09982091933488846
1778807382.9943337,-1.2253518676757813,-9.4603271484375,1.0192304992675782,-0.149481862783432,-0.8937188386917114,0.13784125447273254
1778807383.0196974,-1.2174183654785158,-9.514514465332033,0.8966354370117188,-0.12603363394737244,-0.9310556650161743,0.13946124911308289
1778807383.2771513,-1.0997630310058595,-9.581125946044923,0.9186396789550781,-0.10214404761791229,-0.920465350151062,0.17735075950622559
1778807383.3007407,-1.554217987060547,-8.585995330810547,2.3011647033691407,-0.25187844038009644,-1.2184622287750244,0.1891731470823288
1778807383.3220515,-1.304088134765625,-8.932225341796876,0.4986131286621094,-0.4550723135471344,-1.350752592086792,0.2841198146343231
1778807383.343173,-1.5176939392089845,-9.335486755371095,-1.1536509704589843,-0.3893744647502899,-1.3392342329025269,0.3580237627029419
1778807383.3640854,-2.0811222839355468,-9.561516723632813,-1.8190173339843752,-0.2458018958568573,-1.24828040599823,0.35651475191116333
1778807383.3839335,-2.414928131103516,-9.730215911865235,-1.5682887268066408,-0.13310633599758148,-1.1893271207809448,0.2603795528411865
1778807383.4051502,-2.3270608520507814,-9.797725524902344,-0.7131170654296876,-0.15492352843284607,-1.2416157722473145,0.13007859885692596
1778807383.4264863,-2.281106414794922,-9.652078399658203,0.09774673461914063,-0.2622481882572174,-1.3220502138137817,0.10327837616205215
1778807383.4478128,-2.3544538879394534,-9.406738586425782,0.21899459838867188,-0.29545915126800537,-1.3420987129211426,0.1671787053346634
1778807383.4686515,-2.615061950683594,-9.300908660888672,0.09774673461914063,-0.27552980184555054,-1.3470778465270996,0.2204650193452835
1778807383.490534,-3.045117645263672,-9.840985565185548,-0.1830693054199219,-0.27273881435394287,-1.3528656959533691,0.2428985834121704
1778807383.5178852,-2.950514373779297,-10.097102966308594,-0.3794609069824219,-0.2767665982246399,-1.4041402339935303,0.2008289247751236
1778807383.5432475,-2.6967919921875003,-9.770482177734376,-0.5140310668945313,-0.23957470059394836,-1.3781286478042603,0.19053198397159576
1778807383.5632708,-2.6165588378906253,-9.328750762939453,-0.11690689086914063,-0.21379238367080688,-1.386675477027893,0.172461599111557
1778807383.5832386,-2.4876768493652346,-8.989107055664062,0.0622705078125,-0.28601890802383423,-1.3949048519134521,0.18484024703502655
1778807383.6051548,-2.3035597229003906,-8.87639144897461,-0.02245330810546875,-0.328418105840683,-1.3859562873840332,0.1944252997636795
1778807383.6263409,-2.2314097595214846,-8.882977752685548,-0.23620880126953125,-0.3787645697593689,-1.3448009490966797,0.2166222482919693
1778807383.6474617,-2.468367004394531,-9.049730987548829,-0.3119512939453125,-0.4362403452396393,-1.3047378063201904,0.22054260969161987
1778807383.6688101,-3.01532958984375,-9.44595703125,-0.36239639282226566,-0.4620576500892639,-1.2662878036499023,0.18818211555480957
1778807383.6910322,-2.9484187316894532,-9.610015869140625,-0.4309538269042969,-0.4424227476119995,-1.27195405960083,0.14493711292743683
1778807383.7131956,-2.7071205139160157,-9.73425750732422,-0.32602203369140625,-0.4259796738624573,-1.2656450271606445,0.1435701847076416
1778807383.7351708,-2.6589207458496094,-9.727371826171876,0.027093658447265627,-0.4675617218017578,-1.280387043952942,0.17417468130588531
1778807383.7552066,-2.766097869873047,-9.595945129394531,0.23201751708984375,-0.4636862874031067,-1.3147228956222534,0.1628025323152542
1778807383.776025,-2.78061767578125,-9.539512481689453,0.2442919921875,-0.41392698884010315,-1.3209562301635742,0.13995157182216644
1778807383.7969437,-2.750829620361328,-9.494905242919922,0.2851570129394531,-0.3985992670059204,-1.3294278383255005,0.0978521853685379
1778807383.8181198,-2.6217979431152343,-9.520052947998048,0.15881973266601562,-0.4046373963356018,-1.3125483989715576,0.06420779973268509
1778807383.8382494,-2.6888584899902344,-9.524393920898438,0.07080276489257813,-0.39079272747039795,-1.2798516750335693,0.024797946214675903
1778807383.8762271,-2.7256819152832032,-9.355694732666016,-0.04221221923828125,-0.26457318663597107,-1.2006845474243164,-0.04876122623682022
1778807383.8954422,-2.8036697387695315,-9.32426010131836,0.21869522094726562,-0.20995528995990753,-1.1682524681091309,-0.06750383228063583
1778807383.915003,-2.9633876037597657,-9.363628234863281,0.3288661193847656,-0.18476636707782745,-1.1341001987457275,-0.09324784576892853
1778807383.936387,-3.0948143005371094,-9.328002319335939,0.34682876586914063,-0.1523059457540512,-1.098573088645935,-0.1149783805012703
1778807383.958477,-3.0937664794921877,-9.24282943725586,0.4340972900390625,-0.12527717649936676,-1.0697752237319946,-0.10233043879270554
1778807383.98027,-3.204236755371094,-9.262738037109376,0.36314483642578127,-0.08920536190271378,-1.036864995956421,-0.09174720197916031
1778807384.001777,-3.131038970947266,-9.429341583251954,0.37317398071289065,-0.03741759806871414,-0.9885120391845703,-0.08103146404027939
1778807384.0223727,-2.985242156982422,-9.549242248535156,0.5355862426757813,0.04370983690023422,-0.939834475517273,-0.08015014976263046
1778807384.0426683,-2.9368927001953127,-9.465266876220703,0.7530839538574219,0.06378627568483353,-0.9126741886138916,-0.0784369632601738
1778807384.0640721,-2.8601023864746096,-9.341324615478516,0.7780819702148438,0.10099857300519943,-0.8902368545532227,-0.08210080116987228
1778807384.083532,-2.7562184143066406,-9.260642395019532,0.711171112060547,0.14660994708538055,-0.8630667328834534,-0.08781594783067703
1778807384.1030877,-2.6632617187500003,-9.426796875,0.6251000976562501,0.16534240543842316,-0.8215643167495728,-0.10126251727342606
1778807384.1256375,-2.4650738525390627,-9.70985824584961,0.6027964782714844,0.1224047988653183,-0.7422617673873901,-0.08543933928012848
1778807384.1461494,-2.3269111633300783,-10.046059112548829,0.6219566345214844,0.0763726532459259,-0.6810846924781799,-0.06143172085285187
1778807384.1688783,-2.658621368408203,-10.023007049560547,0.3177891540527344,-0.039947688579559326,-0.7248232960700989,-0.11046522855758667
1778807384.1892383,-2.7837611389160157,-9.908944244384767,-0.5333409118652344,-0.04966207593679428,-0.7388390302658081,-0.17783327400684357
1778807384.2107959,-2.684367828369141,-9.805359649658204,-0.8065228271484376,0.22338560223579407,-0.7016267776489258,-0.23319174349308014
1778807384.2342632,-2.561623077392578,-9.6998291015625,0.03397933959960937,0.21557073295116425,-0.7517461776733398,-0.20416948199272156
1778807384.254179,-2.9678782653808593,-9.503138122558594,0.9554631042480469,0.07686666399240494,-0.8596964478492737,-0.16305677592754364
1778807384.2765896,-3.074905700683594,-9.29072982788086,0.26734405517578125,0.028772592544555664,-0.8963493704795837,-0.10121162980794907
1778807384.297015,-2.728076934814453,-8.964707794189454,-0.07843688964843751,0.05748062953352928,-0.8801508545875549,0.023203028365969658
1778807384.3172133,-2.323019256591797,-8.9286328125,0.1579216003417969,0.03417104482650757,-0.9342846870422363,0.12951388955116272
1778807384.3452847,-1.3431568908691407,-9.238189086914064,0.5968089294433594,-0.03861082345247269,-1.0667411088943481,0.26241010427474976
1778807384.367607,-1.1594888305664064,-9.539213104248047,0.9168434143066406,-0.09654610604047775,-1.1589637994766235,0.2746230363845825
1778807384.387737,-1.289568328857422,-10.05908203125,0.9904902648925782,-0.19620414078235626,-1.259717583656311,0.21719279885292053
1778807384.409376,-1.3391152954101564,-10.832673339843751,0.5077441406250001,-0.3893176019191742,-1.362008810043335,-0.009642533026635647
1778807384.4294417,-1.0234217834472656,-11.39685012817383,-0.4105961608886719,-0.35083964467048645,-1.2692464590072632,-0.10884205996990204
1778807384.4516494,-0.19953506469726565,-10.981014862060547,-0.7958949279785157,-0.18863394856452942,-1.123942255973816,-0.11021038889884949
1778807384.4720082,-0.06122268676757813,-9.719138946533203,-0.2721340942382813,-0.11768842488527298,-1.045127511024475,-0.08820272237062454
1778807384.4924512,-0.5749543762207031,-8.468639373779297,1.0193801879882813,-0.15384504199028015,-1.0563750267028809,-0.07635445147752762
1778807384.5148685,-0.9653425598144532,-8.507708129882813,1.29091552734375,-0.21494349837303162,-1.081728219985962,-0.07984865456819534
1778807384.5361245,-1.2073892211914063,-9.018146667480469,1.2424163818359375,-0.2553267180919647,-1.076208233833313,-0.0668313130736351
1778807384.55592,-1.4066249084472657,-9.620194702148439,1.0057585144042969,-0.26121985912323,-1.073545217514038,-0.05779131501913071
1778807384.5755508,-1.52562744140625,-9.807455291748047,0.99393310546875,-0.2463589608669281,-1.063539743423462,-0.06278849393129349
1778807384.595103,-1.5911911010742188,-9.635163574218751,1.050066375732422,-0.2267480343580246,-1.0640833377838135,-0.0689031183719635
1778807384.6149278,-1.5385006713867189,-9.496102752685548,1.1391311645507813,-0.19566947221755981,-1.0531206130981445,-0.06057701259851456
1778807384.6367166,-1.653611297607422,-9.562564544677734,1.360221405029297,-0.21441680192947388,-1.08159339427948,-0.042871035635471344
1778807384.6597023,-1.7345928955078125,-9.667795715332032,1.3211526489257812,-0.22364941239356995,-1.144614338874817,-0.023821311071515083
1778807384.6806738,-1.6780105590820313,-9.663454742431641,1.1057505798339844,-0.19185355305671692,-1.1131333112716675,0.037041377276182175
1778807384.7009966,-1.744622039794922,-9.505233764648438,1.1606863403320313,-0.17196597158908844,-1.0871713161468506,0.09388907253742218
1778807384.72188,-1.85135009765625,-9.26962371826172,1.3465997314453126,-0.1703149378299713,-1.1244289875030518,0.0977088212966919
1778807384.7465613,-1.550625457763672,-9.283245391845703,1.5295193481445313,-0.19672775268554688,-1.2046269178390503,0.08990027010440826
1778807384.7684064,-1.2966036987304688,-9.350305938720703,1.5527210998535157,-0.20499321818351746,-1.2237282991409302,0.15378731489181519
1778807384.7886276,-1.4840139770507814,-9.492809600830078,1.4563215637207032,-0.18118023872375488,-1.2341206073760986,0.17020371556282043
1778807384.8090634,-1.6401393127441406,-9.700128479003906,1.4636563110351564,-0.1635056734085083,-1.2882481813430786,0.14125438034534454
1778807384.8294506,-1.466799774169922,-9.813592529296875,1.4563215637207032,-0.16704688966274261,-1.3255242109298706,0.1344289630651474
1778807385.053769,-1.3826747131347656,-9.317823486328125,1.1831396484375,-0.15352892875671387,-1.0282460451126099,0.14808662235736847
1778807385.0770838,-2.0086729431152346,-8.436156921386718,1.1401789855957032,-0.2965192198753357,-1.1253676414489746,0.06732632964849472
1778807385.0983691,-1.3751902770996094,-8.128845977783204,-1.071621551513672,-0.15567006170749664,-1.096186876296997,0.03170447424054146
1778807385.1186306,-0.8798703002929688,-8.577612762451173,-1.6287629699707031,0.07642768323421478,-0.9586910605430603,0.05487613007426262
1778807385.1395566,-0.841699676513672,-9.119635620117188,-0.9077124023437501,0.21981045603752136,-0.7810132503509521,0.10954231023788452
1778807385.1617346,-1.4247372436523438,-9.739646301269532,0.42242156982421875,0.20367850363254547,-0.7238532304763794,0.12111009657382965
1778807385.1821742,-2.2342538452148437,-10.166708221435547,1.24301513671875,0.037323225289583206,-0.7395839095115662,0.10163341462612152
1778807385.2033272,-2.542462921142578,-10.400671691894532,0.8726852416992188,-0.1735749989748001,-0.7638278007507324,0.14556387066841125
1778807385.226387,-2.587519226074219,-10.542277221679688,0.3107537841796875,-0.12075275182723999,-0.7431002855300903,0.20143908262252808
1778807385.2466016,-2.907703399658203,-10.232271881103516,0.2315684509277344,-0.030470479279756546,-0.7380818128585815,0.20080964267253876
1778807385.269526,-2.5303381347656253,-9.047635345458986,0.5493576049804688,-3.087334334850311e-05,-0.7470057010650635,0.20025010406970978
1778807385.291068,-2.0948936462402346,-8.574768676757813,0.5345384216308594,0.029858596622943878,-0.6839680671691895,0.20166827738285065
1778807385.313067,-1.545835418701172,-8.435109100341798,0.70892578125,0.035537272691726685,-0.6012547612190247,0.19947867095470428
1778807385.3344421,-1.2840298461914064,-8.740324401855469,0.8291258239746094,-0.009760303422808647,-0.484914094209671,0.17564807832241058
1778807385.3553956,-1.402134246826172,-9.228758697509766,0.8798703002929688,-0.038118571043014526,-0.4223581850528717,0.12751713395118713
1778807385.3760417,-1.773511962890625,-9.641749877929689,0.9692344665527344,-0.04730591922998428,-0.37250030040740967,0.060832563787698746
1778807385.3956208,-2.2915846252441407,-9.709259490966797,0.9220825195312501,-0.006672963034361601,-0.34200483560562134,-0.02128017693758011
1778807385.414441,-2.4034020996093752,-9.501790924072266,0.8116122436523437,0.060604121536016464,-0.30156752467155457,-0.06349583715200424
1778807385.4343843,-2.18665283203125,-9.145980834960938,1.1401789855957032,0.07095906883478165,-0.26950904726982117,-0.024951931089162827
1778807385.4549024,-2.205363922119141,-8.919202423095703,1.6363970947265625,0.0230781901627779,-0.3018478751182556,0.0160981398075819
1778807385.478142,-2.653531951904297,-8.818761291503908,1.6693286132812502,-0.025892263278365135,-0.33807873725891113,0.02775750868022442
1778807385.5016632,-2.838846588134766,-8.661288757324218,1.5049703979492188,-0.019381171092391014,-0.3516392111778259,0.013028465211391449
1778807385.522248,-2.695594482421875,-8.586294708251954,1.6136444091796875,0.016685066744685173,-0.3132352828979492,-0.01135716401040554
1778807385.5428221,-2.3739134216308595,-8.79256576538086,2.0651055908203126,-0.031804073601961136,-0.3250598609447479,-0.0062276702374219894
1778807385.5648487,-2.2598506164550782,-9.08430908203125,2.332449645996094,-0.10126650333404541,-0.33195000886917114,-0.00808707159012556
1778807385.5880854,-2.365381164550781,-9.333241424560548,2.0782781982421876,-0.12186604738235474,-0.3584194779396057,-0.05368424579501152
1778807385.6099694,-2.2529649353027343,-9.536219329833985,1.985321502685547,-0.10982011258602142,-0.3775908946990967,-0.09982116520404816
1778807385.631806,-2.2143452453613284,-9.59923828125,1.9106268310546877,-0.10413419455289841,-0.3341987729072571,-0.12361633032560349
1778807385.6531017,-2.2848486328125,-9.559870147705078,1.9071839904785157,-0.08148230612277985,-0.2930770516395569,-0.13967812061309814
1778807385.676399,-2.3837928771972656,-9.77886474609375,1.9329304504394533,-0.025998342782258987,-0.23178374767303467,-0.1584482640028
1778807385.696482,-2.123184814453125,-10.110275573730469,2.106419677734375,-0.01990828663110733,-0.20158962905406952,-0.1499011367559433
1778807385.7162955,-1.894310760498047,-10.322833557128908,2.3646327209472657,-0.059098850935697556,-0.19483676552772522,-0.10568498075008392
1778807385.7354798,-2.22497314453125,-10.813662872314454,2.412682800292969,-0.046475984156131744,-0.21040016412734985,-0.04290544614195824
1778807385.7548118,-3.1422656250000003,-11.498039703369141,1.811532897949219,-0.13656574487686157,-0.21709635853767395,-0.07616550475358963
1778807385.7760668,-3.399879913330078,-11.991114349365235,0.7424560546875001,-0.265941858291626,-0.29556402564048767,-0.2348744422197342
1778807385.7970006,-2.8575576782226566,-12.082723846435547,0.11032058715820313,-0.10595530271530151,-0.3143722116947174,-0.31616389751434326
1778807385.8188233,-2.4011567687988284,-11.382629699707032,0.619112548828125,0.07465499639511108,-0.28669995069503784,-0.25467073917388916
1778807385.839614,-2.3400837707519533,-10.167157287597657,1.058448944091797,0.06333304941654205,-0.3291122019290924,-0.09727327525615692
1778807385.8597722,-2.2802082824707033,-8.845106506347657,0.4328997802734375,-0.05014166980981827,-0.3365762531757355,0.1234719455242157
1778807385.88355,-1.730251922607422,-7.3322026062011725,-0.18471588134765626,-0.052762582898139954,-0.3367173671722412,0.17451052367687225
1778807385.905351,-1.3768368530273438,-7.081324310302735,0.021405487060546877,-0.006675520911812782,-0.4025292992591858,0.18278774619102478
1778807385.9261563,-1.33402587890625,-8.32598602294922,0.24459136962890626,-0.031138820573687553,-0.4813985228538513,0.17700672149658203
1778807385.9456353,-1.4591656494140626,-10.42162811279297,0.044307861328125,-0.16295765340328217,-0.5596837997436523,0.09278126806020737
1778807385.9671116,-1.4678475952148438,-11.92285629272461,-0.38395156860351565,-0.1999165266752243,-0.6741816997528076,-0.08930360525846481
1778807385.9909136,-0.6647676086425781,-12.330308990478516,-0.7433541870117187,-0.02516241930425167,-0.5368317365646362,-0.11324906349182129
1778807386.0126574,-0.6673123168945313,-10.764564971923829,-0.4436773681640625,-0.006303718779236078,-0.5260115265846252,-0.13617832958698273
1778807386.03193,-0.9011260986328126,-9.061556396484375,0.07589218139648438,-0.020240236073732376,-0.5547364950180054,-0.15986405313014984
1778807386.0560594,-0.967438201904297,-7.858208770751953,0.7836204528808595,-0.034017473459243774,-0.5908935070037842,-0.12811879813671112
1778807386.0767827,-1.143472137451172,-8.099207611083985,0.9422904968261719,-0.114693284034729,-0.6685590744018555,-0.054156772792339325
1778807386.098736,-1.6941769409179688,-8.966504058837891,0.8000862121582032,-0.1997329294681549,-0.7490559816360474,0.015610294416546822
1778807386.1190164,-2.042801971435547,-9.798324279785156,0.6515950012207031,-0.17550988495349884,-0.7889514565467834,0.0052962470799684525
1778807386.1412432,-1.9694544982910158,-10.014474792480469,0.6667135620117188,-0.1323913186788559,-0.8427615165710449,-0.007674333639442921
1778807386.1627278,-1.2693603515625,-9.308243408203126,0.9922865295410157,-0.11945568025112152,-0.9089153409004211,0.019380217418074608
1778807386.1892416,-0.959205322265625,-9.078321533203125,1.0960208129882814,-0.14506925642490387,-0.9514540433883667,0.14839418232440948
1778807386.2111602,-1.0663824462890625,-9.282946014404297,1.0445278930664064,-0.1429842710494995,-0.9753332734107971,0.1846587210893631
1778807386.2323916,-1.6259188842773438,-9.621841278076172,0.7837701416015626,-0.13842131197452545,-0.969204306602478,0.14701825380325317
1778807386.2542708,-1.4747332763671877,-9.595645751953125,0.8018824768066407,-0.13367938995361328,-0.9502531886100769,0.10870750993490219
1778807386.2751613,-1.0289602661132813,-9.26109146118164,1.0217752075195312,-0.12309203296899796,-0.9453019499778748,0.12863916158676147
1778807386.296642,-0.8279283142089844,-9.14942367553711,1.2135264587402343,-0.09178496897220612,-0.9674590229988098,0.17634212970733643
1778807386.3161662,-0.9741741943359375,-9.224717102050782,1.3648617553710938,-0.08154541254043579,-0.9721571207046509,0.21164755523204803
1778807386.3380451,-1.210682373046875,-9.366771697998047,1.3439053344726564,-0.10218425840139389,-0.9505553841590881,0.229380264878273
1778807386.3589582,-1.3072315979003908,-9.516011352539063,1.2139755249023438,-0.08667289465665817,-0.9598095417022705,0.2115904837846756
1778807386.3800607,-1.2241543579101564,-9.654922485351562,1.3365705871582032,-0.0982232615351677,-0.9944279789924622,0.18536347150802612
1778807386.4018342,-0.9220825195312501,-9.984387359619141,1.4672488403320314,-0.13375280797481537,-1.014420747756958,0.18365412950515747
1778807386.4253545,-0.8869056701660156,-10.04995101928711,1.392554168701172,-0.16090956330299377,-1.0041528940200806,0.18603520095348358
1778807386.4879265,-1.2030482482910156,-9.90535171508789,1.9637663269042969,-0.1570906788110733,-1.0874788761138916,0.18583908677101135
1778807386.510334,-1.772164764404297,-10.781330108642578,2.2974224853515626,-0.1834564059972763,-1.1899287700653076,0.11632699519395828
1778807386.529995,-1.857187957763672,-11.553424530029297,0.9337582397460938,-0.4537753462791443,-1.1540842056274414,0.07640352100133896
1778807386.5497932,-1.1033555603027345,-12.255165252685547,-0.559237060546875,-0.5599374771118164,-1.1579197645187378,0.006012794561684132
1778807386.5700676,-0.6776408386230469,-11.60192367553711,-1.1090437316894532,-0.24955205619335175,-0.9173535108566284,0.08914443105459213
1778807386.5963397,-1.3370196533203125,-9.800719299316407,0.6005511474609375,-0.10335361957550049,-0.9647090435028076,0.09114789962768555
1778807386.6150594,-1.60705810546875,-8.5885400390625,1.839375,-0.2052379548549652,-1.1045904159545898,0.08394886553287506
1778807386.63427,-1.6393908691406252,-8.195906524658204,1.4293775939941407,-0.25221532583236694,-1.1471478939056396,0.0887577012181282
1778807386.6533265,-1.5247293090820313,-8.474926300048828,0.16375946044921877,-0.27330702543258667,-1.1560405492782593,0.08914967626333237
1778807386.6747541,-1.6822018432617187,-9.079219665527344,-0.9777667236328126,-0.2081204205751419,-1.1213324069976807,0.06941010802984238
1778807386.7026918,-2.2050645446777346,-9.876312103271484,-1.1642788696289064,0.018228061497211456,-1.0076484680175781,-0.023362498730421066
1778807386.7247734,-2.431693267822266,-9.955347747802735,0.20432510375976565,0.14036376774311066,-0.9735980033874512,-0.050666846334934235
1778807386.744784,-2.7334657287597657,-9.973460083007813,1.8091378784179688,-0.12709838151931763,-1.093659520149231,0.05263616144657135
1778807386.7661595,-2.8722271728515625,-10.214159545898438,1.6756155395507812,-0.3503061532974243,-1.1671470403671265,0.20625954866409302
1778807386.7876415,-2.942131805419922,-9.977801055908204,0.3974235534667969,-0.39664196968078613,-1.2036280632019043,0.28312742710113525
1778807386.8103132,-3.1754965209960937,-8.751101989746093,-0.9427395629882813,-0.24098603427410126,-1.206209659576416,0.2401932030916214
1778807386.8304868,-2.515518951416016,-8.368048553466798,-0.5557942199707031,-0.08383269608020782,-1.126671552658081,0.21342352032661438
1778807386.8517814,-1.7907261657714844,-8.411158905029298,0.4920268249511719,-0.0794045478105545,-1.0729039907455444,0.23754668235778809
1778807386.8717542,-1.5965798950195313,-8.952283630371094,0.9431886291503907,-0.17838793992996216,-1.0309741497039795,0.2818217873573303
1778807386.893002,-2.023641815185547,-9.541159057617188,0.6439608764648438,-0.22446469962596893,-1.000815510749817,0.27325811982154846
1778807386.912308,-2.5438101196289065,-9.785451049804688,0.37437149047851564,-0.16628217697143555,-0.9659380316734314,0.1541794091463089
1778807386.9327562,-2.658321990966797,-9.59340042114258,0.5099894714355468,-0.144858255982399,-0.9817990064620972,0.06875801086425781
1778807386.952492,-2.2960752868652343,-9.320068817138672,0.6524931335449219,-0.150649756193161,-0.9818021655082703,0.051312386989593506
1778807386.9735146,-1.9360739135742189,-9.059011688232422,0.8699908447265625,-0.19056129455566406,-0.9616809487342834,0.07715015858411789
1778807386.9926713,-1.9875668334960939,-8.830586700439454,0.9595046997070313,-0.21446742117404938,-0.9466673731803894,0.08886513859033585
1778807387.0126705,-2.2005738830566406,-8.863817596435547,1.0219248962402345,-0.22115740180015564,-0.9406293034553528,0.07888346910476685
1778807387.032919,-2.3056553649902347,-9.114246826171875,1.0397378540039064,-0.22156456112861633,-0.9498492479324341,0.04364769160747528
1778807387.052154,-2.1974304199218753,-9.451794891357423,1.0121951293945313,-0.2130487561225891,-0.9124051332473755,0.01168848667293787
1778807387.0736923,-2.135159912109375,-9.539213104248047,0.940045166015625,-0.14261814951896667,-0.8633240461349487,-0.025976724922657013
1778807387.09523,-2.1119581604003907,-9.426647186279297,1.150657196044922,-0.08523352444171906,-0.7993694543838501,-0.03205244615674019
1778807387.117884,-2.36867431640625,-9.474846954345704,1.64537841796875,-0.09965937584638596,-0.7759812474250793,-0.040956541895866394
1778807387.1380122,-2.4276516723632815,-9.508975982666016,1.4352154541015625,-0.10248784720897675,-0.764895498752594,-0.08938127011060715
1778807387.1583624,-2.139051818847656,-9.477092285156251,1.2528945922851562,-0.05587879940867424,-0.7020573019981384,-0.11350886523723602
1778807387.1797009,-2.0483404541015626,-9.511820068359375,1.490899658203125,-0.06195502728223801,-0.6576412320137024,-0.09026376157999039
1778807387.4443133,-2.0469932556152344,-9.780960388183594,1.5096107482910157,-0.09266658872365952,-0.662259042263031,-0.07992558926343918
1778807387.4663453,-1.4084211730957032,-11.356883239746095,0.4290078735351563,-0.10905084758996964,-1.0193514823913574,0.12322494387626648
1778807387.4850898,-1.2301419067382813,-13.14476531982422,-0.21899459838867188,-0.2635143995285034,-1.1606640815734863,0.06722225993871689
1778807387.5106661,-1.5896942138671877,-12.999417572021486,-1.0132429504394531,-0.04741282016038895,-1.1177887916564941,-0.009255683049559593
1778807387.5296152,-2.2721250915527347,-10.578501892089845,-0.8282276916503907,0.12845760583877563,-1.1433210372924805,-0.11234530806541443
1778807387.5503519,-2.424657897949219,-8.298592987060548,0.25342300415039065,0.060594458132982254,-1.2793097496032715,-0.18514294922351837
1778807387.5706818,-1.8019528198242187,-7.223977661132813,0.8958869934082032,-0.12445107102394104,-1.4112082719802856,-0.14402396976947784
1778807387.591445,-1.1692185974121094,-7.352859649658203,0.43185195922851566,-0.23215453326702118,-1.445219874382019,0.014023703522980213
1778807387.6127734,-1.12326416015625,-8.524024200439454,-0.039218444824218754,-0.2667003870010376,-1.4249444007873535,0.17150554060935974
1778807387.6336756,-1.8902691650390626,-9.998308410644531,0.3591032409667969,-0.305004358291626,-1.448575496673584,0.2283271849155426
1778807387.6549957,-2.085912322998047,-10.165361022949218,0.6647676086425781,-0.3646247684955597,-1.526411771774292,0.1910126805305481
1778807387.676192,-1.9724482727050783,-9.84442840576172,0.6915618896484376,-0.4296528398990631,-1.6270865201950073,0.11418101191520691
1778807387.6965399,-1.3683045959472657,-9.644893341064453,0.5230123901367187,-0.44835299253463745,-1.7142696380615234,0.08694437146186829
1778807387.7218266,-1.4229409790039063,-9.936187591552734,0.030087432861328128,-0.35613110661506653,-1.694331407546997,0.1331942081451416
1778807387.742836,-1.6822018432617187,-10.225685577392579,-0.039966888427734375,-0.3120926320552826,-1.663011908531189,0.08091055601835251
1778807387.7639067,-1.4217434692382813,-10.108030242919922,0.062420196533203125,-0.27600035071372986,-1.5830713510513306,0.04892106354236603
1778807387.7830741,-1.3144166564941406,-9.718839569091797,0.3212319946289063,-0.26839303970336914,-1.5155750513076782,0.10362980514764786
1778807387.8031197,-1.531614990234375,-9.550290069580079,0.7200027465820313,-0.2419477254152298,-1.5688821077346802,0.12139476835727692
1778807387.8246243,-1.3777349853515626,-9.519603881835938,0.7354206848144531,-0.2039426565170288,-1.57462739944458,0.17348738014698029
1778807387.8440564,-1.287173309326172,-9.404642944335938,0.5116360473632813,-0.2101919800043106,-1.530592441558838,0.21676228940486908
1778807387.864328,-1.337468719482422,-9.296118621826173,0.2597099304199219,-0.2617579698562622,-1.4829822778701782,0.17937107384204865
1778807387.883629,-1.030906219482422,-9.105115814208984,0.06825805664062501,-0.2621504068374634,-1.4231586456298828,0.1342296302318573
1778807387.9043922,-0.6988966369628906,-9.168883209228516,0.31524444580078126,-0.18251875042915344,-1.3420865535736084,0.1634325385093689
1778807387.9272077,-0.8363108825683594,-9.58292221069336,0.7937992858886719,-0.13389889895915985,-1.277890682220459,0.23034636676311493
1778807387.9727046,-1.4910493469238282,-9.977501678466798,0.7752378845214845,-0.16280993819236755,-1.2849360704421997,0.14480693638324738
1778807387.9929245,-1.3799803161621094,-9.717342681884766,0.7616162109375001,-0.12602463364601135,-1.2487332820892334,0.15914857387542725
1778807388.0114164,-1.6012202453613282,-9.712402954101563,1.0572514343261719,-0.14723387360572815,-1.2612570524215698,0.15877801179885864
1778807388.0339036,-1.5729290771484377,-9.943522338867188,1.0259664916992188,-0.16691648960113525,-1.2700750827789307,0.17646661400794983
1778807388.054357,-1.7485139465332031,-9.87840774536133,0.8816665649414063,-0.12508490681648254,-1.2492718696594238,0.2182103991508484
1778807388.0741425,-2.000889129638672,-9.575437774658203,1.1520043945312501,-0.107095867395401,-1.254915714263916,0.25125858187675476
1778807388.095172,-2.1317170715332034,-9.197773132324219,1.4295272827148438,-0.1339612901210785,-1.2949553728103638,0.29835250973701477
1778807388.113772,-2.4266038513183594,-9.399703216552735,1.7176780700683594,-0.10815277695655823,-1.388558030128479,0.2867899239063263
1778807388.1338732,-1.9245478820800783,-10.395432586669923,1.094673614501953,-0.2598854899406433,-1.4342551231384277,0.32605838775634766
1778807388.1537392,-1.4699432373046877,-11.313024444580078,-0.7337741088867188,-0.5596110224723816,-1.3784325122833252,0.38974830508232117
1778807388.1740286,-1.3317805480957032,-11.538006591796876,-1.6613951110839844,-0.491193562746048,-1.2153491973876953,0.43697959184646606
1778807388.195372,-2.1933888244628905,-10.704988861083985,-1.1683204650878907,-0.3903449475765228,-1.1295113563537598,0.389059841632843
1778807388.216645,-2.6171575927734376,-9.763446807861328,-0.3237767028808594,-0.3013816475868225,-1.1792737245559692,0.29173046350479126
1778807388.2390296,-2.2002745056152344,-8.894354095458985,0.3296145629882813,-0.28435400128364563,-1.2308725118637085,0.270732045173645
1778807388.2594209,-1.7178277587890627,-8.138575744628907,-0.18516494750976564,-0.35594484210014343,-1.3179553747177124,0.26159557700157166
1778807388.2801573,-1.6726217651367188,-8.276289367675782,-0.9264234924316407,-0.3243633210659027,-1.3174631595611572,0.2526709735393524
1778807388.300231,-1.7774038696289063,-8.84001708984375,-0.7012916564941407,-0.18689773976802826,-1.2809146642684937,0.23325803875923157
1778807388.3194287,-2.198927307128906,-9.835297393798829,0.2505789184570313,-0.09749001264572144,-1.2463054656982422,0.20668774843215942
1778807388.3393567,-2.673889617919922,-10.642568664550781,0.7110214233398438,-0.2452365607023239,-1.244987964630127,0.1687610000371933
1778807388.3600922,-2.661615142822266,-11.191926269531251,0.08472381591796875,-0.5253563523292542,-1.2743020057678223,0.1783929020166397
1778807388.3810768,-2.6837690734863284,-11.0889404296875,-0.9898915100097657,-0.5531424880027771,-1.2146295309066772,0.2404097616672516
1778807388.4004922,-3.383863220214844,-10.069709930419922,-1.3006452941894533,-0.2916117012500763,-1.1227948665618896,0.23073339462280273
1778807388.4208453,-3.627107391357422,-9.030570831298828,-0.5519023132324219,-0.05781041085720062,-1.1511590480804443,0.09853079915046692
1778807388.4444118,-2.6794281005859375,-8.500523071289063,0.415535888671875,-0.033324602991342545,-1.1201590299606323,0.1007046326994896
1778807388.4648356,-1.875150604248047,-8.255931701660156,0.7653584289550782,-0.09293778985738754,-1.047279953956604,0.2030821591615677
1778807388.4852457,-1.9031423950195314,-8.486152954101563,0.5598358154296875,-0.12113790214061737,-0.983140230178833,0.2489328682422638
1778807388.5093846,-2.62494140625,-9.234446868896486,0.06586303710937501,-0.12012622505426407,-0.9523426294326782,0.21986284852027893
1778807388.529145,-2.867586822509766,-9.548493804931642,0.17648300170898437,-0.093134805560112,-0.9425471425056458,0.15797770023345947
1778807388.550997,-2.9130921936035157,-9.68156707763672,0.5599855041503906,-0.09978082031011581,-0.9705507755279541,0.09510808438062668
1778807388.5714006,-2.690505065917969,-9.670340423583985,0.8178991699218751,-0.1646396517753601,-0.972816526889801,0.09147380292415619
1778807388.59365,-2.7080186462402347,-9.441316680908203,0.6870712280273438,-0.2307300567626953,-0.9253796339035034,0.09650673717260361
1778807388.614391,-2.844684448242188,-9.184301147460937,0.4740641784667969,-0.20811305940151215,-0.8909221291542053,0.056778863072395325
1778807388.642495,-2.791245574951172,-9.083710327148438,0.587977294921875,-0.1969740390777588,-0.8729541301727295,0.018655017018318176
1778807388.6639028,-2.631677398681641,-9.017398223876954,0.585582275390625,-0.16299405694007874,-0.7978359460830688,-0.0077967774122953415
1778807388.684444,-2.6614654541015628,-9.093290405273438,0.779578857421875,-0.13359767198562622,-0.768618106842041,-0.05420905351638794
1778807388.7035036,-2.6360183715820313,-9.156309356689453,1.0434800720214845,-0.1126079335808754,-0.7359949946403503,-0.07920486479997635
1778807388.7254605,-2.664758605957031,-9.195527801513672,1.0588980102539063,-0.09636721760034561,-0.6759569048881531,-0.08844531327486038
1778807388.746679,-2.8696824645996095,-8.978329467773438,1.0467732238769532,-0.0883612260222435,-0.6219868063926697,-0.07966023683547974
1778807388.7667696,-3.0064979553222657,-9.062155151367188,1.0027647399902344,-0.05925220623612404,-0.5712953209877014,-0.08678784966468811
1778807388.7863495,-2.8756700134277344,-9.234446868896486,1.1032058715820312,-0.021544933319091797,-0.5191712379455566,-0.09329786151647568
1778807388.8065157,-2.642454986572266,-9.320368194580078,1.1936178588867188,-0.028551552444696426,-0.48573246598243713,-0.08453960716724396
1778807388.826538,-2.535128173828125,-9.326355743408204,1.0672805786132813,-0.051254499703645706,-0.43706223368644714,-0.06557127833366394
1778807388.849066,-2.5583299255371097,-9.483379211425781,1.0919792175292968,-0.05836958438158035,-0.3487924635410309,-0.03967011347413063
1778807388.8700614,-2.714305572509766,-9.774972839355469,1.362466735839844,-0.04424475133419037,-0.30021554231643677,-0.05859169363975525
1778807388.890364,-2.573298797607422,-10.044262847900391,1.4410533142089845,0.024226360023021698,-0.2565806806087494,-0.11376769840717316
1778807388.9110484,-2.493065643310547,-10.233319702148439,1.5995736694335938,0.06952061504125595,-0.2019796371459961,-0.12727947533130646
1778807388.9321957,-2.541864166259766,-10.365943908691406,1.938618621826172,0.0667024478316307,-0.14797396957874298,-0.10368593037128448
1778807388.9548132,-3.0219158935546875,-11.100167083740235,1.2014016723632812,-0.06285826861858368,-0.11632094532251358,-0.10049201548099518
1778807388.9766984,-2.8033703613281253,-11.486813049316407,-0.06062393188476563,-0.05734897032380104,-0.07438864558935165,-0.14821459352970123
1778807388.9979248,-2.8527676391601564,-11.18998031616211,-0.036524047851562505,0.15308985114097595,0.07328243553638458,-0.14216551184654236
1778807389.0190408,-3.0481114196777344,-10.052944793701172,1.275347900390625,0.1836462914943695,0.09105335175991058,-0.12788118422031403
1778807389.0388906,-2.8732749938964846,-9.093140716552735,1.6591497802734376,0.09738311916589737,0.043693363666534424,-0.08287843316793442
1778807389.0603652,-2.7140061950683596,-8.487799530029298,1.1762539672851564,0.0828419104218483,-0.014036961831152439,-0.04174128174781799
1778807389.0809672,-2.5595274353027344,-8.231382751464844,0.6963519287109375,0.06975801289081573,-0.037537749856710434,-0.04608011990785599
1778807389.1026373,-2.346071319580078,-8.599916381835937,0.20267852783203125,0.054623328149318695,-0.019108952954411507,-0.04757626727223396
1778807389.1247084,-1.904938659667969,-9.285640411376953,-0.15073654174804688,-0.040481969714164734,-0.03872270509600639,-0.01262100599706173
1778807389.144328,-0.7560777282714845,-9.947264556884766,-1.0315049743652345,-0.1322256475687027,-0.04557373747229576,0.10312753915786743
1778807389.1667407,-0.6902146911621094,-9.823471984863282,-1.4862593078613282,-0.03896542638540268,-0.009250817820429802,0.21395857632160187
1778807389.1874878,-1.2967533874511719,-9.510472869873047,-0.5025050354003906,0.2040676474571228,0.038442645221948624,0.21444517374038696
1778807389.209007,-1.9881655883789064,-9.433233489990235,1.0770103454589843,0.1074729636311531,-0.16404959559440613,-0.05206509679555893
1778807389.2312303,-1.9452049255371096,-9.775721282958985,1.3391152954101564,-0.12318199872970581,-0.3041049838066101,-0.2091958373785019
1778807389.25173,-1.4364129638671876,-10.29035110473633,0.5086422729492188,-0.24526286125183105,-0.36127132177352905,-0.25940996408462524
1778807389.2721343,-1.1168275451660157,-10.610984344482423,-0.33485366821289064,-0.25267308950424194,-0.398315966129303,-0.2629989683628082
1778807389.2935777,-1.5524217224121095,-10.249037017822266,0.04819976806640625,-0.19975829124450684,-0.4640020728111267,-0.2955949604511261
1778807389.3553438,-1.3801300048828127,-8.169261932373047,0.8512797546386719,-0.2568354904651642,-0.6212285161018372,-0.13969390094280243
1778807389.3769808,-0.9195378112792969,-8.775052185058595,0.3691323852539063,-0.17577533423900604,-0.5636281967163086,0.09445355832576752
1778807389.3978422,-0.9900411987304688,-9.426647186279297,0.3273692321777344,-0.11558294296264648,-0.4774467647075653,0.1715703010559082
1778807389.4181776,-1.3404624938964844,-10.077942810058595,0.6803352355957032,-0.08380582928657532,-0.5121129155158997,0.1141766756772995
1778807389.440714,-1.573378143310547,-10.200238494873048,1.161285095214844,-0.11311426013708115,-0.6001973152160645,-0.0023562018759548664
1778807389.4638078,-1.3347743225097657,-9.64564178466797,1.1880793762207031,-0.18274496495723724,-0.659758448600769,-0.05959855765104294
1778807389.4848223,-1.0163864135742189,-9.253756713867189,0.6870712280273438,-0.1892319917678833,-0.6592037677764893,-0.024504700675606728
1778807389.505975,-1.0810519409179689,-9.12741943359375,0.3619473266601563,-0.09396374970674515,-0.5978335738182068,0.05110876262187958
1778807389.5285587,-1.422342224121094,-9.222471771240235,0.8641529846191407,-0.03450387716293335,-0.5836301445960999,0.102212093770504
1778807389.5492089,-1.8577867126464844,-9.317524108886719,1.4485377502441408,-0.10420563817024231,-0.6446399688720703,0.09129349887371063
1778807389.5700183,-1.9435583496093751,-9.330097961425782,1.5022760009765626,-0.13896529376506805,-0.7100008726119995,0.09290929138660431
1778807389.5915213,-1.6124468994140626,-9.301956481933594,1.2284953308105468,-0.11753720790147781,-0.7764461040496826,0.12402410805225372
1778807389.6112363,-1.4932946777343752,-9.495953063964844,0.991388397216797,-0.07126472890377045,-0.82429438829422,0.16271035373210907
1778807389.6319482,-1.5097604370117188,-9.690398712158204,0.986598358154297,-0.05075359717011452,-0.8587653636932373,0.17092813551425934
1778807389.6531491,-1.4209950256347657,-9.847721557617188,1.0786569213867188,-0.07297062128782272,-0.9324040412902832,0.1559920310974121
1778807389.6934469,-0.9313632202148437,-9.803413696289063,1.026415557861328,-0.042679738253355026,-0.9344988465309143,0.3124975562095642
1778807389.7157612,-1.2329859924316406,-9.585167541503907,1.670226745605469,-0.03804454952478409,-1.0127567052841187,0.34465107321739197
1778807389.7359478,-1.811532897949219,-10.213860168457032,2.2082080078125,-0.06484052538871765,-1.1367559432983398,0.2353857308626175
1778807389.7570004,-1.9989431762695313,-11.50612289428711,1.5257771301269532,-0.5515449643135071,-1.0847439765930176,0.16921019554138184
1778807389.778689,-1.60705810546875,-13.074112243652344,-0.7015910339355469,-0.8004814982414246,-1.019513726234436,0.029818080365657806
1778807389.8003173,-1.2037966918945313,-13.320649566650392,-3.1668145751953127,-0.5527098178863525,-0.6858426332473755,0.04099002107977867
1778807389.8211474,-2.113155670166016,-11.114686889648437,-1.658401336669922,-0.14716583490371704,-0.4791780114173889,-0.012988226488232613
1778807389.842835,-2.535876617431641,-8.728498992919922,1.3380674743652345,-0.07582761347293854,-0.524652361869812,-0.08740349113941193
1778807389.870863,-2.3439756774902345,-6.922354888916016,2.248623962402344,-0.2786048352718353,-0.7979535460472107,-0.0872284471988678
1778807389.8928623,-1.1752061462402343,-7.137756958007813,-0.7207511901855469,-0.2188226282596588,-0.9154859781265259,0.06398658454418182
1778807389.91356,-1.3548326110839843,-8.262967071533204,-1.6762142944335938,-0.016233080998063087,-0.6802360415458679,0.19677475094795227
1778807389.93649,-2.143093414306641,-9.636211395263672,-1.7335450744628906,0.017011156305670738,-0.5348993539810181,0.12313845753669739
1778807389.9582446,-2.765948181152344,-10.470726013183594,-1.0744656372070314,-0.021038133651018143,-0.46553343534469604,-0.011459838598966599
1778807389.9801953,-2.977158966064453,-10.532547454833985,0.5668711853027344,-0.11460559070110321,-0.508998453617096,-0.11068151891231537
1778807390.0016322,-2.817441101074219,-9.955497436523437,0.5267546081542969,-0.20349888503551483,-0.5512776970863342,-0.09787869453430176
1778807390.0228624,-2.7042764282226566,-9.30509994506836,0.044008483886718755,-0.22055009007453918,-0.5662490725517273,-0.012875707820057869
1778807390.0430303,-2.5734484863281253,-8.977281646728516,-0.4153861999511719,-0.22212521731853485,-0.5635057091712952,0.12535829842090607
1778807390.0624673,-2.3429278564453124,-9.052126007080078,-0.9113049316406251,-0.06819863617420197,-0.5138866901397705,0.16642510890960693
1778807390.082883,-2.135908355712891,-9.288484497070312,-0.8771759033203126,0.11300177872180939,-0.4119124412536621,0.16706734895706177
1778807390.1052926,-2.2013223266601565,-9.406289520263673,0.006286926269531251,0.10754194855690002,-0.3846389353275299,0.11015356332063675
1778807390.1261249,-2.35669921875,-9.38413558959961,0.7212002563476563,-0.03362654149532318,-0.3787708282470703,0.06338532269001007
1778807390.1479135,-2.3513104248046877,-9.497899017333985,0.25701553344726563,-0.11377494782209396,-0.3923714756965637,0.03619181364774704
1778807390.1727085,-2.4206163024902345,-9.51631072998047,-0.05014572143554688,-0.07779604196548462,-0.34271660447120667,0.0653359666466713
1778807390.1939552,-2.711461486816406,-9.47364944458008,0.22842498779296877,-0.027037790045142174,-0.3339298963546753,0.062287405133247375
1778807390.2155116,-2.9572503662109377,-9.178912353515626,0.41149429321289066,-0.035927820950746536,-0.33808088302612305,0.04996795952320099
1778807390.2351356,-2.9327014160156253,-9.008865966796876,0.5430706787109375,-0.06159123778343201,-0.34369292855262756,0.045405663549900055
1778807390.2563264,-2.3920257568359378,-9.003028106689454,0.7397616577148438,-0.09043198823928833,-0.3800484240055084,0.057754237204790115
1778807390.2805073,-2.212698669433594,-9.069190521240234,0.6810836791992188,-0.0910511240363121,-0.39891889691352844,0.08392748981714249
1778807390.3011374,-2.342478790283203,-9.229058074951173,0.803529052734375,-0.07927379012107849,-0.4215773046016693,0.09339496493339539
1778807390.3217134,-2.760110321044922,-9.334888000488283,0.8402027893066407,-0.04927181452512741,-0.42886799573898315,0.001376128289848566
1778807390.343602,-2.848875732421875,-9.307794342041015,0.9237290954589844,-0.006577477324754,-0.45079174637794495,-0.11024269461631775
1778807390.3642004,-2.425106964111328,-9.221873016357423,1.0803034973144532,0.01817433536052704,-0.4337434470653534,-0.15724627673625946
1778807390.3905253,-2.2469773864746094,-9.131910095214844,1.344653778076172,0.0038618026301264763,-0.4346768260002136,-0.17251455783843994
1778807390.4141328,-2.465672607421875,-9.286538543701173,1.3588742065429689,-0.005475150421261787,-0.45575621724128723,-0.17868390679359436
1778807390.4348211,-2.5935067749023437,-9.638307037353517,1.28133544921875,0.02308005839586258,-0.46852949261665344,-0.17656011879444122
1778807390.4555311,-2.5735981750488284,-9.904902648925782,1.1234138488769532,0.06937459111213684,-0.45120224356651306,-0.1876312643289566
1778807390.480881,-2.4207659912109376,-9.669591979980469,1.4352154541015625,0.0683782547712326,-0.4505237936973572,-0.18433722853660583
1778807390.5016413,-2.306104431152344,-9.535321197509766,1.6592994689941407,-0.03322720155119896,-0.4578656554222107,-0.14922039210796356
1778807390.520882,-2.318977661132813,-9.538764038085938,1.565294952392578,-0.055188510566949844,-0.43157878518104553,-0.11568477749824524
1778807390.5404825,-2.3046075439453126,-9.613758087158203,1.431024169921875,-0.026661396026611328,-0.4250801205635071,-0.10244738310575485
1778807390.5612884,-2.4968078613281253,-9.85595443725586,1.3404624938964844,-0.04485074058175087,-0.4507012367248535,-0.08548105508089066
1778807390.5835154,-3.009042663574219,-10.596464538574219,0.9413923645019532,-0.24416828155517578,-0.42457592487335205,-0.13017545640468597
1778807390.603414,-3.2090267944335937,-11.354338531494141,-0.2728825378417969,-0.1492491364479065,-0.34661009907722473,-0.20543043315410614
1778807390.6269717,-2.8765681457519534,-11.220367126464843,-0.42840911865234377,0.030474592000246048,-0.3036322295665741,-0.23493432998657227
1778807390.6474998,-2.55069580078125,-10.317145385742188,0.44876678466796877,-0.06204637140035629,-0.40008971095085144,-0.2162598818540573
1778807390.6686666,-2.3478675842285157,-9.287736053466798,0.11241622924804688,-0.06978747248649597,-0.44937801361083984,-0.13104084134101868
1778807390.694058,-2.5319847106933593,-8.049061889648438,0.14385086059570312,0.0015616314485669136,-0.4887601137161255,-0.07906542718410492
1778807390.7145412,-1.9508930969238283,-7.719297637939453,0.16660354614257813,-0.03422011435031891,-0.5227122902870178,-0.036626480519771576
1778807390.735221,-1.272653503417969,-8.158634033203125,0.00987945556640625,-0.07587262243032455,-0.5689525008201599,0.06800302863121033
1778807390.755497,-1.1440708923339844,-9.047485656738282,-0.05134323120117188,-0.045584265142679214,-0.6525518298149109,0.15493746101856232
1778807390.7767842,-1.471739501953125,-9.946815490722656,0.07694000244140625,-0.018004924058914185,-0.7670685648918152,0.15253613889217377
1778807390.7971988,-1.5934364318847658,-10.856473846435547,0.20567230224609376,-0.01807399094104767,-0.9199444651603699,0.05708404630422592
1778807390.8164866,-1.3392649841308595,-11.779005432128907,0.004041595458984375,-0.12229595333337784,-1.057637095451355,-0.07438874989748001
1778807390.8372848,-0.9842033386230469,-11.606564025878907,-0.5147795104980469,-0.26004916429519653,-1.0657548904418945,-0.11796236038208008
1778807390.8584034,-1.2527449035644531,-10.308313751220703,-0.920735321044922,-0.24481427669525146,-0.9931513071060181,-0.1146288812160492
1778807390.8783019,-1.6822018432617187,-9.016200714111328,-0.3695814514160156,-0.057066481560468674,-0.9382549524307251,-0.10091588646173477
1778807390.9229352,-1.8517991638183595,-8.120762786865235,0.5960604858398438,-0.11162484437227249,-1.0305849313735962,-0.08508990705013275
1778807390.9535007,-1.6889378356933595,-9.655221862792969,0.4746629333496094,-0.24129658937454224,-1.2377734184265137,0.1531103551387787
1778807390.9754834,-1.9690054321289063,-10.209519195556641,0.5255570983886719,-0.19808082282543182,-1.2667129039764404,0.14710727334022522
1778807390.9994009,-1.981728973388672,-10.12898666381836,0.70174072265625,-0.2028323858976364,-1.341439962387085,0.04928463324904442
1778807391.0203984,-1.5679893493652344,-9.778715057373047,0.7479945373535156,-0.21298351883888245,-1.4034456014633179,0.031505994498729706
1778807391.0411887,-0.9976753234863281,-9.524094543457032,0.6489006042480469,-0.21644939482212067,-1.3868390321731567,0.09333369880914688
1778807391.0625482,-1.3802796936035158,-9.442963256835938,0.6072871398925782,-0.1851082146167755,-1.3725439310073853,0.11934731900691986
1778807391.0832453,-1.7709672546386719,-9.477691040039064,0.841849365234375,-0.1590597778558731,-1.3620420694351196,0.09567023068666458
1778807391.106387,-1.7369879150390626,-9.468410339355469,1.1053015136718751,-0.17103669047355652,-1.3943136930465698,0.06560515612363815
1778807391.1263955,-1.3570779418945313,-9.476792907714843,1.2284953308105468,-0.20320504903793335,-1.462281584739685,0.13708873093128204
1778807391.1462305,-1.3566288757324219,-9.551188201904298,1.2467573547363282,-0.1944972574710846,-1.4797496795654297,0.2031790018081665
1778807391.1674442,-1.804647216796875,-9.572144622802735,1.1123368835449219,-0.15009789168834686,-1.4802920818328857,0.2121536135673523
1778807391.1894898,-2.2903871154785156,-9.681716766357422,0.978365478515625,-0.08188514411449432,-1.4729241132736206,0.15253695845603943
1778807391.2105358,-2.108964385986328,-9.54505096435547,1.1937675476074219,-0.055132318288087845,-1.5461225509643555,0.09005118906497955
1778807391.23051,-0.9174421691894532,-9.51825668334961,1.4015354919433594,-0.08035946637392044,-1.5860995054244995,0.14632625877857208
1778807391.2515516,-1.2325369262695314,-9.665400695800782,1.2347822570800782,-0.09413702040910721,-1.605727195739746,0.22560271620750427
1778807391.272117,-1.8940113830566407,-9.947863311767579,0.944835205078125,-0.04964478313922882,-1.5938448905944824,0.24298037588596344
1778807391.29387,-1.9154168701171876,-10.013876037597656,1.0184820556640626,-0.0015273243188858032,-1.6232986450195312,0.21917091310024261
1778807391.3145938,-1.4078224182128907,-9.831405487060547,1.3085787963867188,-0.0051988037303090096,-1.7266769409179688,0.23943322896957397
1778807391.3351247,-1.7224681091308596,-10.135123901367187,1.5245796203613282,0.008822740986943245,-1.7972248792648315,0.18252916634082794
1778807391.356201,-2.451152801513672,-11.05346420288086,1.1018586730957032,-0.4502462148666382,-1.7674140930175781,0.11530034244060516
1778807391.3766537,-2.485581207275391,-11.75280990600586,-1.1440708923339844,-0.5168330669403076,-1.700702428817749,0.008413709700107574
1778807391.397704,-1.4349160766601563,-11.817325744628906,-2.6768833923339845,-0.10382821410894394,-1.3663904666900635,0.08484695106744766
1778807391.4189777,-1.7712666320800783,-9.28070068359375,0.4087998962402344,-0.04315594956278801,-1.3556714057922363,0.11651817709207535
1778807391.439676,-1.9032920837402345,-8.118816833496094,1.6226257324218751,-0.33432695269584656,-1.500339388847351,0.15408743917942047
1778807391.460808,-1.7887802124023438,-7.997568969726563,0.42002655029296876,-0.46611127257347107,-1.5690245628356934,0.187008336186409
1778807391.4829662,-1.6374449157714845,-8.59662322998047,-1.0111473083496094,-0.3256666362285614,-1.58955979347229,0.16848084330558777
1778807391.5053308,-1.4721885681152345,-9.325457611083985,-1.4623091125488281,-0.15782283246517181,-1.537198781967163,0.139531210064888
1778807391.5257983,-1.3365705871582032,-9.902058563232423,-0.9693841552734376,-0.09610003978013992,-1.4464386701583862,0.18412311375141144
1778807391.5479937,-1.9333795166015626,-10.111922149658204,-0.05583389282226563,-0.10680168122053146,-1.4559659957885742,0.17923983931541443
1778807391.5706704,-2.8430378723144534,-9.722881164550781,1.7844392395019533,-0.17064951360225677,-1.534602403640747,0.18560627102851868
1778807391.5926363,-3.355122985839844,-9.367969207763672,1.9898121643066407,-0.30493491888046265,-1.6566683053970337,0.2226456105709076
1778807391.6136212,-3.490591278076172,-9.50628158569336,1.1752061462402343,-0.4699728786945343,-1.7815842628479004,0.2879382371902466
1778807391.6361685,-3.234324188232422,-9.719737701416015,0.08427474975585938,-0.45014864206314087,-1.7544571161270142,0.30893638730049133
1778807391.6570668,-2.9545559692382812,-9.595496063232423,-0.6611750793457032,-0.28965574502944946,-1.6490463018417358,0.26078346371650696
1778807391.6770391,-2.475102996826172,-9.294771423339844,-0.3207829284667969,-0.14778058230876923,-1.522341012954712,0.20932705700397491
1778807391.696052,-1.9091299438476563,-8.90602981567383,0.7445516967773438,-0.1706436425447464,-1.4578496217727661,0.21316739916801453
1778807391.7180305,-1.6449293518066408,-8.901090087890626,1.1087443542480468,-0.244113028049469,-1.4304474592208862,0.22766642272472382
1778807391.7377744,-1.5718812561035158,-9.335037689208985,0.8270301818847656,-0.24210548400878906,-1.3617476224899292,0.2668265700340271
1778807391.7589073,-2.1046234130859376,-9.73096435546875,0.6822811889648438,-0.20869125425815582,-1.2853230237960815,0.262590229511261
1778807391.7804837,-2.489473114013672,-9.727970581054688,0.7270381164550782,-0.19563989341259003,-1.2319639921188354,0.17580553889274597
1778807391.8023772,-2.611619110107422,-9.412875823974609,1.0488688659667968,-0.18606525659561157,-1.158188819885254,0.061593227088451385
1778807391.8226502,-2.575394439697266,-9.057365112304687,1.4382092285156252,-0.2077866643667221,-1.1514774560928345,0.02771332859992981
1778807391.842526,-2.452050933837891,-8.992250518798828,1.573677520751953,-0.22369877994060516,-1.149296522140503,0.03820352256298065
1778807391.8626878,-2.600841522216797,-8.915909271240235,1.3525872802734376,-0.21508336067199707,-1.082466959953308,0.06841304153203964
1778807391.8841336,-2.96742919921875,-8.833131408691406,1.3790821838378906,-0.1924472600221634,-1.0334547758102417,0.046639956533908844
1778807391.906168,-3.1566357421875,-8.856183471679689,1.4778767395019532,-0.15569821000099182,-0.9837654232978821,0.005169998854398727
1778807391.9269013,-2.5161177062988282,-9.145980834960938,1.56394775390625,-0.1545328050851822,-0.9527763724327087,-0.012792941182851791
1778807391.946375,-2.346819763183594,-9.17576889038086,1.4784754943847658,-0.20025989413261414,-0.8993479609489441,0.010656091384589672
1778807391.9680777,-2.556383972167969,-9.335636444091797,1.3133688354492188,-0.16848169267177582,-0.7963863015174866,0.03629743307828903
1778807391.9899385,-3.0481114196777344,-9.24282943725586,1.3584251403808594,-0.11090743541717529,-0.6740805506706238,0.016858652234077454
1778807392.0098152,-2.934497680664063,-9.297765197753908,1.6783099365234375,-0.09029491990804672,-0.6302633285522461,-0.04734257236123085
1778807392.0736125,-2.7773245239257816,-9.510023803710938,1.913470916748047,-0.10560476779937744,-0.48248130083084106,0.07013732939958572
1778807392.094984,-3.2256422424316407,-9.91253677368164,2.927611999511719,-0.029888395220041275,-0.48409122228622437,-0.0013277067337185144
1778807392.1183052,-3.250939636230469,-10.592872009277345,2.77582763671875,-0.22296832501888275,-0.5531888604164124,-0.04380032420158386
1778807392.139644,-3.2063323974609377,-11.231593780517578,0.681233367919922,-0.5495972037315369,-0.6051835417747498,-0.06704583764076233
1778807392.1599174,-2.7535240173339846,-12.285851440429688,-1.507365417480469,-0.11375671625137329,-0.3314478397369385,0.007252107840031385
1778807392.181236,-2.9356951904296875,-12.767998809814454,-1.123114471435547,0.10690854489803314,-0.35636720061302185,-0.019545119255781174
1778807392.2020519,-2.901566162109375,-12.103979644775391,0.49591873168945316,-0.014840643852949142,-0.5006924271583557,-0.05769306421279907
1778807392.2215543,-2.391277313232422,-10.445727996826172,1.0403366088867188,-0.21166923642158508,-0.5544317960739136,-0.02394840493798256
1778807392.2431827,-2.224823455810547,-8.22165298461914,0.5457650756835938,-0.24879087507724762,-0.5941135287284851,-0.008673112839460373
1778807392.2640011,-1.7113911437988283,-6.409820709228516,-0.2136058044433594,-0.15245793759822845,-0.6179518699645996,0.06270542740821838
1778807392.2839026,-1.3069322204589844,-7.005282440185547,-0.38035903930664067,-0.012336342595517635,-0.6272047758102417,0.15916197001934052
1778807392.303832,-1.0539582824707032,-8.781488800048828,-0.219144287109375,0.05612983927130699,-0.7043971419334412,0.18139207363128662
1778807392.324972,-0.9949809265136719,-10.855575714111328,-0.26315277099609374,-0.0863623321056366,-0.7816119194030762,0.11958981305360794
1778807392.345524,-0.6363267517089845,-12.36204299926758,-1.0626402282714844,-0.3437274694442749,-0.8208528757095337,0.021836798638105392
1778807392.367002,-0.28306137084960936,-12.466226348876953,-1.8384768676757814,-0.27344071865081787,-0.7524722814559937,-0.05078226700425148
1778807392.3893437,-0.5731581115722657,-10.809321899414064,-1.0503657531738282,0.06498303264379501,-0.6234578490257263,-0.150747612118721
1778807392.4114258,-0.9367520141601563,-9.037755889892578,0.4770579528808594,-0.03648943826556206,-0.7155240774154663,-0.25162777304649353
1778807392.4365432,-0.40850051879882815,-7.805668029785156,0.4860392761230469,-0.17137561738491058,-0.7664388418197632,-0.24099309742450714
1778807392.459067,-0.14594650268554688,-8.065827026367188,-0.09520202636718751,-0.14030903577804565,-0.7316443920135498,-0.08483244478702545
1778807392.4800243,-0.5545967102050782,-8.968300323486329,-0.13741424560546875,-0.058501798659563065,-0.6685811877250671,-0.025456519797444344
1778807392.5005326,-1.2978012084960937,-9.714797973632812,0.35700759887695316,-0.06958174705505371,-0.6369830369949341,-0.04024634510278702
1778807392.5218532,-1.5681390380859377,-10.182874603271484,1.155596923828125,-0.14409615099430084,-0.7116221189498901,-0.09748432785272598
1778807392.5438883,-1.1521540832519532,-9.964329071044922,1.098116455078125,-0.1843152940273285,-0.8044989705085754,-0.10763441026210785
1778807392.5642295,-1.0422825622558594,-9.548493804931642,0.8922944641113282,-0.15737539529800415,-0.8646746873855591,-0.07476396858692169
1778807392.5847735,-1.2036470031738282,-9.325008544921875,0.6601272583007813,-0.11714943498373032,-0.8438572883605957,-0.0204203762114048
1778807392.6070073,-1.6323554992675782,-9.220525817871094,0.7186555480957032,-0.1163586676120758,-0.7952359318733215,0.017207030206918716
1778807392.6268547,-1.452579345703125,-9.190438385009767,0.8927435302734376,-0.09853096306324005,-0.8012007474899292,0.06723327934741974
1778807392.646909,-1.2090357971191408,-9.277706909179688,1.04183349609375,-0.14126287400722504,-0.8095337748527527,0.11110542714595795
1778807392.6700594,-1.3356724548339844,-9.392368469238281,1.270557861328125,-0.1784306764602661,-0.869032621383667,0.10601337254047394
1778807392.6938305,-0.8894503784179688,-9.368867340087892,1.0407856750488282,-0.13750113546848297,-0.8653310537338257,0.15070751309394836
1778807392.7153358,-1.2304412841796875,-9.360035705566407,1.186582489013672,-0.1576368510723114,-0.7989303469657898,0.2208796888589859
1778807393.7387812,-2.518512725830078,-10.63433578491211,1.3418096923828127,0.13753357529640198,-0.5471121668815613,-0.14901036024093628
1778807393.764653,-1.9041902160644533,-8.589138793945313,0.6497987365722656,-0.09397675096988678,-0.7345529794692993,0.003226248547434807
1778807393.7851088,-1.4632072448730469,-7.617658996582032,-0.6259982299804688,-0.14942105114459991,-0.7340124249458313,0.07834220677614212
1778807393.8050473,-0.7670050048828125,-7.038363647460938,-1.373543701171875,-0.07009094208478928,-0.6608452200889587,0.16217580437660217
1778807393.825598,-0.3106040954589844,-7.272776184082032,-1.0364447021484375,0.10907880961894989,-0.5896618962287903,0.23766976594924927
1778807393.8455658,-0.6876699829101562,-8.740174713134767,-0.0975970458984375,0.17608186602592468,-0.603438138961792,0.2573641240596771
1778807393.8706388,-1.5018269348144533,-11.012150115966797,0.22094055175781252,-0.2266552895307541,-0.7954309582710266,0.005396417807787657
1778807393.8922758,-1.7977615356445313,-12.634775848388673,-0.5730084228515625,-0.40533241629600525,-0.8601827025413513,-0.19696137309074402
1778807393.912213,-1.0427316284179688,-12.524754638671876,-2.0742366027832033,-0.05668498948216438,-0.6721810698509216,-0.14567483961582184
1778807393.9337056,-1.2919633483886719,-9.415420532226562,-0.57240966796875,0.2816908359527588,-0.6127538084983826,-0.0755079835653305
1778807393.955559,-1.490749969482422,-8.002808074951172,1.6084053039550783,0.1538647562265396,-0.7403861880302429,-0.008070915937423706
1778807393.9780378,-1.5407460021972657,-7.624844055175782,1.595232696533203,-0.13934439420700073,-0.8790949583053589,0.054969366639852524
1778807393.9990926,-1.5245796203613282,-7.971223754882813,0.5851332092285156,-0.2472223937511444,-0.9463834762573242,0.1527356058359146
1778807394.0201585,-1.590143280029297,-8.796906738281251,0.0892144775390625,-0.21496832370758057,-0.9797499179840088,0.19733920693397522
1778807394.0423362,-1.4548246765136719,-9.76539276123047,0.27617568969726564,-0.17555783689022064,-1.0170729160308838,0.22730179131031036
1778807394.0643103,-1.4066249084472657,-10.060728607177735,0.8045768737792969,-0.15854689478874207,-1.0725582838058472,0.2228824943304062
1778807394.0839622,-1.112486572265625,-10.009535064697266,1.214424591064453,-0.19902734458446503,-1.1861276626586914,0.17146357893943787
1778807394.1042945,-1.0572514343261719,-9.806108093261718,1.1202703857421876,-0.2564869523048401,-1.2422913312911987,0.1505052149295807
1778807394.1257393,-1.2995974731445312,-9.581275634765625,1.0136920166015626,-0.25311192870140076,-1.3109781742095947,0.09940007328987122
1778807394.1463273,-1.277742919921875,-9.57573715209961,0.8134085083007813,-0.21879544854164124,-1.312666416168213,0.10550348460674286
1778807394.1675382,-1.6736695861816406,-9.631870422363281,0.9271719360351564,-0.19539262354373932,-1.3387775421142578,0.07348799705505371
1778807394.1903257,-1.7248631286621094,-9.56900115966797,1.1560459899902344,-0.2173532247543335,-1.3808683156967163,0.06317546218633652
1778807394.212746,-1.1536509704589843,-9.321416015625001,1.000968475341797,-0.23864080011844635,-1.3477792739868164,0.1600283980369568
1778807394.2333102,-1.696871337890625,-9.286538543701173,1.091081085205078,-0.2543797492980957,-1.37167227268219,0.17292124032974243
1778807394.2533715,-1.490749969482422,-9.627379760742189,1.0401869201660157,-0.21343931555747986,-1.4280389547348022,0.13541081547737122
1778807394.2764819,-1.069376220703125,-9.733658752441407,1.0207273864746094,-0.18253226578235626,-1.4030520915985107,0.18216459453105927
1778807394.2988787,-1.162632293701172,-9.78844482421875,1.1163784790039064,-0.2019718736410141,-1.4468961954116821,0.1714266836643219
1778807394.319373,-1.216520233154297,-9.890682220458984,1.0840457153320313,-0.21171189844608307,-1.48493230342865,0.15607956051826477
1778807394.3407953,-1.2904664611816408,-9.847272491455078,0.9500743103027344,-0.21594813466072083,-1.5217337608337402,0.13116775453090668
1778807394.3621807,-1.1070977783203126,-9.662406921386719,0.7470964050292969,-0.18831181526184082,-1.546251893043518,0.1518571674823761
1778807394.3887813,-1.1433224487304687,-9.485774230957032,0.968785400390625,-0.11883904039859772,-1.650614619255066,0.1962127983570099
1778807394.4093742,-1.5727793884277343,-9.628726959228516,1.6088543701171876,-0.057998012751340866,-1.7904715538024902,0.15264049172401428
1778807394.4305644,-2.084714813232422,-11.48696273803711,-0.086220703125,-0.4017193019390106,-1.7793318033218384,0.13478094339370728
1778807394.4499185,-1.8550923156738282,-12.975617065429688,-2.0166064453125,-0.5927672386169434,-1.7239435911178589,0.016975149512290955
1778807394.47352,-1.6353492736816406,-12.913196868896485,-2.7089167785644532,-0.3613615930080414,-1.4134879112243652,0.04626769199967384
1778807394.494203,-2.22497314453125,-11.125464477539063,-0.7358697509765625,-0.11492042243480682,-1.3627097606658936,0.027417782694101334
1778807394.5144594,-2.1612057495117187,-8.802594909667969,2.023641815185547,-0.2250506579875946,-1.48623526096344,0.053427811712026596
1778807394.534724,-1.917063446044922,-7.2019734191894536,1.821262664794922,-0.4313621520996094,-1.7929637432098389,0.20583541691303253
1778807394.55593,-1.5628999328613282,-7.035369873046875,-0.04146377563476563,-0.2575594186782837,-1.8083207607269287,0.2590227723121643
1778807394.5766652,-1.479972381591797,-7.778125305175782,-1.154549102783203,-0.13195669651031494,-1.6916362047195435,0.28097638487815857
1778807394.5971465,-1.7777032470703127,-9.028325500488283,-1.2073892211914063,-0.15291723608970642,-1.527547001838684,0.26840633153915405
1778807394.6166515,-2.2900877380371094,-9.93543914794922,-0.49367340087890627,-0.19221942126750946,-1.530397891998291,0.1694042980670929
1778807394.6386993,-2.5381219482421877,-10.525212707519533,0.6617738342285157,-0.22586455941200256,-1.6088931560516357,0.12387799471616745
1778807394.6594956,-2.994822235107422,-10.642119598388673,1.402134246826172,-0.32350754737854004,-1.6561977863311768,0.1741059124469757
1778807394.6794777,-3.4648448181152345,-10.008636932373047,0.9006770324707032,-0.394136518239975,-1.6885138750076294,0.2310403287410736
1778807394.7009735,-3.3880545043945314,-9.209598541259766,0.22842498779296877,-0.3460744321346283,-1.7197190523147583,0.2503686249256134
1778807394.722965,-2.732417907714844,-8.930728454589843,-0.08816665649414063,-0.2526073455810547,-1.6779043674468994,0.3023139536380768
1778807394.743602,-2.320624237060547,-8.978030090332032,0.0664617919921875,-0.263887882232666,-1.5497663021087646,0.35301917791366577
1778807394.782367,-2.1573138427734375,-8.979227600097657,0.040415954589843754,-0.34726470708847046,-1.411013126373291,0.3392028212547302
1778807394.805184,-2.3007156372070314,-9.090895385742188,-0.02125579833984375,-0.22823317348957062,-1.3158526420593262,0.24971544742584229
1778807394.8256497,-2.593656463623047,-9.268875274658203,0.3754193115234375,-0.17895342409610748,-1.2853976488113403,0.18829521536827087
1778807394.8472724,-2.695594482421875,-9.45793212890625,0.9225315856933595,-0.21408051252365112,-1.2939828634262085,0.1632903814315796
1778807394.8691251,-2.847977600097656,-9.535171508789062,0.9842033386230469,-0.24362753331661224,-1.2970519065856934,0.16712625324726105
1778807394.8926525,-2.823578338623047,-9.503287811279298,0.7773335266113282,-0.23670411109924316,-1.2992208003997803,0.15190617740154266
1778807394.9128265,-2.7663972473144534,-9.230105895996095,0.7349716186523438,-0.2328728884458542,-1.2796084880828857,0.14962023496627808
1778807394.9334323,-2.674787750244141,-8.944350128173829,0.9580078125,-0.25453925132751465,-1.2637310028076172,0.1474064439535141
1778807394.9541678,-2.7358607482910156,-8.89465347290039,1.2070898437500002,-0.2771998643875122,-1.2406563758850098,0.1296849101781845
1778807394.9769282,-2.615061950683594,-9.089398498535157,1.1006611633300782,-0.26372578740119934,-1.1951615810394287,0.0983065515756607
1778807394.9963796,-2.2335054016113283,-9.381441192626953,1.0713221740722656,-0.2421083152294159,-1.1346298456192017,0.06309638172388077
1778807395.015242,-2.1417462158203127,-9.44206512451172,1.1082952880859376,-0.21279767155647278,-1.0611155033111572,0.0408271849155426
1778807395.0358346,-2.3047572326660157,-9.448052673339845,0.8637039184570313,-0.14365682005882263,-0.96034836769104,0.0063035208731889725
1778807395.0553553,-2.438429260253906,-9.422904968261719,0.8913963317871094,-0.08186602592468262,-0.8877546191215515,-0.06632018834352493
1778807395.0766788,-2.6530828857421875,-9.340127105712892,1.4205459594726564,-0.06077544391155243,-0.8337631821632385,-0.13177260756492615
1778807395.1002665,-2.611619110107422,-9.29222671508789,1.311123504638672,-0.03817082569003105,-0.764824390411377,-0.17509417235851288
1778807395.120742,-2.4074436950683595,-9.371561737060548,1.1952644348144532,0.011279590427875519,-0.6412160992622375,-0.16265282034873962
1778807395.1421611,-2.5297393798828125,-9.521699523925781,1.2509486389160156,0.020022962242364883,-0.5949857234954834,-0.13536708056926727
1778807395.1645932,-2.651585998535156,-9.75012451171875,1.53041748046875,0.012111201882362366,-0.5610489249229431,-0.12013472616672516
1778807395.1862957,-2.8533663940429688,-9.9249609375,1.9664607238769531,0.02454577386379242,-0.5529007911682129,-0.09591996669769287
1778807395.2082117,-3.147205352783203,-10.313552856445312,1.894310760498047,-0.029387645423412323,-0.581778883934021,-0.08059880882501602
1778807395.229125,-3.304677886962891,-10.971135406494142,0.7942483520507813,-0.16642457246780396,-0.5931365489959717,-0.0934910923242569
1778807395.2490368,-3.036735076904297,-11.389814758300782,0.07454498291015625,-0.09232230484485626,-0.5470308065414429,-0.09989763796329498
1778807395.270324,-3.0539492797851566,-11.264674987792969,0.9874964904785156,-0.005912850610911846,-0.5411797165870667,-0.0700872465968132
1778807395.2930255,-3.1531929016113285,-10.287806396484376,2.0565733337402343,-0.08769185841083527,-0.6785062551498413,-0.06991204619407654
1778807395.3127177,-2.8330087280273437,-9.30749496459961,1.7416282653808595,-0.07171335071325302,-0.7339968681335449,-0.019690552726387978
1778807395.3703187,-2.066602478027344,-8.769813079833984,0.6744973754882813,-0.07313911616802216,-0.7781990170478821,0.06403347104787827
1778807395.393709,-1.6594491577148438,-9.480984191894532,0.1850152587890625,-0.13040973246097565,-0.7429034113883972,0.09226556867361069
1778807395.4150064,-1.2310400390625,-10.143506469726564,-0.7514373779296876,-0.1639208346605301,-0.7199649214744568,0.0860176756978035
1778807395.4351916,-0.9379495239257813,-9.977801055908204,-1.2614268493652345,-0.10837526619434357,-0.6218342185020447,0.08208654820919037
1778807395.457219,-0.8027806091308595,-9.470056915283203,-0.9804611206054688,0.019479284062981606,-0.5473410487174988,0.08187446743249893
1778807395.477839,-0.980610809326172,-9.539662170410157,0.07768844604492188,0.09993994235992432,-0.5400016903877258,0.05003390833735466
1778807395.4987853,-1.3356724548339844,-9.96852035522461,0.9093589782714844,-0.1168302595615387,-0.6936728358268738,-0.054050546139478683
1778807395.5209584,-1.4004876708984375,-10.606343994140625,0.3637435913085938,-0.25104081630706787,-0.7196228504180908,-0.1018659770488739
1778807395.5429869,-1.2722044372558594,-10.512938232421876,-0.9342073059082032,-0.21635398268699646,-0.6884693503379822,-0.11095251142978668
1778807395.5637555,-1.452279968261719,-9.735904083251954,-0.5486091613769531,-0.05702925845980644,-0.635985791683197,-0.09960559755563736
1778807395.5846124,-1.519490203857422,-8.902437286376953,0.7349716186523438,-0.03237779438495636,-0.6842273473739624,-0.0699765533208847
1778807395.6088903,-1.4331198120117188,-8.604556732177734,1.3448034667968751,-0.15002533793449402,-0.7850785851478577,-0.03277645260095596
1778807395.628307,-1.3275892639160156,-8.66323471069336,1.099463653564453,-0.2637994885444641,-0.8931865692138672,0.02013814076781273
1778807395.6491892,-1.1056008911132813,-9.1154443359375,0.7229965209960938,-0.29891276359558105,-0.9075542092323303,0.053789690136909485
1778807395.6720195,-1.1451187133789062,-9.53936279296875,0.59396484375,-0.31068626046180725,-0.9555103182792664,0.041979849338531494
1778807395.6940804,-1.2174183654785158,-9.833351440429688,0.5004093933105469,-0.26155325770378113,-0.9809303283691406,0.022831229493021965
1778807395.714475,-1.4894027709960938,-9.727970581054688,0.7993377685546875,-0.22462031245231628,-0.9914340972900391,-0.02353493869304657
1778807395.7354953,-1.397493896484375,-9.723330230712891,1.1533515930175782,-0.24639323353767395,-1.056214451789856,-0.07754695415496826
1778807395.7569413,-1.2844789123535156,-9.711953887939453,0.9978250122070313,-0.2878916263580322,-1.0254132747650146,-0.04051918536424637
1778807395.7782633,-1.45856689453125,-9.62842758178711,1.029708709716797,-0.26351529359817505,-1.0391225814819336,-0.00983457826077938
1778807395.7980132,-1.4814692687988282,-9.583670654296876,0.7858657836914062,-0.20162098109722137,-1.0256118774414062,0.049580782651901245
1778807395.8186848,-1.7497114562988283,-9.538165283203126,0.8288264465332031,-0.15441524982452393,-1.0674221515655518,0.055375128984451294
1778807395.841591,-1.608255615234375,-9.344617767333984,1.0556048583984377,-0.12317876517772675,-1.0730915069580078,0.09810364991426468
1778807395.8633802,-1.4283297729492188,-9.08281219482422,0.9050180053710938,-0.08211059868335724,-1.0665357112884521,0.15705226361751556
1778807395.8835435,-1.3510903930664062,-9.112151184082032,0.8806187438964844,-0.022879591211676598,-1.0581433773040771,0.2011200487613678
1778807395.9081855,-1.304237823486328,-9.331295471191407,1.1776011657714844,-0.0347529873251915,-1.0709848403930664,0.21071021258831024
1778807395.9305196,-1.3439053344726564,-9.661059722900392,1.3048365783691407,-0.17867310345172882,-1.0834556818008423,0.1795119196176529
1778807395.950573,-1.2786410522460938,-9.968370666503906,1.1505075073242188,-0.198594868183136,-1.1030166149139404,0.12812116742134094
1778807395.9712558,-1.0397378540039064,-9.976304168701173,1.01309326171875,-0.18993787467479706,-1.123234748840332,0.1169278472661972
1778807395.992116,-1.0529104614257814,-9.976453857421875,0.8303233337402344,-0.1477646678686142,-1.0785223245620728,0.13482658565044403
1778807396.0154798,-1.332528991699219,-9.854607238769532,1.0975177001953125,-0.11632250994443893,-1.0448046922683716,0.13679450750350952
1778807396.037348,-1.3892610168457031,-9.542805633544923,1.6432827758789064,-0.15769538283348083,-1.1105127334594727,0.18233421444892883
1778807396.0558748,-1.512454833984375,-9.392518157958985,1.9052380371093751,-0.13615192472934723,-1.1758004426956177,0.2418069839477539
1778807396.0760684,-1.9585272216796876,-9.835746459960937,1.8989511108398438,-0.03001273050904274,-1.2793292999267578,0.20686772465705872
1778807396.0965047,-1.9658619689941408,-11.223660278320313,1.28373046875,-0.344440758228302,-1.2371745109558105,0.20383059978485107
1778807396.1181667,-1.8639239501953127,-12.262200622558595,-0.4532574462890625,-0.6924171447753906,-1.182898759841919,0.1277747005224228
1778807396.1608174,-2.003134460449219,-9.82392105102539,-1.7178277587890627,-0.06439657509326935,-0.7470567226409912,0.19551615417003632
1778807396.1808798,-2.1152513122558596,-8.300089874267579,1.1112890625,0.02446918934583664,-0.8724230527877808,0.17522937059402466
1778807396.2012823,-1.6754658508300782,-7.920928344726563,1.5379019165039063,-0.2202102690935135,-1.0938633680343628,0.22415979206562042
1778807396.2238162,-1.4509327697753907,-8.338559875488281,-0.329315185546875,-0.2641993761062622,-1.1950733661651611,0.26294100284576416
1778807396.244382,-1.7455201721191407,-9.114246826171875,-1.5512242126464844,-0.0679437443614006,-1.0494102239608765,0.2548774480819702
1778807396.266054,-2.2170396423339844,-9.727371826171876,-1.4206956481933595,0.04727242514491081,-0.9457840323448181,0.15863673388957977
1778807396.286574,-2.4144790649414065,-10.348729705810547,0.025297393798828127,-0.05862481892108917,-0.9607598185539246,0.07108312845230103
1778807396.310111,-2.195035400390625,-10.336155853271485,0.9886940002441407,-0.3079705536365509,-1.0100536346435547,0.08735039085149765
1778807396.3339071,-2.255659332275391,-10.11611343383789,0.4209246826171875,-0.43314704298973083,-1.0581753253936768,0.16755987703800201
1778807396.3567762,-2.690505065917969,-9.703721008300782,-0.30147308349609375,-0.2774845361709595,-0.9753158092498779,0.25662633776664734
1778807396.390344,-2.4517515563964847,-8.918004913330078,-0.06691085815429688,-0.1163533553481102,-0.9215230345726013,0.20377351343631744
1778807396.4122424,-1.7380357360839844,-8.718769226074219,0.17513580322265626,-0.14796516299247742,-0.8607865571975708,0.19090992212295532
1778807396.4342322,-1.4718891906738283,-8.70065689086914,0.05239105224609375,-0.1521572321653366,-0.6902472376823425,0.20569352805614471
1778807396.4547927,-1.8982026672363281,-9.041348419189454,0.18007553100585938,-0.1971462070941925,-0.6119014024734497,0.16664063930511475
1778807396.4785223,-2.5213568115234377,-9.593250732421875,0.34787658691406254,-0.22864700853824615,-0.5668321251869202,0.11042723804712296
1778807396.5017438,-2.625689849853516,-9.745184783935548,0.4098477172851563,-0.15980114042758942,-0.5799028873443604,0.02886517532169819
1778807396.5270844,-2.453547821044922,-9.551188201904298,0.6569837951660157,-0.12755140662193298,-0.5444921255111694,0.04842173308134079
1778807396.5480056,-2.6696983337402345,-9.196126556396484,0.8994795227050781,-0.1477154940366745,-0.5790476202964783,0.03454252704977989
1778807396.5686655,-2.5378225708007816,-9.183702392578125,0.7890092468261719,-0.13310235738754272,-0.5501245260238647,0.053883712738752365
1778807396.5914698,-2.5304878234863284,-9.115594024658204,0.8473878479003907,-0.14504674077033997,-0.523620069026947,0.06707650423049927
1778807396.6138968,-2.378853149414063,-9.073830871582032,0.820144500732422,-0.14593406021595,-0.4753696322441101,0.09017501771450043
1778807396.6361682,-2.4432192993164064,-9.016350402832032,0.8363108825683594,-0.11726309359073639,-0.43320155143737793,0.06970331817865372
1778807396.6568832,-2.555336151123047,-9.030271453857422,0.8976832580566406,-0.09594901651144028,-0.38120952248573303,0.026011914014816284
1778807396.678322,-2.36867431640625,-9.187893676757813,0.8786727905273438,-0.0417947992682457,-0.32146376371383667,-0.0025590816512703896
1778807396.6998992,-2.4016058349609377,-9.33144515991211,0.9023236083984375,0.013165859505534172,-0.24251462519168854,-0.012476110830903053
1778807396.7230833,-2.674937438964844,-9.427395629882813,1.0398875427246095,0.058133114129304886,-0.15022316575050354,-0.06366342306137085
1778807396.7433732,-2.7265800476074222,-9.494905242919922,1.0783575439453126,0.04734736308455467,-0.08812548965215683,-0.0948159247636795
1778807396.7648811,-2.6358686828613282,-9.324858856201173,0.9710307312011719,0.06235089898109436,-0.04524092376232147,-0.10490840673446655
1778807396.785464,-2.585124206542969,-9.451794891357423,0.7719447326660157,0.11350497603416443,0.01324714720249176,-0.09815511852502823
1778807396.8053691,-2.6933491516113284,-9.654922485351562,1.2255015563964844,0.11747873574495316,0.1024869978427887,-0.07328891009092331
1778807396.831118,-2.7379563903808597,-9.744586029052735,1.709894256591797,0.08272571116685867,0.13280558586120605,-0.08880814164876938
1778807396.850333,-2.522704010009766,-9.882898406982422,2.05013671875,0.14529018104076385,0.15129177272319794,-0.06537789851427078
1778807396.8725443,-2.4111859130859377,-10.606044616699219,2.5004003906250003,0.029733041301369667,0.1538701206445694,0.005705845542252064
1778807396.8938782,-3.1584320068359375,-11.439361724853516,1.6040643310546876,-0.3485206365585327,0.03348209708929062,-0.06040586903691292
1778807396.9153364,-2.6238935852050784,-12.208013305664062,-1.9496955871582031,-0.08671236038208008,0.15386389195919037,-0.10232531279325485
1778807396.9406881,-3.1323861694335937,-11.723021850585939,-1.3247451782226562,0.24055227637290955,0.3203832507133484,-0.16263613104820251
1778807396.9612129,-3.0093420410156253,-10.477012939453125,0.17962646484375,0.15826548635959625,0.2977019250392914,-0.16265854239463806
1778807396.983569,-2.3402334594726564,-9.280550994873048,0.3878434753417969,0.11440998315811157,0.32932066917419434,-0.07944880425930023
1778807397.0049517,-1.7335450744628906,-8.056845703125001,0.07753875732421875,0.13394339382648468,0.3242538869380951,-0.04815956950187683
1778807397.0293775,-1.191522216796875,-7.632627868652344,-0.28261230468750004,0.08448730409145355,0.32588499784469604,-0.017428986728191376
1778807397.0483358,-0.7553292846679688,-7.796087951660157,-0.5090913391113282,0.0026980461552739143,0.3542468547821045,0.05885970592498779
1778807397.0681307,-0.5231620788574219,-8.35472625732422,-0.5501060485839844,0.09223046898841858,0.30183979868888855,0.05807305872440338
1778807397.0889423,-0.5409750366210938,-9.310189361572267,-0.09430389404296875,0.18159770965576172,0.24682490527629852,0.009527869522571564
1778807397.1094906,-1.0327024841308594,-10.580896911621094,0.43963577270507814,0.0917428731918335,0.16715151071548462,-0.1184452548623085
1778807397.1289303,-1.573378143310547,-11.765084381103517,0.5899232482910156,-0.13961869478225708,0.02387259341776371,-0.31768926978111267
1778807397.1516588,-1.1367361450195312,-12.227173461914063,-0.3686833190917969,-0.17353016138076782,0.0011876118369400501,-0.38488903641700745
1778807397.1712034,-0.44697052001953125,-11.394305419921876,-1.4946418762207032,0.09906857460737228,0.1824319064617157,-0.2858094274997711
1778807397.193485,-1.3284873962402344,-9.046587524414063,-0.08232879638671875,0.2795936167240143,0.2501504123210907,-0.21805553138256073
1778807397.213665,-1.773511962890625,-7.918982391357423,1.2915142822265626,0.13313359022140503,0.1439661830663681,-0.22743359208106995
1778807397.233197,-1.4630575561523438,-7.611821136474609,1.184486846923828,-0.044668301939964294,0.03163773566484451,-0.1869816780090332
1778807397.2538252,-1.101708984375,-8.024962005615235,0.5453160095214844,-0.08667337894439697,0.008663346990942955,-0.054131023585796356
1778807397.2762136,-1.1557466125488283,-8.909023590087891,0.3459306335449219,-0.07676689326763153,0.00059852609410882,0.05836590752005577
1778807397.2970881,-1.2819342041015627,-9.708211669921875,0.5020559692382813,-0.06716982275247574,-0.033434364944696426,0.09076877683401108
1778807397.3186564,-1.1180250549316406,-10.090067596435548,0.798589324951172,-0.06431906670331955,-0.09427022188901901,0.06985190510749817
1778807397.342703,-0.9906399536132813,-10.03079086303711,1.0229727172851564,-0.06032830849289894,-0.1450142115354538,0.03898637369275093
1778807397.3619251,-0.8750802612304688,-9.763147430419922,1.0220745849609376,-0.08901593834161758,-0.1806049942970276,0.016474725678563118
1778807397.38211,-0.8961863708496094,-9.645192718505859,0.8583151245117188,-0.12108974158763885,-0.19602882862091064,0.00632916996255517
1778807397.4033742,-1.09452392578125,-9.50583251953125,0.8788224792480469,-0.11221900582313538,-0.22192008793354034,0.00028406083583831787
1778807397.424841,-1.2841795349121095,-9.376351776123048,0.9005273437500001,-0.07317198067903519,-0.25252726674079895,-0.012879414483904839
1778807397.444932,-1.3518388366699219,-9.203161926269532,1.0638377380371093,-0.043288636952638626,-0.2616884112358093,0.014727956615388393
1778807397.4668105,-1.3454022216796875,-9.249415740966798,1.233285369873047,-0.010425889864563942,-0.3061438500881195,0.08498366922140121
1778807397.4925396,-1.2781919860839845,-9.59055633544922,1.414259033203125,-0.009844863787293434,-0.35470378398895264,0.11215007305145264
1778807397.5155525,-1.2530442810058595,-9.627828826904297,1.26217529296875,-0.03167805075645447,-0.36549416184425354,0.14702953398227692
1778807397.5353317,-1.1633807373046876,-9.635912017822266,1.1169772338867188,-0.042061369866132736,-0.38598671555519104,0.1768418550491333
1778807397.5579932,-1.0162367248535156,-9.754016418457033,0.9401948547363281,0.010883651673793793,-0.3920428454875946,0.18377777934074402
1778807397.580862,-0.8958869934082032,-9.903106384277343,1.0581495666503906,0.05199696123600006,-0.3813372850418091,0.19255277514457703
1778807397.6004336,-1.1066487121582032,-9.940827941894531,1.4600637817382813,0.036493148654699326,-0.3871665298938751,0.2107328176498413
1778807397.624117,-1.5855029296875,-10.142308959960937,1.8458116149902344,0.04159509390592575,-0.4475501477718353,0.17785508930683136
1778807397.6519766,-1.8916163635253906,-11.098071441650392,2.0718415832519534,-0.07391688972711563,-0.5532947778701782,0.0674309954047203
1778807397.6756155,-1.1322454833984374,-12.660821685791015,-0.3393443298339844,-0.3624887466430664,-0.4479593336582184,0.04992586746811867
1778807397.6970608,-0.7644602966308595,-12.73716293334961,-1.6054115295410156,-0.15165577828884125,-0.2170908898115158,0.10254818946123123
1778807397.715972,-1.2674143981933594,-11.262429656982423,-1.0735675048828126,0.029912404716014862,-0.12754175066947937,0.08858881890773773
1778807397.7353623,-1.533710632324219,-9.741143188476563,0.49412246704101564,-0.018872272223234177,-0.14657029509544373,0.08865641057491302
1778807397.7603865,-1.4434483337402344,-8.83043701171875,1.0470726013183593,-0.09473063051700592,-0.20608820021152496,0.08622228354215622
1778807397.7824032,-1.0174342346191407,-8.371192016601563,-0.16091537475585938,-0.031238777562975883,-0.1672114133834839,0.12515321373939514
1778807397.8026838,-1.0864407348632814,-8.309969329833985,-0.9885443115234376,0.0709395483136177,-0.08681941032409668,0.14997823536396027
1778807397.8251755,-1.3644126892089845,-8.533753967285156,-1.691931610107422,0.21476542949676514,0.05946110934019089,0.06893771886825562
1778807397.8471975,-1.6064593505859375,-9.066945190429688,-1.426084442138672,0.2344135046005249,0.13719645142555237,-0.03026491403579712
1778807397.8728406,-1.8935623168945312,-10.100545806884766,0.22064117431640626,0.16714827716350555,0.2261856198310852,-0.05753762274980545
1778807397.8948,-2.4572900390625003,-10.590177612304688,0.6497987365722656,-0.020872075110673904,0.2630062401294708,-0.06234254688024521
1778807397.916486,-2.693049774169922,-10.680888977050781,0.09340576171875001,-0.10399042814970016,0.2669985592365265,-0.010550985112786293
1778807397.9379768,-2.7764263916015626,-9.83724334716797,-0.9153465270996094,0.01953260600566864,0.31467369198799133,0.05313451215624809
1778807397.968149,-3.0202693176269535,-9.117390289306641,-0.38619689941406254,0.29740017652511597,0.3090474605560303,-0.013803405687212944
1778807397.9922483,-2.1341120910644533,-8.514893188476563,1.0205776977539063,0.2735103368759155,0.33608436584472656,-0.0076376572251319885
1778807398.0134716,-1.610500946044922,-8.691825256347657,0.8747808837890625,0.16668134927749634,0.4004764258861542,0.0373694971203804
1778807398.0341158,-1.503922576904297,-9.156009979248047,0.39817199707031253,0.15223099291324615,0.4310375452041626,0.04454032704234123
1778807398.0577285,-1.7778529357910158,-9.682016143798828,0.09969268798828125,0.16564114391803741,0.47388404607772827,0.011702219024300575
1778807398.0795233,-2.123184814453125,-10.024354248046876,0.21165985107421875,0.19925419986248016,0.5042974352836609,-0.061054956167936325
1778807398.1015258,-2.076182556152344,-9.693542175292968,0.506546630859375,0.228972390294075,0.5140122771263123,-0.1229073777794838
1778807398.1222644,-2.0478913879394534,-9.354048156738282,0.7851173400878907,0.2184084802865982,0.5497578978538513,-0.11218418180942535
1778807398.1428106,-2.2113514709472657,-9.226812744140625,0.908909912109375,0.19000011682510376,0.5468730926513672,-0.1011735200881958
1778807398.1662982,-2.3303540039062502,-9.231004028320314,0.9105564880371094,0.16018402576446533,0.5333942174911499,-0.09082308411598206
1778807398.1869452,-2.5174649047851565,-9.250164184570313,0.8647517395019532,0.14200785756111145,0.49789854884147644,-0.09802662581205368
1778807398.208387,-2.718047790527344,-9.068891143798828,0.9340576171875,0.15506701171398163,0.4599820375442505,-0.0970747172832489
1778807398.2282586,-2.831960906982422,-8.965605926513673,1.1608360290527344,0.19004961848258972,0.4050820469856262,-0.11504870653152466
1778807398.2496474,-2.8027716064453125,-9.043893127441407,1.5202386474609375,0.2135838121175766,0.3420165777206421,-0.11165668070316315
1778807398.2766025,-2.6406587219238284,-9.272767181396485,1.808090057373047,0.19378982484340668,0.22835767269134521,-0.1097736731171608
1778807398.297778,-2.501597900390625,-9.35539535522461,1.6887881469726564,0.15959519147872925,0.18050405383110046,-0.08916086703538895
1778807398.3183427,-2.574496307373047,-9.140592041015626,1.6084053039550783,0.09286907315254211,0.1195981353521347,-0.0858442634344101
1778807398.3384547,-2.585124206542969,-9.017996978759767,1.3096266174316407,0.06385128200054169,0.07241951674222946,-0.0766248106956482
1778807398.3598866,-2.6232948303222656,-9.134903869628907,1.06578369140625,0.06415141373872757,0.0619187131524086,-0.049030303955078125
1778807398.381178,-2.608475646972656,-9.494456176757813,1.3016931152343751,0.09749142080545425,0.03240082040429115,-0.06958520412445068
1778807398.4013124,-2.3908282470703126,-9.64564178466797,1.8143769836425783,0.048188939690589905,-0.006842241156846285,-0.06894674897193909
1778807398.4235928,-2.248773651123047,-9.567953338623047,2.0001406860351563,-0.024914458394050598,-0.02790127694606781,-0.04292480647563934
1778807398.4453957,-2.069296875,-9.90340576171875,2.2784120178222658,-0.041011061519384384,-0.04655977338552475,0.015417303889989853
1778807398.4691665,-2.532583465576172,-11.055709533691406,1.969753875732422,-0.18783077597618103,-0.14989891648292542,0.03261461853981018
1778807398.4903076,-2.7304719543457034,-11.847862243652344,0.25357269287109374,-0.34845781326293945,-0.19969959557056427,-0.07446558028459549
1778807398.5113237,-2.468666381835938,-11.90564208984375,-1.0792556762695313,-0.011463071219623089,-0.050748273730278015,-0.08523152023553848
1778807398.5326421,-2.7092161560058594,-10.804082794189453,-0.06197113037109375,0.06849471479654312,-0.06480912864208221,-0.09397993236780167
1778807398.5530007,-2.5824298095703124,-9.564211120605469,1.7748591613769533,-0.06784462928771973,-0.17556652426719666,-0.044860634952783585
1778807398.5776026,-2.4496559143066405,-8.631500701904297,1.5085629272460939,-0.11769015341997147,-0.2510206997394562,0.0105904471129179
1778807398.598838,-2.4816893005371097,-8.438402252197266,1.081201629638672,-0.13795526325702667,-0.32647866010665894,0.004083714913576841
1778807398.6218503,-2.223476257324219,-8.461304626464845,0.6415658569335938,-0.13699278235435486,-0.36471718549728394,0.01840314082801342
1778807398.6430402,-1.8420693969726563,-9.085506591796875,-0.045954437255859376,-0.1284455806016922,-0.38552990555763245,0.04985611513257027
1778807398.6645987,-1.65974853515625,-9.475296020507812,-0.47376480102539065,-0.1458742320537567,-0.38201969861984253,0.0726013034582138
1778807398.6867456,-1.2138258361816407,-9.66001190185547,-0.9213340759277344,-0.1548822671175003,-0.35013607144355774,0.09968383610248566
1778807398.7088323,-0.9231303405761719,-9.533973999023438,-0.8677455139160156,-0.016822252422571182,-0.30428290367126465,0.1415829062461853
1778807398.7295785,-0.9331594848632813,-9.535470886230469,-0.017663269042968752,0.005331621505320072,-0.422491192817688,0.11224160343408585
1778807398.7505789,-1.137783966064453,-10.030042419433594,0.7485932922363282,-0.11973290890455246,-0.5911960005760193,0.06515485048294067
1778807398.7749856,-1.4419514465332033,-10.751092987060547,0.6758445739746094,-0.2529870271682739,-0.6867884993553162,0.022588975727558136
1778807398.7964747,-2.046544189453125,-11.080707550048828,-0.19489471435546876,-0.2879677712917328,-0.7378197312355042,-0.042509015649557114
1778807398.818823,-2.033221893310547,-10.49258056640625,-0.6081852722167969,-0.19291092455387115,-0.7355838418006897,-0.09447439014911652
1778807398.9519207,-1.7269587707519531,-9.70701416015625,0.47675857543945316,-0.3152124285697937,-0.9716740846633911,0.13083133101463318
1778807398.973853,-1.3861175537109376,-9.430838470458985,0.7800279235839844,-0.2850783169269562,-0.9904518723487854,0.09171406179666519
1778807398.9945362,-1.0823991394042969,-9.351503448486328,1.0508148193359375,-0.284549355506897,-1.0253772735595703,0.09506163001060486
1778807399.0144315,-1.2519964599609377,-9.565109252929688,1.150806884765625,-0.3268924057483673,-1.013913631439209,0.13040821254253387
1778807399.0366724,-1.7164805603027344,-9.752220153808594,1.1072474670410157,-0.3562707006931305,-1.030658483505249,0.09134227782487869
1778807399.0590403,-1.953138427734375,-9.591903533935547,0.9848020935058595,-0.2943379580974579,-1.0583072900772095,0.05841369554400444
1778807399.0849812,-1.8779946899414064,-9.392518157958985,1.1220666503906251,-0.20290453732013702,-1.0856637954711914,0.06535965949296951
1778807399.1069307,-1.8610798645019533,-9.545500030517578,1.1572434997558594,-0.09329474717378616,-1.148181438446045,0.09953483939170837
1778807399.1283183,-1.8995498657226564,-9.941127319335939,1.1695179748535156,-0.08976830542087555,-1.1919349431991577,0.09248162806034088
1778807399.1496243,-1.568588104248047,-10.123897247314453,1.0952723693847657,-0.10278017818927765,-1.2590665817260742,0.0932728499174118
1778807399.1698487,-1.4952406311035158,-9.778565368652345,0.9949809265136719,-0.03740270063281059,-1.3161524534225464,0.11252811551094055
1778807399.1919804,-1.4958393859863282,-9.401499481201173,1.2198133850097657,0.0771007165312767,-1.3472905158996582,0.14556437730789185
1778807399.2121758,-1.5546670532226563,-9.033714294433594,1.7904267883300782,0.10863650590181351,-1.3933875560760498,0.1643664389848709
1778807399.232378,-1.799707489013672,-9.206754455566406,1.6310083007812501,0.14304102957248688,-1.4657257795333862,0.12475354969501495
1778807399.2526493,-1.8097366333007814,-10.411748657226562,-0.04445755004882813,-0.09343971312046051,-1.4042502641677856,0.15139782428741455
1778807399.2737637,-1.603465576171875,-11.649973754882813,-1.994751892089844,-0.5563551187515259,-1.305411696434021,0.12275111675262451
1778807399.2996275,-1.6434324645996095,-11.937974853515625,-2.741249542236328,0.07186150550842285,-0.8111008405685425,0.15347647666931152
1778807399.3211265,-3.1518457031250002,-9.990524597167969,1.979333953857422,0.06718609482049942,-1.0028207302093506,0.07653839886188507
1778807399.3441787,-2.698737945556641,-9.500443725585939,1.5979270935058594,-0.4195822477340698,-1.2939144372940063,0.040885377675294876
1778807399.3661644,-1.914818115234375,-9.567204895019533,-0.5679190063476562,-0.2705479562282562,-1.2687504291534424,0.09047456830739975
1778807399.3899918,-1.720671844482422,-9.258247375488281,-1.6769627380371095,-0.05999850481748581,-1.0546082258224487,0.1346272975206375
1778807399.411946,-2.2252725219726566,-8.745563507080078,-0.08831634521484376,0.029914040118455887,-0.9032898545265198,0.11308618634939194
1778807399.434015,-2.393672332763672,-8.999734954833984,1.7926721191406252,-0.026753364130854607,-0.8966525197029114,0.06426718086004257
1778807399.4556448,-2.6399102783203126,-9.611961822509766,2.1739292907714844,-0.33934691548347473,-0.9753475785255432,0.06777628511190414
1778807399.4757578,-2.6973907470703127,-10.125244445800782,1.4211447143554687,-0.5583503842353821,-1.055114507675171,0.11727087944746017
1778807399.4993458,-2.9425808715820314,-9.943821716308594,-0.7728428649902345,-0.4618788957595825,-0.9844865202903748,0.16390451788902283
1778807399.5206182,-3.287313995361328,-9.239236907958984,-0.6933581542968751,-0.09798198193311691,-0.8392225503921509,0.1194918155670166
1778807399.5425286,-2.8803103637695315,-8.628357238769532,0.9416917419433595,0.02585996501147747,-0.7973641157150269,0.056488800793886185
1778807399.5636127,-2.108665008544922,-8.524772644042969,1.7414785766601564,-0.12785924971103668,-0.7344989776611328,0.11756917834281921
1778807399.5849342,-1.632205810546875,-8.630901947021485,1.2244537353515625,-0.23956739902496338,-0.6395279765129089,0.20787616074085236
1778807399.6099167,-2.0866607666015624,-8.877738647460937,0.23740631103515628,-0.2242947518825531,-0.545055627822876,0.2355116754770279
1778807399.6310985,-2.3417303466796877,-9.014105072021485,0.34757720947265625,-0.12896057963371277,-0.4669024646282196,0.2026447057723999
1778807399.6525712,-2.420017547607422,-9.1920849609375,0.9711804199218751,-0.11668048053979874,-0.4302029013633728,0.09646659344434738
1778807399.6748748,-2.3296055603027344,-9.279503173828125,1.3425581359863281,-0.1975129097700119,-0.3864379823207855,0.06265799701213837
1778807399.6968527,-2.179617462158203,-9.306447143554688,1.3440550231933595,-0.2345113605260849,-0.3468795120716095,0.06070108711719513
1778807399.7178452,-2.013013916015625,-9.478439483642578,1.1786489868164063,-0.21169011294841766,-0.2987220585346222,0.05694304779171944
1778807399.7426114,-2.096839599609375,-9.466314697265625,1.2948074340820312,-0.17875906825065613,-0.231570303440094,-0.008337171748280525
1778807399.7915804,-2.0841160583496094,-8.930279388427735,1.2413685607910157,-0.06671380251646042,-0.0730057954788208,-0.10763800889253616
1778807399.8110533,-2.107467498779297,-9.128167877197265,1.3097763061523438,-0.04720381274819374,0.006158842705190182,-0.12381494790315628
1778807399.83441,-2.3435266113281252,-9.350904693603516,1.6266673278808594,-0.05950474739074707,0.048338986933231354,-0.14511741697788239
1778807399.8553772,-2.5845254516601566,-9.309590606689454,1.3442047119140625,-0.03135275840759277,0.12914420664310455,-0.15573835372924805
1778807399.8764505,-2.836900634765625,-9.257498931884767,1.3094769287109376,0.014102200977504253,0.17076966166496277,-0.18368685245513916
1778807399.900389,-2.3604414367675783,-9.448052673339845,1.3539344787597658,0.04790664464235306,0.20227114856243134,-0.1479984074831009
1778807399.925419,-2.2076092529296876,-9.727820892333986,1.4335688781738283,0.01551111415028572,0.2640821039676666,-0.030765661969780922
1778807399.9469683,-3.0255084228515625,-10.163564758300781,1.4296769714355468,-0.034547314047813416,0.27335596084594727,-0.023307565599679947
1778807399.9677815,-3.1557376098632814,-10.295590209960938,1.5019766235351564,0.01841329224407673,0.24571077525615692,-0.0870128646492958
1778807399.988681,-2.7297235107421876,-10.466085662841797,2.3682252502441408,0.09604218602180481,0.2427697628736496,-0.07995982468128204
1778807400.0154254,-3.2058833312988284,-11.378588104248047,1.9943028259277344,-0.11016077548265457,0.15392732620239258,-0.06107042729854584
1778807400.0370195,-3.0165270996093754,-11.90519302368164,0.06436614990234375,-0.24310673773288727,0.0969284251332283,-0.12205859273672104
1778807400.0598495,-2.6779312133789066,-11.925850067138672,-0.7911048889160157,-0.07963746786117554,0.15556862950325012,-0.12361238151788712
1778807400.0822222,-2.8349546813964843,-11.050620117187501,0.0484991455078125,0.073087178170681,0.10094154626131058,-0.11550215631723404
1778807400.1018658,-2.9801527404785157,-9.733658752441407,0.6378236389160157,0.042967915534973145,0.023055417463183403,-0.10660082846879959
1778807400.1224835,-2.7428961181640625,-8.650511169433594,0.3143463134765625,-0.0011389418505132198,0.02665439248085022,-0.06025085225701332
1778807400.1437538,-2.0939955139160156,-7.903564453125,-0.2029779052734375,-0.05311480164527893,0.05737973749637604,0.02020418457686901
1778807400.1647117,-0.9728269958496094,-7.320077819824219,-1.0815010070800781,-0.07779335975646973,0.10477644950151443,0.16503292322158813
1778807400.1856108,-0.6987469482421875,-7.603737945556641,-0.929117889404297,0.0530984066426754,0.08024150133132935,0.27727702260017395
1778807400.2093644,-1.1741583251953125,-8.881480865478515,-0.111368408203125,0.2683671712875366,-0.02023981139063835,0.26941290497779846
1778807400.2328408,-1.748214569091797,-10.807375946044923,0.3070115661621094,-0.07314671576023102,-0.2502571642398834,0.024597816169261932
1778807400.2938638,-0.6445596313476563,-12.486733703613282,-1.9047889709472656,0.15492121875286102,-0.0742131769657135,-0.11658722162246704
1778807400.3191369,-1.9708016967773438,-8.082442474365235,1.657353515625,0.018056798726320267,-0.2838645577430725,-0.26928725838661194
1778807400.3445814,-0.6255491638183595,-7.294780426025391,0.9107061767578125,-0.08421559631824493,-0.3189243674278259,-0.14617925882339478
1778807400.3654087,-0.6864724731445313,-7.940238189697266,0.19190093994140625,-0.06135239079594612,-0.26108112931251526,0.047714728862047195
1778807400.3837986,-1.4997312927246094,-8.937314758300781,0.18875747680664062,-0.004795602988451719,-0.2294946163892746,0.1335005909204483
1778807400.403698,-2.1296214294433593,-9.923164672851563,0.49876281738281253,0.02859659492969513,-0.24680252373218536,0.08028482645750046
1778807400.4254103,-1.8753002929687501,-10.136770477294922,0.9369017028808594,0.06464054435491562,-0.2781676650047302,-0.008120630867779255
1778807400.4439092,-1.3031900024414063,-9.829459533691407,1.229543151855469,0.07520131766796112,-0.29941821098327637,-0.012996887788176537
1778807400.463535,-1.038240966796875,-9.350156250000001,1.2383747863769532,0.06434918940067291,-0.34341269731521606,0.020928598940372467
1778807400.4852004,-1.1356883239746094,-9.08146499633789,1.1097921752929687,0.07064121216535568,-0.3903287351131439,0.07116685062646866
1778807400.5109015,-1.354383544921875,-8.99419647216797,1.0722203063964844,0.06194933503866196,-0.38097018003463745,0.10693369805812836
1778807400.530554,-1.5253280639648439,-9.066795501708985,1.3858181762695314,0.021891934797167778,-0.41866907477378845,0.08908172696828842
1778807400.5522974,-1.4679972839355468,-9.153465270996094,1.439257049560547,0.0001928824931383133,-0.43997764587402344,0.06250597536563873
1778807400.5745652,-1.2533436584472657,-8.999285888671876,1.4235397338867188,-0.013184187933802605,-0.4656077027320862,0.08559412509202957
1778807400.5947464,-1.0174342346191407,-9.177415466308593,1.4144087219238282,-0.01563175953924656,-0.46359366178512573,0.1584259271621704
1778807400.6206892,-1.1817924499511718,-9.48188232421875,1.474134521484375,0.02961927279829979,-0.4747157096862793,0.1734003722667694
1778807400.6428037,-1.1518547058105468,-10.158924407958985,1.4768289184570313,0.06915455311536789,-0.5034424662590027,0.11276879161596298
1778807400.664631,-0.9716294860839845,-10.242151336669922,1.4570700073242189,0.02239569090306759,-0.5069938898086548,0.0900154858827591
1778807400.6862707,-0.8574169921875,-9.989476776123047,1.2496014404296876,0.03432184457778931,-0.49996137619018555,0.13591095805168152
1778807400.7070942,-1.0172845458984376,-10.060129852294923,1.4865586853027344,0.11043983697891235,-0.5091830492019653,0.15480059385299683
1778807400.7340763,-1.8398240661621095,-11.225606231689454,3.190914459228516,0.13311149179935455,-0.6510620713233948,0.058932825922966
1778807400.7528982,-1.8670674133300782,-12.717404022216797,1.8193167114257813,-0.22002817690372467,-0.6810436248779297,0.01263230387121439
1778807400.77441,-1.247655487060547,-14.104419708251953,-0.5525010681152344,-0.692606508731842,-0.6978445649147034,-0.10324682295322418
1778807400.796466,-0.77359130859375,-13.77031448364258,-2.630629577636719,-0.3160932958126068,-0.277169793844223,-0.034509047865867615
1778807400.8187733,-2.2246737670898438,-11.085347900390625,-2.345622253417969,0.16080807149410248,-0.12158346176147461,-0.15581807494163513
1778807400.8413365,-2.685415649414063,-8.352031860351563,0.025596771240234375,0.15016333758831024,-0.16760240495204926,-0.19651128351688385
1778807400.8613944,-1.3837225341796875,-5.824537811279297,0.9117539978027345,-0.041129887104034424,-0.35158032178878784,-0.12593978643417358
1778807400.8821886,-1.1187734985351563,-6.040388946533203,-0.7809260559082032,0.07770994305610657,-0.3195626437664032,-0.006123227532953024
1778807400.9039593,-1.6390914916992188,-7.280110931396485,-0.7249424743652344,0.3024679720401764,-0.18881122767925262,0.038442499935626984
1778807400.9279451,-1.9868183898925782,-9.41092987060547,0.8467890930175782,0.20637886226177216,-0.06754941493272781,0.09241098910570145
1778807400.9501355,-2.2269190979003906,-12.575499114990235,0.9877958679199219,-0.3545226454734802,-0.1991870254278183,0.1537373811006546
1778807400.9710796,-2.5035438537597656,-12.732223205566408,-1.180594940185547,-0.5101597309112549,-0.21924251317977905,0.2161102443933487
1778807400.9933698,-3.9188507080078128,-10.573412475585938,-1.708547058105469,-0.10258637368679047,-0.11514848470687866,0.14439186453819275
1778807401.015141,-4.255201263427734,-8.193960571289063,-0.07514373779296875,0.19268183410167694,-0.19068288803100586,-0.1210627481341362
1778807401.0385053,-2.5249493408203127,-7.117399291992188,1.7263600158691408,0.01708809658885002,-0.26012590527534485,-0.06790228933095932
1778807401.0621128,-0.4764591979980469,-7.679480438232423,1.2922627258300783,-0.1500619500875473,-0.23600377142429352,0.11589255183935165
1778807401.084671,-1.0698252868652345,-8.806187438964844,0.48020141601562505,-0.19353793561458588,-0.1593501716852188,0.19636109471321106
1778807401.1112926,-2.11001220703125,-9.922416229248048,-0.07514373779296875,-0.05559353530406952,-0.10446187108755112,0.08479909598827362
1778807401.1350067,-2.8830047607421876,-10.394684143066407,0.6667135620117188,0.07275886088609695,-0.15739725530147552,-0.13189247250556946
1778807401.159365,-2.5777894592285158,-9.929152221679688,1.4629078674316407,0.06052907556295395,-0.2261986881494522,-0.19804459810256958
1778807401.1803904,-2.21539306640625,-8.82130599975586,1.3281880187988282,0.044485658407211304,-0.24739505350589752,-0.17629402875900269
1778807401.2090142,-2.2695803833007813,-8.503965911865235,1.099463653564453,0.0281011201441288,-0.2550400495529175,-0.08499101549386978
1778807401.2471726,-2.466720428466797,-8.941655731201172,1.3115725708007813,0.06601028144359589,-0.3724457323551178,-0.06847788393497467
1778807401.2684982,-2.349214782714844,-9.199120330810548,1.7025595092773438,-0.001162438653409481,-0.38493672013282776,-0.05626152828335762
1778807401.2910953,-2.2237756347656252,-9.208999786376953,1.640289001464844,-0.09546326845884323,-0.398397833108902,-0.03525283560156822
1778807401.3094099,-2.1296214294433593,-9.328002319335939,1.349294128417969,-0.12960970401763916,-0.42154794931411743,-0.02593114785850048
1778807401.329448,-2.2237756347656252,-9.633067932128906,1.3205538940429689,-0.10535264015197754,-0.4443763196468353,-0.05081328749656677
1778807401.3508384,-2.296524353027344,-9.754615173339845,1.32205078125,-0.08644108474254608,-0.41641947627067566,-0.12341061979532242
1778807401.371036,-2.2351519775390627,-9.836644592285158,1.1421249389648438,-0.04990658909082413,-0.3745497167110443,-0.15514813363552094
1778807401.3955235,-1.8437159729003907,-9.84682342529297,1.1771520996093752,-0.05697336792945862,-0.34776389598846436,-0.13715937733650208
1778807401.4183598,-1.2139755249023438,-10.036928100585937,1.763782196044922,-0.10109572112560272,-0.36283183097839355,-0.04155261069536209
1778807401.441067,-1.5762222290039063,-10.264005889892578,1.9203565979003907,-0.062099650502204895,-0.339861124753952,0.01761806756258011
1778807401.4626884,-2.020049285888672,-10.485096130371094,2.338586883544922,-0.040993742644786835,-0.4397570788860321,-0.0037847382482141256
1778807401.4823897,-2.6291326904296874,-11.141930236816407,2.1124072265625,-0.23060719668865204,-0.5136155486106873,-0.09989096969366074
1778807401.5035498,-2.7669960021972657,-11.992910614013672,0.3758683776855469,-0.24887412786483765,-0.5169343948364258,-0.19001857936382294
1778807401.5267901,-2.2607487487792968,-11.876153411865236,-1.590143280029297,-0.017587531358003616,-0.3699682950973511,-0.17979063093662262
1778807401.5505877,-2.348166961669922,-10.367141418457031,-0.8256829833984375,0.09944719821214676,-0.30770552158355713,-0.14018875360488892
1778807401.601713,-2.3644830322265626,-6.85259994506836,0.19384689331054689,-0.031108666211366653,-0.30633845925331116,0.1274755746126175
1778807401.6238027,-1.8290464782714844,-6.718329162597657,0.42541534423828126,0.09420450031757355,-0.4394467771053314,0.24204063415527344
1778807401.646904,-2.130070495605469,-9.008267211914063,0.6637197875976563,0.12797582149505615,-0.6662837266921997,0.2818651497364044
1778807401.6936555,-2.112257537841797,-13.563294982910158,-1.823657684326172,-0.1475313901901245,-0.8215807676315308,0.05958465859293938
1778807401.7148292,-1.8992504882812502,-11.041189727783204,-0.21480331420898438,0.12761151790618896,-0.8022027611732483,0.016307074576616287
1778807401.7363648,-1.8459613037109377,-8.46010711669922,1.6637901306152345,-0.019997313618659973,-1.0343846082687378,-0.022794149816036224
1778807401.7593045,-1.4973362731933595,-6.889722747802734,1.2064910888671876,-0.3074921667575836,-1.2908953428268433,0.09249353408813477
1778807401.7790625,-1.48251708984375,-6.739734649658203,0.12079879760742188,-0.21424967050552368,-1.288884162902832,0.2340874820947647
1778807401.7992322,-1.8711090087890625,-7.926766204833985,0.3008743286132813,-0.18907412886619568,-1.3373602628707886,0.31927061080932617
1778807401.8210967,-2.162403259277344,-9.275461578369141,0.7081773376464844,-0.3483901917934418,-1.4161982536315918,0.37944814562797546
1778807401.8419845,-2.195185089111328,-10.432555389404298,0.8234376525878907,-0.4535447955131531,-1.5074037313461304,0.38359639048576355
1778807401.8640296,-2.306254119873047,-10.553952941894531,0.6271957397460938,-0.45394712686538696,-1.585123062133789,0.3169877529144287
1778807401.885043,-2.252216491699219,-9.889035644531251,0.5607339477539063,-0.4742806851863861,-1.7072619199752808,0.203400120139122
1778807401.903891,-2.005679168701172,-9.418563995361328,0.3391946411132813,-0.4840279221534729,-1.7336162328720093,0.15847168862819672
1778807401.9254103,-1.9220031738281251,-9.378447418212891,0.3153941345214844,-0.45455771684646606,-1.7272714376449585,0.18721042573451996
1778807401.9454753,-2.023492126464844,-9.703571319580078,0.3254232788085938,-0.38843873143196106,-1.718793272972107,0.19761544466018677
1778807401.965861,-2.1739292907714844,-9.840835876464844,0.7593708801269532,-0.36962631344795227,-1.7086905241012573,0.1929193139076233
1778807401.98658,-2.430795135498047,-9.62453567504883,0.9921368408203125,-0.46323463320732117,-1.7846957445144653,0.15251226723194122
1778807402.008779,-2.2242247009277345,-9.346563720703125,0.6536906433105469,-0.43422073125839233,-1.8140368461608887,0.1820707768201828
1778807402.02809,-1.7643809509277344,-9.258846130371094,0.5019062805175781,-0.3803836703300476,-1.8061752319335938,0.24723611772060394
1778807402.0523803,-1.8492544555664063,-9.498198394775391,0.6153703308105469,-0.38132616877555847,-1.812839150428772,0.22999919950962067
1778807402.0745068,-1.8907182312011719,-9.734556884765626,0.6571334838867188,-0.4050241708755493,-1.8659756183624268,0.1566067934036255
1778807402.0951848,-1.4723382568359376,-9.604327697753908,0.25836273193359377,-0.38132041692733765,-1.864789366722107,0.15176236629486084
1778807402.1169264,-1.2579840087890626,-9.649384002685547,0.11870315551757814,-0.35734981298446655,-1.8033595085144043,0.2213510125875473
1778807402.1384068,-1.4688954162597656,-9.583071899414064,0.3526666259765625,-0.41364672780036926,-1.8229727745056152,0.21707841753959656
1778807402.1623843,-1.5332615661621094,-9.088500366210939,0.501756591796875,-0.45894888043403625,-1.9062525033950806,0.214088574051857
1778807402.1841567,-2.454595642089844,-9.304950256347658,0.21091140747070314,-0.4488492012023926,-2.0086567401885986,0.1647489070892334
1778807402.2048867,-3.0765522766113285,-10.279573516845703,-1.7110917663574219,-0.604148805141449,-2.036252498626709,0.028735458850860596
1778807402.2267337,-2.748284912109375,-11.048374786376954,-3.1793884277343754,-0.4797106981277466,-1.6553467512130737,-0.08641688525676727
1778807402.2468855,-2.5020469665527343,-10.957962799072266,-1.6521144104003906,-0.30970969796180725,-1.502427577972412,-0.0026113269850611687
1778807402.2701786,-3.1210098266601562,-9.824669494628907,1.5161970520019532,-0.5748682618141174,-1.7322447299957275,0.06227228790521622
1778807402.2905633,-3.7140765380859375,-8.810229034423829,0.24069946289062502,-0.7504706978797913,-1.977907657623291,0.08540432900190353
1778807402.3101301,-3.3679962158203125,-8.986861724853515,-1.5654446411132814,-0.6267520189285278,-2.060429811477661,0.1152644157409668
1778807402.3298745,-2.993924102783203,-9.641600189208985,-1.92320068359375,-0.36282309889793396,-2.0029168128967285,0.12385624647140503
1778807402.3507125,-2.6842181396484377,-10.290949859619142,-0.6960525512695312,-0.2502032220363617,-1.8923850059509277,0.13552378118038177
1778807402.3730786,-2.441872100830078,-10.464139709472656,0.96998291015625,-0.40491145849227905,-1.901061773300171,0.17482639849185944
1778807402.3933039,-2.632276153564453,-9.913135528564453,0.9906399536132813,-0.5609523057937622,-2.0130503177642822,0.20443189144134521
1778807402.4131243,-3.1394215393066407,-9.257798309326173,0.31868728637695315,-0.563788652420044,-2.117701292037964,0.214975506067276
1778807402.4339871,-3.4693354797363285,-8.927884368896486,-0.2839595031738281,-0.5529853105545044,-2.181514024734497,0.19210030138492584
1778807402.4555326,-3.5217265319824222,-8.854237518310548,-0.6363267517089845,-0.5829876065254211,-2.0885441303253174,0.17348651587963104
1778807402.476628,-3.173101501464844,-8.887618103027345,-0.5171745300292969,-0.5204132795333862,-2.0607149600982666,0.13596555590629578
1778807402.496869,-2.6170079040527345,-8.975784759521485,-0.2616558837890625,-0.46768149733543396,-2.021859884262085,0.15480774641036987
1778807402.5172114,-2.6903553771972657,-8.977581024169922,-0.06825805664062501,-0.47528010606765747,-2.022408962249756,0.14012816548347473
1778807402.5379386,-3.1025981140136722,-9.221124572753906,-0.22528152465820314,-0.5027934312820435,-1.9778599739074707,0.10734275728464127
1778807402.5600567,-3.184328155517578,-9.452842712402344,-0.5266049194335938,-0.446443110704422,-1.9040844440460205,0.09484324604272842
1778807402.5799384,-3.4455349731445315,-9.430389404296875,-0.1574725341796875,-0.3602696359157562,-1.8855042457580566,0.025426995009183884
1778807402.5995822,-3.079845428466797,-9.464368743896484,0.2118095397949219,-0.34972742199897766,-1.876537561416626,-0.006205263081938028
1778807402.6205199,-2.8728259277343753,-9.46362030029297,0.3192860412597656,-0.4227367043495178,-1.830018401145935,0.034253768622875214
1778807402.6415098,-3.4287698364257815,-9.28833480834961,0.1974394226074219,-0.4865177571773529,-1.8289812803268433,0.011850040405988693
1778807402.6629524,-3.2614178466796875,-9.133257293701172,-0.034877471923828125,-0.4267809987068176,-1.7958860397338867,0.003159651067107916
1778807402.6839051,-3.251089324951172,-9.01440444946289,0.12963043212890626,-0.35908347368240356,-1.689932107925415,0.005231880117207766
1778807402.7049074,-3.632945251464844,-9.050180053710937,0.33664993286132816,-0.35592344403266907,-1.6758625507354736,-0.08311433345079422
1778807402.7263727,-3.0048513793945313,-9.247918853759765,0.19444564819335938,-0.3296576142311096,-1.5641406774520874,-0.051141686737537384
1778807402.746606,-3.537144470214844,-9.099577331542969,0.24279510498046877,-0.31584489345550537,-1.451087474822998,-0.03539452701807022
1778807402.7689228,-3.693718872070313,-9.102271728515625,0.2556683349609375,-0.2664983570575714,-1.4061437845230103,-0.09670238196849823
1778807402.792027,-3.2985406494140626,-8.982670440673829,0.31344818115234374,-0.14441508054733276,-1.2418456077575684,-0.03715915232896805
1778807402.8112986,-3.62366455078125,-8.82564697265625,0.6134243774414063,-0.1651819944381714,-1.1847189664840698,-0.026479803025722504
1778807402.8311076,-3.9577697753906254,-8.81606689453125,0.5445675659179687,-0.21756741404533386,-1.1358469724655151,-0.052332982420921326
1778807402.8499253,-3.6148329162597657,-8.932075653076172,0.2966830444335938,-0.1740204393863678,-1.039849042892456,-0.017926428467035294
1778807402.8715577,-3.600612487792969,-9.21408920288086,0.5742059326171876,-0.1365002989768982,-0.9714019894599915,0.02731671929359436
1778807402.8928418,-3.8705012512207033,-9.452243957519531,0.8714877319335937,-0.15883666276931763,-0.9335522651672363,-0.013380700722336769
1778807402.913389,-3.852388916015625,-9.49146240234375,1.274000701904297,-0.07471340149641037,-0.8861936926841736,-0.005834034178406
1778807402.9339213,-3.971690826416016,-10.058333587646485,1.6301101684570314,-0.21809367835521698,-0.8998528718948364,0.02080780453979969
1778807402.954917,-4.0859033203125,-10.870095520019532,0.3094065856933594,-0.4716050624847412,-0.8651331067085266,0.038422755897045135
1778807402.9792192,-2.997666320800781,-11.395652618408203,-1.9220031738281251,-0.325701504945755,-0.6605887413024902,0.07088515162467957
1778807402.999535,-2.8048672485351562,-10.070458374023438,0.16630416870117187,-0.21923567354679108,-0.5664768218994141,0.1337725967168808
1778807403.0193868,-2.849923553466797,-8.757538604736329,1.2970527648925783,-0.2469434291124344,-0.6086252331733704,0.2038106471300125
1778807403.0419912,-2.611469421386719,-8.642427978515625,0.7514373779296876,-0.1945958137512207,-0.6122578978538513,0.23903612792491913
1778807403.0637598,-1.9004479980468751,-8.894354095458985,-0.43664199829101563,-0.22620682418346405,-0.5765182375907898,0.24067071080207825
1778807403.0860822,-1.05620361328125,-9.392518157958985,-1.871707763671875,-0.18914510309696198,-0.5631628036499023,0.2158719301223755
1778807403.1058514,-0.9961784362792969,-9.868228912353516,-1.8079403686523439,-0.009053367190063,-0.5749146938323975,0.14072754979133606
1778807403.1262865,-1.169817352294922,-10.441686401367187,-0.865799560546875,0.07154843956232071,-0.6556042432785034,0.02549341507256031
1778807403.1462424,-1.3555810546875,-11.14013397216797,-0.5381309509277344,-0.041896410286426544,-0.7730963826179504,-0.08392972499132156
1778807403.1664648,-1.4256353759765625,-11.364667053222657,-1.1762539672851564,-0.15203791856765747,-0.7391073107719421,-0.12171301245689392
1778807403.1874962,-1.4582675170898438,-10.746003570556642,-1.0017169189453126,-0.10356489568948746,-0.7291075587272644,-0.1739027202129364
1778807403.2101629,-1.3418096923828127,-9.573791198730468,-0.32647109985351563,-0.08458416163921356,-0.7805195450782776,-0.15407821536064148
1778807403.2416441,-1.3064831542968751,-8.346343688964843,-0.0664617919921875,-0.12039773911237717,-0.9065292477607727,-0.09525396674871445
1778807403.2631636,-1.4001882934570313,-8.431965637207032,-0.271834716796875,-0.14639399945735931,-0.9267600774765015,-0.06685928255319595
1778807403.2884645,-1.5094610595703126,-9.107660522460938,-0.21884490966796877,-0.15996217727661133,-0.9106916189193726,-0.06772007048130035
1778807403.309049,-1.763632507324219,-9.863289184570313,-0.025147705078125002,-0.15276367962360382,-0.9331064224243164,-0.130663201212883
1778807403.328761,-1.7929714965820314,-10.086774444580078,0.41448806762695317,-0.18653061985969543,-1.0233962535858154,-0.1893441379070282
1778807403.3501065,-1.7329463195800783,-10.033485260009765,0.49606842041015625,-0.1870221346616745,-1.0514023303985596,-0.21411745250225067
1778807403.3712711,-1.7717156982421876,-9.802216186523438,0.22079086303710938,-0.11405953764915466,-1.0718597173690796,-0.22221466898918152
1778807403.3952663,-1.9526893615722658,-9.377698974609375,0.3718267822265625,-0.0861043706536293,-1.0889569520950317,-0.21827860176563263
1778807403.4148276,-1.9938537597656252,-9.236243133544923,0.5162763977050782,-0.09509842097759247,-1.1154251098632812,-0.19326551258563995
1778807403.4351072,-2.002086639404297,-9.11304931640625,0.43499542236328126,-0.11965228617191315,-1.0943554639816284,-0.1415594071149826
1778807403.4568515,-2.052681427001953,-9.049730987548829,0.239501953125,-0.15062902867794037,-1.0094536542892456,-0.0669037401676178
1778807403.4786625,-2.0148101806640626,-9.146280212402344,0.296982421875,-0.12346628308296204,-0.9484179615974426,-0.014245645143091679
1778807403.4989853,-1.8121316528320313,-9.24567352294922,0.5513035583496094,-0.11020971834659576,-0.940500795841217,0.009965597651898861
1778807403.5227685,-1.4867083740234375,-9.273665313720704,0.8649014282226563,-0.11340654641389847,-0.9446551203727722,0.053791653364896774
1778807403.5457637,-1.2593312072753906,-9.46751220703125,1.0159373474121094,-0.12497764825820923,-0.9358724355697632,0.09480667859315872
1778807403.5664444,-1.4398558044433594,-9.42769500732422,0.8514294433593751,-0.13909785449504852,-0.8934880495071411,0.12260416150093079
1778807403.588345,-1.7736616516113282,-9.326355743408204,0.5510041809082031,-0.11074528098106384,-0.7710391879081726,0.13596896827220917
1778807403.6096385,-1.8504519653320313,-9.12592254638672,0.6911128234863282,-0.016434427350759506,-0.8073405623435974,0.02974356897175312
1778807403.6309333,-1.4425502014160156,-9.191486206054687,0.5126838684082031,0.020291121676564217,-0.712865948677063,0.03804807364940643
1778807403.652275,-1.0996133422851564,-9.524244232177734,0.8149053955078125,-0.08329644054174423,-0.6069377064704895,0.06382010877132416
1778807403.6735995,-0.9083111572265625,-9.96133529663086,1.6349002075195314,-0.2588135600090027,-0.6039849519729614,0.12054070830345154
1778807403.6992562,-1.292113037109375,-10.238858184814454,1.0891351318359375,-0.1890900433063507,-0.5595008134841919,0.20461611449718475
1778807403.7199519,-2.1248313903808596,-10.275531921386719,0.7469467163085938,0.0018257517367601395,-0.5624337792396545,0.1613243818283081
1778807403.7413838,-2.1847068786621096,-10.04037094116211,1.1880793762207031,0.08708423376083374,-0.569209098815918,0.16437885165214539
1778807403.7610474,-2.282303924560547,-10.600655822753907,3.071313171386719,0.08223487436771393,-0.6739130616188049,0.13360564410686493
1778807403.7810898,-2.0181033325195314,-11.591595153808594,2.1763243103027343,-0.15664498507976532,-0.6763041019439697,0.1489151567220688
1778807403.8038247,-1.5856526184082032,-12.554542694091797,-0.12005035400390626,-0.4883137047290802,-0.6736223697662354,0.138717919588089
1778807404.9431021,-0.8813671875000001,-9.329948272705078,0.7729925537109376,0.0051233600825071335,-0.10423531383275986,-0.031852301210165024
1778807404.9670022,-1.4903009033203125,-9.485325164794922,0.8008346557617188,-0.06228533387184143,-0.14037416875362396,-0.051367633044719696
1778807404.9876697,-1.109941864013672,-9.631571044921875,0.7815248107910157,-0.0246586911380291,-0.2093077301979065,-0.06906482577323914
1778807405.0091004,-0.7509883117675782,-9.564510498046875,1.0499166870117187,0.034946735948324203,-0.22664447128772736,0.0460670031607151
1778807405.0403938,-1.3445040893554687,-9.416468353271485,1.1276051330566408,-0.022803641855716705,-0.34846749901771545,0.016515914350748062
1778807405.0606225,-0.9277706909179688,-9.318871307373048,0.7909552001953125,0.04457419365644455,-0.3240041136741638,0.08141668140888214
1778807405.081818,-0.7756869506835938,-9.123377838134767,0.8405021667480469,0.10824225842952728,-0.3452796936035156,0.11966732889413834
1778807405.1017964,-0.7611671447753907,-9.199419708251954,1.2350816345214843,0.11383060365915298,-0.3963029980659485,0.11649912595748901
1778807405.122026,-0.7803273010253907,-9.387129364013672,1.385369110107422,0.060019537806510925,-0.45617198944091797,0.07261357456445694
1778807405.1449056,-0.4614903259277344,-9.460925903320312,1.1536509704589843,0.0168268084526062,-0.538873016834259,0.036985792219638824
1778807405.1902668,-0.5752537536621094,-9.816885681152344,0.9463320922851562,0.12112203985452652,-0.5641456246376038,0.09184545278549194
1778807405.2094076,-0.520916748046875,-10.077942810058595,1.3293855285644531,0.015140651725232601,-0.6236092448234558,0.08356758952140808
1778807405.2321486,-0.2728825378417969,-9.98812957763672,1.242865447998047,-0.12418344616889954,-0.6877661943435669,0.07112879306077957
1778807405.2509794,0.09250762939453125,-10.059680786132812,0.9114546203613282,-0.14157825708389282,-0.7221654653549194,0.11003176122903824
1778807405.274847,0.059725799560546876,-10.13377670288086,0.9270222473144532,-0.12406805902719498,-0.7267088890075684,0.1383700966835022
1778807405.2971804,-0.076640625,-10.362950134277344,1.1192225646972658,-0.07972095906734467,-0.7813111543655396,0.08182539790868759
1778807405.3179436,-0.7225474548339844,-11.158545684814454,1.4211447143554687,-0.16182012856006622,-0.9152985215187073,-0.06164373457431793
1778807405.3380418,-1.0587483215332032,-12.542268218994142,0.6039939880371094,-0.8687151074409485,-0.9119800925254822,-0.1934344470500946
1778807405.3588576,-1.129251708984375,-13.681848449707031,-2.661016387939453,-0.8110291361808777,-0.6678175926208496,-0.25400102138519287
1778807405.3770514,-0.6619235229492187,-13.049114227294922,-4.227808227539063,0.022603409364819527,-0.18747463822364807,-0.16132299602031708
1778807405.397549,-2.8562104797363284,-10.013426971435548,0.4668791198730469,0.12281519919633865,-0.3268936574459076,-0.2620448172092438
1778807405.418759,-3.872596893310547,-7.573201446533203,4.079766082763672,-0.27832454442977905,-0.7857068777084351,-0.3702123761177063
1778807405.4433029,-1.666783905029297,-7.221882019042969,0.4926255798339844,-0.3168180286884308,-0.9058356285095215,-0.21772171556949615
1778807405.4647834,-1.7103433227539064,-8.470585327148438,-1.324146423339844,-0.14561153948307037,-0.7631721496582031,0.030496686697006226
1778807405.4860575,-3.0298493957519534,-9.57004898071289,-1.6985179138183595,0.04986206814646721,-0.38058292865753174,0.14458438754081726
1778807405.507931,-3.8374200439453126,-10.408455505371094,-0.3150947570800781,0.015399402007460594,-0.3968861401081085,0.08005174249410629
1778807405.5289595,-3.492686920166016,-10.740315399169923,1.47772705078125,-0.2350567877292633,-0.5564968585968018,0.10127794742584229
1778807405.5524867,-2.7858567810058594,-9.948911132812501,0.7490423583984376,-0.3289954960346222,-0.6514390110969543,0.18755009770393372
1778807405.5731733,-3.1296917724609377,-9.119485931396484,-0.24548950195312502,-0.23700842261314392,-0.7004066109657288,0.17885665595531464
1778807405.5955286,-3.183729400634766,-8.503367156982423,-0.5478607177734375,0.005574610084295273,-0.653425395488739,0.1260886788368225
1778807405.6156409,-2.4710614013671877,-8.414002990722656,-0.047151947021484376,0.09585213661193848,-0.6070384383201599,0.1750364601612091
1778807405.6363149,-2.028731231689453,-8.678353271484376,0.6608757019042969,0.046529628336429596,-0.5923102498054504,0.23475344479084015
1778807405.6595268,-2.1986279296875,-8.982071685791016,0.8589138793945313,-0.08179295808076859,-0.5918871760368347,0.26693016290664673
1778807405.686943,-2.8840525817871097,-8.997639312744141,0.21420455932617188,-0.15680821239948273,-0.6115174293518066,0.23224948346614838
1778807405.7083075,-2.9967681884765627,-8.904383239746094,0.125738525390625,-0.12263381481170654,-0.6578298211097717,0.18407069146633148
1778807405.7295754,-2.6800268554687503,-9.030421142578126,0.6866221618652344,-0.1153784990310669,-0.7023436427116394,0.16868077218532562
1778807405.750754,-2.3831941223144533,-9.161847839355469,0.9862989807128907,-0.14429908990859985,-0.7562947869300842,0.16858303546905518
1778807405.7731872,-2.360142059326172,-9.269773406982422,0.83586181640625,-0.15175989270210266,-0.776547372341156,0.14531736075878143
1778807405.794319,-2.3162832641601563,-9.279054107666017,0.7897576904296876,-0.18739517033100128,-0.8155103325843811,0.07092250138521194
1778807405.8135622,-2.256258087158203,-9.358389129638672,0.7328759765625,-0.1356859803199768,-0.8312740921974182,0.02831423655152321
1778807405.8343196,-2.4242088317871096,-9.474248199462892,0.8655001831054688,-0.08545999228954315,-0.8618801832199097,-0.021059485152363777
1778807405.8549833,-2.4863296508789063,-9.401499481201173,1.1451187133789062,-0.11921630799770355,-0.9170412421226501,-0.049191009253263474
1778807405.8759992,-2.4411236572265627,-9.2495654296875,1.2832814025878907,-0.16068148612976074,-0.9499297738075256,-0.06647825241088867
1778807405.8968277,-2.416275329589844,-9.000184020996095,1.0999127197265626,-0.1991395354270935,-0.9557497501373291,-0.0833439826965332
1778807405.9192698,-2.655477905273438,-8.714278564453126,0.7225474548339844,-0.21323488652706146,-0.9558772444725037,-0.11468750238418579
1778807405.9444122,-2.4999513244628906,-9.007818145751953,0.7198530578613281,-0.17233392596244812,-0.917728841304779,-0.10322479158639908
1778807405.9648037,-2.3870860290527345,-9.407487030029298,1.1121871948242188,-0.2233600914478302,-0.989606499671936,-0.052653759717941284
1778807405.985029,-2.3544538879394534,-10.050549774169923,0.8211923217773438,-0.1957632452249527,-0.9888461828231812,-0.04565661773085594
1778807406.0059178,-2.1880000305175784,-10.409802703857423,0.7833210754394532,-0.2147863507270813,-0.970285952091217,-0.045682646334171295
1778807406.0253131,-1.8504519653320313,-10.286459197998047,1.0921289062500001,-0.3366202712059021,-0.9559745788574219,-0.031153688207268715
1778807406.0465581,-1.7934205627441406,-10.480755157470703,0.7334747314453125,-0.34446102380752563,-0.9785375595092773,-0.04153570160269737
1778807406.0678585,-1.763782196044922,-10.668614501953126,0.4540058898925782,-0.2756671607494354,-1.0071258544921875,-0.11746379733085632
1778807406.0876424,-1.854942626953125,-10.488389282226564,0.2591111755371094,-0.25976884365081787,-0.9901499152183533,-0.19349028170108795
1778807406.108071,-2.2646406555175784,-9.986033935546876,-0.2628533935546875,-0.2526651620864868,-0.9139453768730164,-0.23834897577762604
1778807406.1275747,-2.901117095947266,-9.795180816650392,-0.9469308471679688,-0.24384671449661255,-0.8950061798095703,-0.3282660245895386
1778807406.1480427,-3.324287109375,-10.055489501953126,-2.3340962219238284,-0.5229493379592896,-0.8912942409515381,-0.4323301613330841
1778807406.1673105,-2.4234603881835937,-10.083181915283204,-3.898942108154297,-0.27527278661727905,-0.6587923169136047,-0.24529124796390533
1778807406.1878672,-3.03448974609375,-9.804012451171875,-0.354462890625,0.3322198987007141,-0.6564849019050598,-0.06235343962907791
1778807406.208936,-3.550017700195313,-9.12262939453125,4.413272552490235,0.14856725931167603,-1.2197306156158447,-0.01485263928771019
1778807406.2280567,-2.750829620361328,-9.211993560791017,2.704725494384766,-0.19570103287696838,-1.6508262157440186,0.09467710554599762
1778807406.2503536,-2.2465283203125,-10.136321411132814,0.094603271484375,-0.5215469002723694,-1.8940057754516602,0.19435326755046844
1778807406.2714515,-2.0327728271484378,-11.50043472290039,-1.847607879638672,-0.5080203413963318,-1.9133648872375488,0.14139054715633392
1778807406.2946117,-2.0408560180664064,-11.78544204711914,-1.936373291015625,-0.198543980717659,-1.8999296426773071,-0.00242134602740407
1778807406.3158212,-1.5450869750976564,-10.307265930175781,1.0678793334960939,-0.22012877464294434,-2.0051016807556152,-0.08925499022006989
1778807406.3358154,-1.314716033935547,-8.976383514404297,1.2347822570800782,-0.4379254877567291,-2.239644765853882,-0.150082528591156
1778807406.3597105,-1.1418255615234376,-8.320597229003907,-0.3496728515625,-0.44597187638282776,-2.3110151290893555,-0.11205171793699265
1778807406.3797305,-1.3546829223632812,-8.134234771728517,-1.2037966918945313,-0.19817540049552917,-2.3101956844329834,-0.035708729177713394
1778807406.39923,-1.7524058532714846,-8.429570617675783,-0.748443603515625,-0.2143489122390747,-2.357189893722534,0.0053058648481965065
1778807406.4209025,-1.9345770263671875,-8.879534912109376,0.08637039184570312,-0.34960535168647766,-2.4415736198425293,0.04278415068984032
1778807406.4420657,-1.9390676879882813,-9.094487915039062,0.19414627075195315,-0.4538964033126831,-2.5870890617370605,0.05680108070373535
1778807406.4756577,-1.9880158996582031,-9.733359375000001,-0.10747650146484375,-0.49612346291542053,-2.6885673999786377,0.0679074302315712
1778807406.5090985,-2.0157083129882816,-9.669292602539063,-0.5700146484375,-0.596552848815918,-2.7878928184509277,0.06174057349562645
1778807406.530383,-1.811532897949219,-9.52349578857422,-0.8753796386718751,-0.47452884912490845,-2.7789337635040283,0.04358496516942978
1778807406.5518835,-1.4214440917968751,-9.608818359375,-0.8481362915039063,-0.3884097635746002,-2.7403030395507812,0.05665142834186554
1778807406.572844,-1.0222242736816407,-9.82002914428711,-0.6237528991699219,-0.4145185053348541,-2.730320453643799,0.07252342998981476
1778807406.5930684,-0.5583389282226563,-9.79173797607422,-0.8330177307128906,-0.45984601974487305,-2.6730501651763916,0.10831189900636673
1778807406.6142364,-0.8132588195800782,-9.640851745605469,-0.8970845031738282,-0.42719241976737976,-2.629197120666504,0.09998919069766998
1778807406.6343215,-0.969833221435547,-9.51631072998047,-0.9195378112792969,-0.3655617833137512,-2.5796749591827393,0.043100886046886444
1778807406.6598063,-0.3231779479980469,-9.556277618408204,-0.6822811889648438,-0.31539368629455566,-2.5476365089416504,0.00891546718776226
1778807406.6795933,0.2597099304199219,-9.608968048095704,-0.4604425048828125,-0.3115827143192291,-2.456713914871216,0.12190783023834229
1778807406.6994836,0.09684860229492188,-9.768386535644531,-0.5451663208007813,-0.3164464235305786,-2.412032127380371,0.13446259498596191
1778807406.719679,-0.36015106201171876,-9.708511047363281,-0.5634283447265626,-0.3533311188220978,-2.424387216567993,0.0680379718542099
1778807406.7387385,-0.5643264770507813,-9.306447143554688,-0.8521778869628907,-0.3446386456489563,-2.3671412467956543,0.05389053374528885
1778807406.7639961,-0.6499484252929688,-9.109307098388673,-1.3654605102539064,-0.32082825899124146,-2.258985757827759,0.07172927260398865
1778807406.7866924,-1.2612771606445312,-9.30509994506836,-1.7396823120117189,-0.4800052046775818,-2.1930384635925293,0.08160083740949631
1778807406.8090615,-1.629661102294922,-10.031389617919922,-2.7008335876464846,-0.8305093050003052,-1.9852111339569092,0.07685864716768265
1778807406.8295412,-2.119442596435547,-10.556647338867188,-2.694247283935547,-0.6568342447280884,-1.662845492362976,0.09188942611217499
1778807406.8508437,-3.950435028076172,-8.358917541503907,1.5892451477050782,-0.7984371781349182,-1.7754532098770142,0.011299441568553448
1778807406.8754158,-3.024759979248047,-7.37710922241211,0.35700759887695316,-0.9321062564849854,-2.067798376083374,-0.05187435820698738
1778807406.8950155,-1.4977853393554688,-7.906707916259766,-1.0319540405273437,-0.8327925205230713,-2.1719014644622803,0.08433037996292114
1778807406.9163547,-1.2564871215820312,-9.12786849975586,-1.6988172912597657,-0.6969388723373413,-2.036500930786133,0.18756428360939026
1778807406.9384093,-1.567540283203125,-9.93648696899414,-1.4364129638671876,-0.7091193199157715,-1.7626054286956787,0.05917157977819443
1778807406.9587708,-1.333876190185547,-10.129735107421876,-0.8297245788574219,-0.7165483832359314,-1.7172900438308716,-0.06581766903400421
1778807406.9789565,-1.016536102294922,-10.14290771484375,-0.6966513061523438,-0.6457992196083069,-1.694725513458252,-0.14750029146671295
1778807406.9997149,-1.1096424865722656,-9.575587463378907,-0.8863069152832032,-0.6449306607246399,-1.6510261297225952,-0.1736946702003479
1778807407.0205972,-1.2313394165039062,-8.847501525878906,-0.9906399536132813,-0.6149898767471313,-1.5856412649154663,-0.17609411478042603
1778807407.0786235,-1.1252101135253907,-7.833959197998047,-0.8027806091308595,-0.495565265417099,-1.30988347530365,-0.20456300675868988
1778807407.1008816,-0.9910890197753907,-7.804021453857422,-1.0485694885253907,-0.5104429721832275,-1.2411717176437378,-0.269013375043869
1778807407.1217263,-0.6997947692871094,-7.952662353515626,-1.460662536621094,-0.5487766861915588,-1.1386914253234863,-0.2603684365749359
1778807407.1422856,-0.6503974914550782,-8.245004425048828,-1.713337097167969,-0.5077333450317383,-1.057447075843811,-0.22773022949695587
1778807407.1633825,-0.9928852844238282,-8.822802886962892,-1.0258168029785157,-0.37088122963905334,-0.9755486249923706,-0.2228667438030243
1778807407.1838293,-1.4516812133789063,-9.17861297607422,-0.8207432556152344,-0.23381878435611725,-0.8371212482452393,-0.3616101145744324
1778807407.2048044,-1.650018768310547,-9.164542236328126,-1.0400372314453126,-0.2651745676994324,-0.8191488981246948,-0.4323905110359192
1778807407.2259378,-1.337468719482422,-9.113797760009765,-1.3445040893554687,-0.40368321537971497,-0.8104990124702454,-0.5707882046699524
1778807407.2478087,-0.8620573425292969,-8.954978027343751,-1.8053956604003907,-0.3403480350971222,-0.7062981128692627,-0.5071795582771301
1778807407.268598,-1.2370275878906252,-8.728049926757812,-1.7375866699218752,-0.288737028837204,-0.618695080280304,-0.4656653106212616
1778807407.2900045,-1.4395564270019532,-8.577762451171875,-1.4186000061035158,-0.3725527226924896,-0.5812264084815979,-0.42204585671424866
1778807407.309324,-1.1406280517578125,-8.711284790039063,-2.06690185546875,-0.36328399181365967,-0.5272858142852783,-0.3563264310359955
1778807407.329533,-0.9574090576171875,-8.871152343750001,-2.175426177978516,-0.2529557943344116,-0.4787726104259491,-0.3170560300350189
1778807407.3526504,-1.0521620178222657,-8.975335693359375,-1.997296600341797,-0.16122949123382568,-0.3981216251850128,-0.3215146064758301
1778807407.3772602,-1.191522216796875,-8.965456237792969,-1.9706520080566408,-0.3632606863975525,-0.3699217140674591,-0.44776442646980286
1778807407.397081,-0.9047186279296875,-8.889863433837892,-2.5626708984375,-0.4796653687953949,-0.3129305839538574,-0.4465523958206177
1778807407.4181173,-0.4884342956542969,-8.997489624023437,-3.2900083923339847,-0.3461661636829376,-0.2677946090698242,-0.3965388834476471
1778807407.439914,-0.6953041076660157,-9.345216522216797,-2.6277854919433596,-0.1622038632631302,-0.22179564833641052,-0.3677302300930023
1778807407.4607582,-0.8855584716796876,-9.596843261718751,-2.1871018981933594,-0.20063906908035278,-0.24467331171035767,-0.40073972940444946
1778807407.4813166,-0.4004173278808594,-9.746681671142579,-2.6508375549316407,-0.3152761161327362,-0.3113076686859131,-0.4211687743663788
1778807407.5004826,-0.3291654968261719,-10.143207092285158,-2.810555419921875,-0.3481454849243164,-0.3348632752895355,-0.3622131049633026
1778807407.5207877,-0.6171665954589844,-10.550210723876953,-2.604883117675781,-0.20400147140026093,-0.27603253722190857,-0.21739476919174194
1778807407.543719,-1.1127859497070314,-10.628198547363281,-2.179617462158203,-0.0835946798324585,-0.3421725630760193,-0.2085772603750229
1778807407.5637443,-1.1117381286621095,-10.324180755615235,-2.3114932250976565,-0.14279727637767792,-0.38614320755004883,-0.25304222106933594
1778807407.5847888,-0.5828878784179687,-9.753717041015625,-2.837948455810547,-0.14071761071681976,-0.3813609778881073,-0.20499318838119507
1778807407.6066082,-0.125738525390625,-9.476643218994141,-3.237617340087891,-0.029068734496831894,-0.2617948055267334,-0.03920787572860718
1778807407.6267145,-0.2912942504882813,-10.464738464355468,-2.8635452270507815,0.08667057752609253,-0.26500678062438965,0.04384535178542137
1778807407.6453712,-0.24384292602539065,-10.7248974609375,-2.6147625732421877,0.0910138338804245,-0.3932156562805176,0.028082968667149544
1778807407.6668887,-0.9095086669921876,-11.646081848144531,-3.13029052734375,0.09687305241823196,-0.35522404313087463,-0.02717762254178524
1778807407.6932504,-1.572330322265625,-11.329490203857423,-3.2825239562988284,0.19955478608608246,-0.3261886239051819,-0.21875004470348358
1778807407.713085,-1.124311981201172,-10.486293640136719,-3.0520033264160156,0.3081571161746979,-0.37373021245002747,-0.1175352931022644
1778807407.7332072,-0.35057098388671876,-10.397977294921876,-2.9359945678710937,0.5184999704360962,-0.34739047288894653,0.052834369242191315
1778807407.7531407,-0.5343887329101563,-10.663674774169923,-2.246079254150391,0.6593738198280334,-0.37098121643066406,0.06580245494842529
1778807407.775914,-0.8017327880859375,-11.2278515625,-1.5319143676757814,0.6598560214042664,-0.4850623905658722,-0.005188565701246262
1778807407.798861,-0.5508544921875,-11.569740600585938,-1.7606387329101563,0.6524324417114258,-0.558924674987793,-0.005851271096616983
1778807407.8197105,-1.0834469604492187,-11.969259796142579,-2.1665945434570313,0.743686318397522,-0.44220343232154846,0.05939057469367981
1778807407.8413234,-1.9800823974609376,-11.907588043212892,-1.9987934875488282,0.8787487745285034,-0.2955247759819031,-0.0009154039435088634
1778807407.8628094,-1.718426513671875,-11.051817626953126,-1.610650634765625,0.960765540599823,-0.2658938467502594,-0.20918433368206024
1778807407.8843682,-0.39787261962890624,-9.84876937866211,-1.3690530395507814,0.9749363660812378,-0.26194891333580017,-0.12348964810371399
1778807407.909302,0.3728746032714844,-9.185648345947266,-0.9117539978027345,0.8123230338096619,-0.08021052926778793,0.1705603301525116
1778807407.9293303,-0.7896080017089844,-9.847122802734376,-0.7373666381835938,0.7744662165641785,-0.03283741697669029,0.16317671537399292
1778807407.9505951,-1.59029296875,-10.777438201904298,-0.5986051940917969,0.8316751718521118,-0.007274262141436338,-0.11442935466766357
1778807407.9712026,-1.2708572387695314,-11.025771789550781,0.21525238037109376,0.8471296429634094,-0.12888646125793457,-0.2238796353340149
1778807407.9926033,-0.21061203002929688,-11.002270660400391,0.7370672607421875,0.8142526149749756,-0.1207645833492279,-0.07660585641860962
1778807408.0122364,-0.47556106567382816,-11.322454833984375,0.888402557373047,0.8222513198852539,-0.0674317330121994,-0.009785204194486141
1778807408.0340436,-1.5319143676757814,-10.928623809814454,0.5635780334472656,0.8413712382316589,0.01947406306862831,-0.06666859239339828
1778807408.055884,-1.1847862243652345,-10.06192611694336,0.5490582275390625,0.8452719449996948,0.04909960553050041,-0.11385264992713928
1778807408.0784814,-0.3553610229492188,-9.44356201171875,0.43379791259765627,0.8728579878807068,0.008242767304182053,-0.06007501482963562
1778807408.100907,-0.13516891479492188,-9.336983642578126,0.6743476867675782,0.961176335811615,0.07363022118806839,0.16094088554382324
1778807408.1228006,-0.6508465576171876,-9.522447967529297,1.6223263549804687,0.8512822389602661,0.04585403949022293,0.15972580015659332
1778807408.144087,-0.830922088623047,-9.616751861572267,2.0677999877929687,0.6863983869552612,0.007532570511102676,0.09912651777267456
1778807408.1649368,-0.5565426635742188,-9.58292221069336,1.8356327819824219,0.6701600551605225,-0.007164858281612396,0.06843141466379166
1778807408.1858118,-0.4183799743652344,-9.430988159179687,1.7917739868164064,0.6884714365005493,-0.02709590643644333,0.04411850497126579
1778807408.207643,-0.142503662109375,-9.414073333740236,1.9489471435546877,0.7110191583633423,-0.03119855374097824,0.07020878791809082
1778807408.227655,-0.15223342895507813,-9.448501739501953,2.438429260253906,0.6421074271202087,-0.09420908987522125,0.10768536478281021
1778807408.2464406,-0.3704795837402344,-9.546398162841797,2.556383972167969,0.6003133654594421,-0.10067444294691086,0.11193177103996277
1778807408.2860818,-1.1678713989257814,-9.626781005859376,2.334994354248047,0.544958233833313,-0.06423121690750122,0.03188881650567055
1778807408.312033,-0.7502398681640625,-9.12592254638672,2.428699493408203,0.5054092407226562,-0.16430939733982086,-0.005920498166233301
1778807408.332234,-0.5514532470703125,-8.965306549072267,2.352657623291016,0.5262343883514404,-0.15450036525726318,0.10037918388843536
1778807408.3524482,-0.6487509155273438,-9.138047332763673,2.585423583984375,0.4688071012496948,-0.1648903489112854,0.12919655442237854
1778807408.3717136,-1.1692185974121094,-9.542955322265625,2.6122178649902343,0.35574790835380554,-0.17781873047351837,0.061125222593545914
1778807408.8343277,-0.741108856201172,-9.39132064819336,2.8238777160644535,-0.00830876361578703,0.002840885426849127,0.06963728368282318
1778807408.8594403,-0.9692344665527344,-9.516909484863282,3.0298493957519534,-0.04041636362671852,0.00971955992281437,0.0707651674747467
1778807408.9544978,-0.647852783203125,-9.173074493408203,2.921624450683594,-0.055804233998060226,0.06900755316019058,0.06215911731123924
1778807408.9993293,-0.8815168762207032,-9.516610107421876,2.7904971313476565,-0.00442955456674099,0.05221789702773094,0.06642340868711472
1778807409.0206697,-1.0437794494628907,-9.413923645019532,2.774181060791016,0.008406930603086948,0.05595738813281059,0.023413047194480896
1778807409.0425556,-0.731678466796875,-9.274563446044922,2.8111541748046878,0.03143962100148201,0.019390273839235306,-0.009011384099721909
1778807409.0615997,-0.4032614135742188,-9.214687957763672,2.806962890625,0.024417128413915634,0.03541478142142296,0.01794060505926609
1778807409.085556,-0.6324348449707031,-9.291328582763672,2.695145416259766,-0.022167827934026718,0.06952757388353348,0.06076030433177948
1778807409.1054552,-0.7973918151855469,-9.444759521484375,2.652035064697266,-0.011884690262377262,0.05008666217327118,0.06914792209863663
1778807409.1281877,-1.3389656066894533,-9.668095092773438,2.784359893798828,-0.011976469308137894,0.05437624827027321,0.03788042068481445
1778807409.146968,-1.4666500854492188,-9.563013610839844,2.803220672607422,-0.03518332540988922,-0.005850029643625021,-0.06893689930438995
1778807409.1681087,-0.8050259399414063,-9.322164459228516,2.692001953125,-0.05271290987730026,-0.01324492134153843,-0.08691468834877014
1778807409.1877122,-0.6182144165039063,-9.09388916015625,2.674937438964844,-0.15085053443908691,0.042551327496767044,0.006554633378982544
1778807409.2090397,-0.6963519287109375,-9.285939788818359,2.721490631103516,-0.19743141531944275,-0.004100818186998367,0.013450296595692635
1778807409.2366884,-0.4812492370605469,-9.564360809326173,2.5692572021484374,-0.12336160242557526,0.028180254623293877,0.04633800685405731
1778807409.2580278,-1.0876382446289063,-9.564959564208985,2.660567321777344,-0.1336832493543625,0.056888263672590256,0.03214801475405693
1778807409.2791164,-1.117276611328125,-9.419462127685547,2.626138916015625,-0.17198097705841064,0.04794013500213623,0.011534946970641613
1778807409.2994974,-0.9581575012207032,-9.402247924804689,2.541864166259766,-0.15795589983463287,0.044395945966243744,-0.000503200339153409
1778807409.3247094,-0.6477030944824219,-9.552535400390626,2.661914520263672,-0.12667375802993774,0.04482641443610191,-0.0009659919887781143
1778807409.3457358,-0.6674620056152344,-9.46077621459961,2.8604017639160157,-0.18421877920627594,0.054878056049346924,0.01570603996515274
1778807409.3674948,-0.781973876953125,-9.369615783691406,2.5602758789062503,-0.19570298492908478,0.04900462180376053,0.029513664543628693
1778807409.3886478,-0.8261320495605469,-9.397757263183594,2.289189605712891,-0.1891428530216217,0.07694483548402786,0.06111994758248329
1778807409.4099288,-1.004860382080078,-9.428293762207032,2.3213726806640627,-0.16614629328250885,0.08216514438390732,0.05016909912228584
1778807409.4470396,-0.8649014282226563,-9.397158508300782,2.768343200683594,-0.16672445833683014,0.08361709862947464,-0.03194388002157211
1778807409.466851,-0.6039939880371094,-9.342372436523439,2.807711334228516,-0.22795413434505463,0.06711571663618088,-0.035586245357990265
1778807409.4879565,-0.544866943359375,-9.445358276367188,2.4869284057617187,-0.28819215297698975,0.10027234256267548,0.004991250112652779
1778807409.5091634,-0.8328680419921876,-9.426647186279297,2.399659881591797,-0.3388304114341736,0.09930025786161423,0.023380156606435776
1778807409.5326672,-0.7905061340332031,-9.430389404296875,2.341880035400391,-0.31342241168022156,0.08475896716117859,0.035708289593458176
1778807409.5547152,-0.7658074951171875,-9.451794891357423,2.602338409423828,-0.3103450536727905,0.09204452484846115,0.06904691457748413
1778807409.5756624,-0.9996212768554688,-9.511670379638673,2.6420059204101562,-0.3786166310310364,0.07657872885465622,0.06630070507526398
1778807409.5957346,-1.0449769592285156,-9.483977966308593,2.3644830322265626,-0.4613378643989563,0.028520118445158005,0.025544755160808563
1778807409.61737,-0.9904902648925782,-9.355694732666016,1.7404307556152345,-0.5022046566009521,0.053139492869377136,0.01579083874821663
1778807409.6431801,-0.99872314453125,-9.335786132812501,1.3509407043457031,-0.5481338500976562,0.15922309458255768,0.022587405517697334
1778807409.6635656,-1.091081085205078,-9.33863021850586,1.7054035949707032,-0.6472499370574951,0.17437434196472168,0.01911729760468006
1778807409.6844237,-1.2906161499023439,-9.407487030029298,1.5814613342285158,-0.6893624067306519,0.1887660175561905,-0.008413814008235931
1778807409.7068737,-1.227597198486328,-9.475595397949219,1.7027091979980469,-0.7118787169456482,0.20281130075454712,-0.04742175340652466
1778807409.729628,-0.9621990966796875,-9.690398712158204,1.8497035217285158,-0.8409481644630432,0.24129407107830048,-0.04372495412826538
1778807409.7522845,-1.038240966796875,-9.646689605712892,1.7583934020996095,-0.9482532739639282,0.23410563170909882,-0.040832411497831345
1778807409.9625146,-0.611927490234375,-10.353968811035157,-0.42945693969726567,-1.2212361097335815,0.10908664762973785,0.1224573627114296
1778807409.9880114,-0.8822653198242187,-10.311157836914063,-1.357676696777344,-1.162118673324585,0.12034174799919128,0.2122739851474762
1778807410.009234,-1.1895762634277345,-10.016121368408204,-1.981579284667969,-0.9809507131576538,0.08466500788927078,0.1480083465576172
1778807410.0291314,-1.2720547485351563,-10.002350006103516,-2.2194346618652343,-0.8850225806236267,0.06491000950336456,0.06325338780879974
1778807410.0506258,-1.2159214782714844,-10.741662597656251,-2.3903791809082033,-0.9376659989356995,0.08441663533449173,-0.026009485125541687
1778807410.0715914,-1.2768447875976563,-11.991264038085939,-3.7477565002441406,-1.0390228033065796,0.010751758702099323,-0.1798880398273468
1778807410.0933282,-0.75922119140625,-11.812835083007814,-5.159171447753907,-0.9011176824569702,0.07752753794193268,-0.15575569868087769
1778807410.152988,-2.0555255126953127,-11.272309112548829,-3.4861006164550785,-0.2838253676891327,0.14358660578727722,-0.22191022336483002
1778807410.1753685,-1.4983840942382813,-10.93850326538086,-3.92543701171875,-0.3400786221027374,0.16244974732398987,-0.22194749116897583
1778807410.1952763,-1.3585748291015625,-10.001751251220703,-4.18933822631836,-0.1915106624364853,0.17273741960525513,-0.14813368022441864
1778807410.2166245,-1.0852432250976562,-9.260941772460939,-3.9176531982421876,-0.08336257189512253,0.17547929286956787,-0.020003419369459152
1778807410.2383032,-1.0648855590820312,-9.152866516113281,-3.7444633483886722,0.05165928229689598,0.13090205192565918,0.007834908552467823
1778807410.2600865,-0.8171507263183594,-10.088870086669923,-3.6071987915039063,0.09946742653846741,0.1264883130788803,0.04016505926847458
1778807410.2798407,-1.2445120239257814,-10.480755157470703,-3.767216033935547,0.09183715283870697,0.12233095616102219,0.01609010435640812
1778807410.3005402,-1.3912069702148437,-10.725795593261719,-3.799249420166016,0.13571502268314362,0.051353175193071365,-0.09672778099775314
1778807410.3217866,-1.1199710083007812,-10.716814270019531,-3.9637573242187503,0.2633461654186249,0.04891197755932808,-0.14957685768604279
1778807410.3421938,-0.8580157470703126,-10.454110565185548,-3.9613623046875004,0.3716105818748474,0.0922124981880188,-0.17560291290283203
1778807410.3608177,-0.9047186279296875,-10.133627014160156,-3.6489619445800785,0.3998096287250519,0.12317358702421188,-0.16526716947555542
1778807410.3989382,-1.1639794921875,-10.021510162353517,-3.422333221435547,0.39111363887786865,0.06483346223831177,-0.15942607820034027
1778807410.4585402,-1.16158447265625,-10.607840881347657,-2.745740203857422,0.7058742046356201,-0.10796922445297241,0.09475294500589371
1778807410.5064418,-2.3511607360839846,-10.090067596435548,-2.618654479980469,0.588810920715332,-0.2800588309764862,-0.22480696439743042
1778807410.5449433,-1.428629150390625,-9.660760345458986,-2.5417144775390628,0.7268904447555542,-0.3517621159553528,-0.2009374052286148
1778807410.585095,-1.0972183227539063,-8.931027832031251,-1.434467010498047,0.7793539762496948,-0.46874725818634033,-0.028293073177337646
1778807410.615955,-1.0112969970703125,-8.859776000976563,-1.221310272216797,0.843427300453186,-0.6407173275947571,0.10137555003166199
1778807410.6640923,-1.3018428039550782,-8.66652786254883,-1.1130853271484376,0.9357208013534546,-0.623432457447052,0.020264694467186928
1778807410.7084808,-0.6867718505859375,-7.329807586669922,-0.8349636840820313,0.9059475064277649,-0.6601916551589966,-0.006105415057390928
1778807410.7310462,0.11106903076171876,-7.778125305175782,-1.4491365051269531,0.8864023685455322,-0.6732405424118042,0.1398371458053589
1778807410.752383,-0.32257919311523436,-8.179590454101563,-1.5717315673828125,0.8229755163192749,-0.48459598422050476,0.11008770763874054
1778807410.7752798,-0.6188131713867188,-8.129594421386718,-1.3066328430175782,0.7735767960548401,-0.4016914665699005,0.0358346663415432
1778807410.7976768,-0.48753616333007815,-8.10190200805664,-0.3323089599609375,0.7869040369987488,-0.38220036029815674,-0.00048014894127845764
1778807410.8189704,-0.2585124206542969,-8.500822448730469,0.2547702026367188,0.7346213459968567,-0.3951367735862732,0.05980319529771805
1778807410.8382485,-0.42766067504882815,-8.910819854736328,0.6129753112792969,0.578420877456665,-0.3729409873485565,0.07512335479259491
1778807410.8606472,-0.5057981872558595,-8.960965576171876,0.6527925109863282,0.3757568895816803,-0.4068550169467926,0.012930089607834816
1778807410.8811884,-0.1484912109375,-8.521180114746095,0.6373745727539063,0.29015618562698364,-0.4666321277618408,0.01191792357712984
1778807410.9006543,0.1874102783203125,-8.365204467773438,0.8029302978515626,0.3065619170665741,-0.4994666874408722,0.06668755412101746
1778807410.9209676,0.324525146484375,-8.638087005615235,0.7858657836914062,0.2212064266204834,-0.5142723321914673,0.11810111254453659
1778807410.9426258,0.039517822265625,-9.097481689453126,0.4927752685546875,0.10474731773138046,-0.441830575466156,0.09445975720882416
1778807410.966794,-0.243094482421875,-9.13699951171875,0.5453160095214844,0.07088875770568848,-0.41701632738113403,0.029283540323376656
1778807410.9876173,-0.06301895141601563,-9.050329742431641,1.011895751953125,0.12662118673324585,-0.44622209668159485,0.024535302072763443
1778807411.0095217,-0.28336074829101565,-9.087602233886718,1.3448034667968751,0.12863492965698242,-0.44913816452026367,0.06467423588037491
1778807411.0313072,-0.7840695190429688,-9.078471221923829,1.4546749877929688,0.004202425479888916,-0.456378310918808,0.0681053102016449
1778807411.0533497,-1.3635145568847657,-9.01245849609375,1.2362791442871095,-0.13156269490718842,-0.5365709066390991,0.024585608392953873
1778807411.0765307,-0.9243278503417969,-9.184151458740235,1.0816506958007812,-0.10654156655073166,-0.5993918776512146,0.028187181800603867
1778807411.09829,-0.5836363220214844,-9.405391387939453,1.3681549072265626,0.009258486330509186,-0.5963144898414612,0.12493262439966202
1778807411.1195533,-0.7096742248535156,-9.302555236816406,2.003284149169922,-0.12479240447282791,-0.6738541722297668,0.19837898015975952
1778807411.1423857,-1.044228515625,-9.206155700683594,2.0513342285156253,-0.2476256936788559,-0.746720552444458,0.18697424232959747
1778807411.1652758,-1.1693682861328125,-9.393116912841798,1.6733702087402345,-0.24636788666248322,-0.8174262046813965,0.16777023673057556
1778807411.1880608,-1.2554393005371094,-9.572294311523438,1.0738668823242188,-0.18951773643493652,-0.8285748958587646,0.17035070061683655
1778807411.2093332,-1.7657281494140626,-9.913285217285157,1.2424163818359375,-0.0845404714345932,-0.858555793762207,0.07689228653907776
1778807411.2300954,-1.61663818359375,-10.014474792480469,1.6218772888183595,-0.0668555274605751,-0.8774436116218567,0.053328126668930054
1778807411.2485502,-1.230890350341797,-9.655670928955079,1.6215779113769533,-0.05352514982223511,-0.8817850351333618,0.11712722480297089
1778807411.2690701,-1.1713142395019531,-9.168733520507812,1.3162129211425782,0.008085189387202263,-0.8766241669654846,0.2151457965373993
1778807411.2916908,-1.3224998474121095,-8.928782501220704,1.375938720703125,0.0672718808054924,-0.9022273421287537,0.2821100056171417
1778807411.3170018,-1.7025595092773438,-9.276659088134766,2.0074754333496094,0.018767328932881355,-0.9942005276679993,0.2840321362018585
1778807411.3385699,-1.8208135986328127,-9.439071350097656,2.0480410766601564,-0.050442323088645935,-1.0188509225845337,0.24452967941761017
1778807411.3592684,-1.6630416870117188,-9.140741729736328,1.9104771423339846,0.035604510456323624,-1.0252163410186768,0.2791890799999237
1778807411.3811936,-1.2708572387695314,-8.846004638671875,1.9402651977539063,0.09334075450897217,-1.0735527276992798,0.37774062156677246
1778807411.4022253,-1.2587324523925782,-9.430389404296875,1.9103274536132813,0.06926614046096802,-1.1398870944976807,0.3977406322956085
1778807411.425736,-1.4407539367675781,-11.240874481201173,0.6746470642089845,-0.1954222172498703,-1.1440788507461548,0.3383908271789551
1778807411.4463122,-0.9804611206054688,-12.296629028320313,-0.8187973022460938,-0.5570124983787537,-1.1307052373886108,0.2812168598175049
1778807411.4691582,-0.6566844177246094,-11.924053802490235,-1.7561480712890627,-0.26448333263397217,-0.7794974446296692,0.26975923776626587
1778807411.4929864,-1.6816030883789064,-8.701854400634765,0.16001724243164064,-0.05677340552210808,-0.7248084545135498,0.21537603437900543
1778807411.5133338,-1.627266082763672,-7.451205139160157,1.2373269653320313,-0.24403488636016846,-0.8889275789260864,0.13724085688591003
1778807411.5342433,-0.7279362487792969,-7.920928344726563,0.48154861450195313,-0.33282676339149475,-0.9758328199386597,0.1836191713809967
1778807411.5569963,-0.8056246948242188,-9.24238037109375,-0.24683670043945313,-0.17895765602588654,-0.9787548184394836,0.2271859496831894
1778807411.5798385,-1.7152830505371095,-10.398126983642578,-0.6433621215820313,-0.08400058001279831,-0.8304613828659058,0.16377291083335876
1778807411.6004398,-2.401905212402344,-11.10615463256836,-0.4165837097167969,-0.25541189312934875,-0.8025998473167419,0.05226551741361618
1778807411.6205342,-1.8175204467773438,-11.283984832763672,-0.13666580200195313,-0.29167452454566956,-0.8351365923881531,0.005211132112890482
1778807411.6429968,-1.5940351867675782,-10.526859283447266,0.5947132873535157,-0.15846984088420868,-0.8271947503089905,0.10590459406375885
1778807411.663975,-2.082619171142578,-9.597891082763672,1.620230712890625,-0.09234529733657837,-0.9001542925834656,0.1857883632183075
1778807411.6848776,-2.419119415283203,-8.843759307861328,1.7073495483398438,-0.15623600780963898,-1.0350028276443481,0.17969276010990143
1778807411.7065806,-2.117197265625,-8.696615295410156,0.9479786682128907,-0.2237873077392578,-1.051042914390564,0.19027189910411835
1778807411.7265563,-1.8271005249023438,-8.827892303466797,0.31404693603515627,-0.14601708948612213,-0.8847547769546509,0.2619374692440033
1778807411.7480962,-1.6889378356933595,-9.231453094482422,0.37362304687500003,-0.12701416015625,-0.8101571202278137,0.2703792452812195
1778807411.771722,-1.864522705078125,-9.504635009765625,0.8779243469238281,-0.1969495415687561,-0.7797247767448425,0.21566970646381378
1778807411.7949624,-1.618883514404297,-9.237141265869141,0.7884104919433594,-0.23065650463104248,-0.7559666037559509,0.1706869751214981
1778807411.8154216,-1.8052459716796876,-8.896449737548828,0.5150788879394531,-0.2275574505329132,-0.6675905585289001,0.15257017314434052
1778807411.83697,-2.0350181579589846,-8.92713592529297,0.7447013854980469,-0.18600356578826904,-0.6226000785827637,0.12675030529499054
1778807411.8590186,-2.066602478027344,-9.27635971069336,1.1069480895996093,-0.21062491834163666,-0.5962144732475281,0.10420582443475723
1778807411.879774,-2.2008732604980468,-9.533824310302736,1.0539582824707032,-0.2650391161441803,-0.5678495764732361,0.0628652274608612
1778807411.900888,-2.2180874633789065,-9.269324340820313,1.0870394897460938,-0.255726158618927,-0.5642120838165283,0.03383218124508858
1778807411.921698,-2.454745330810547,-9.062304840087892,1.308878173828125,-0.20368963479995728,-0.5623703598976135,0.007648267317563295
1778807411.9440167,-2.604583740234375,-8.928034057617188,1.7887802124023438,-0.15678398311138153,-0.5987786650657654,-0.03471016138792038
1778807411.9661038,-2.538870391845703,-9.073381805419922,2.0378622436523437,-0.18211956322193146,-0.6492041349411011,-0.0322851836681366
1778807411.9884074,-2.861449584960938,-9.315727844238282,1.8889219665527344,-0.232823446393013,-0.6952982544898987,-0.08845715969800949
1778807412.0091724,-2.223625946044922,-9.518556060791017,1.1832893371582032,-0.16980722546577454,-0.6941158175468445,-0.11265908926725388
1778807412.030609,-1.8173707580566407,-9.54609878540039,0.88855224609375,-0.08184649795293808,-0.581064760684967,-0.013548013754189014
1778807412.0516756,-2.4096890258789063,-9.407337341308594,1.137783966064453,-0.060025665909051895,-0.5193828344345093,0.037857141345739365
1778807412.0716186,-2.618355102539063,-9.398954772949219,1.2265493774414062,-0.0021938798017799854,-0.5001183152198792,0.015545019879937172
1778807412.092323,-2.5474026489257815,-9.305249633789064,1.3573773193359375,0.026597410440444946,-0.3986683785915375,0.045884110033512115
1778807412.1126595,-2.5991949462890624,-9.184450836181641,1.5461347961425782,0.009689793922007084,-0.3635527193546295,0.07021868228912354
1778807412.1348,-2.751578063964844,-9.498348083496094,1.7269587707519531,0.030931413173675537,-0.3462401330471039,0.06353350728750229
1778807412.1567595,-3.2995884704589846,-10.424621887207032,1.6492703247070313,-0.12307453155517578,-0.36556702852249146,0.0012282268144190311
1778807412.1776917,-3.30752197265625,-10.980416107177735,-0.06721023559570313,-0.40324217081069946,-0.4288463592529297,-0.02723648026585579
1778807412.1992538,-2.3884332275390627,-11.841575317382812,-1.2021501159667969,-0.22293880581855774,-0.3534288704395294,0.03297976404428482
1778807412.2211223,-2.8937823486328127,-12.095597076416016,-0.4819976806640625,0.08420751243829727,-0.2696712613105774,0.04302176833152771
1778807412.242383,-2.8692333984375002,-11.356284484863282,0.9265731811523438,0.0006736740469932556,-0.404265433549881,-0.0555650070309639
1778807412.262122,-2.285746765136719,-10.18317398071289,1.317111053466797,-0.2368631809949875,-0.505082368850708,-0.03258766606450081
1778807412.284394,-1.5953823852539064,-9.288634185791016,0.3219804382324219,-0.2616366744041443,-0.5463882684707642,0.0010069184936583042
1778807412.3095486,-0.9012757873535157,-8.481961669921876,-1.4605128479003906,-0.1305599808692932,-0.48302602767944336,0.019081532955169678
1778807412.3303316,-0.8268804931640625,-7.967032470703125,-1.6690292358398438,0.09774044156074524,-0.3823203146457672,0.05564503371715546
1778807412.3535101,-0.9678872680664063,-8.279881896972658,-0.8259823608398438,0.33486488461494446,-0.36265724897384644,0.07692769914865494
1778807412.3789113,-1.3114228820800782,-9.756710815429688,0.688568115234375,0.20839925110340118,-0.49059292674064636,0.023284919559955597
1778807412.4101791,-1.2918136596679688,-11.274404754638672,-0.28306137084960936,-0.14880195260047913,-0.6526868343353271,-0.06482511013746262
1778807412.4321296,-1.4702426147460939,-11.140732727050782,-0.9954299926757812,0.007300970144569874,-0.7081120610237122,-0.10474390536546707
1778807412.4619203,-1.9931053161621095,-9.140592041015626,0.056282958984375006,0.1554054319858551,-0.7488588690757751,-0.1275474578142166
1778807412.4853709,-1.8229092407226564,-8.122409362792968,1.1798464965820312,-0.07604356110095978,-0.9097744822502136,-0.09163208305835724
1778807412.5099907,-1.1894265747070314,-8.365054779052734,0.6761439514160157,-0.25382599234580994,-0.9963093400001526,-0.0336623378098011
1778807412.5296543,-1.1026071166992188,-9.335786132812501,0.14444961547851562,-0.30212101340293884,-1.0161218643188477,0.019347399473190308
1778807412.5508893,-1.2737013244628907,-9.988728332519532,0.21210891723632813,-0.19762606918811798,-1.0136529207229614,0.03311866149306297
1778807412.5741432,-1.4736854553222658,-9.998308410644531,0.6125262451171876,-0.15038470923900604,-1.0522282123565674,-0.0008415817283093929
1778807412.5964239,-1.2557386779785158,-9.724527740478516,1.1311976623535156,-0.1541685312986374,-1.1007585525512695,-0.01814284175634384
1778807412.6206121,-1.1481124877929687,-9.489815826416017,1.2263996887207032,-0.158209428191185,-1.1457160711288452,-0.01580813340842724
1778807412.642293,-1.180594940185547,-9.408385162353516,1.0063572692871094,-0.13017070293426514,-1.1155288219451904,0.013954355381429195
1778807412.662165,-1.6610957336425782,-9.236392822265625,1.0169851684570312,-0.07858861982822418,-1.1471279859542847,-0.018017426133155823
1778807412.6831224,-1.4831158447265627,-9.256002044677734,1.08494384765625,-0.03137275576591492,-1.1442574262619019,0.022865230217576027
1778807412.7034388,-1.2639715576171875,-9.283844146728516,1.107696533203125,-0.0744175985455513,-1.084106683731079,0.13497361540794373
1778807412.7236915,-1.7103433227539064,-9.090745697021484,1.4150074768066407,-0.13304655253887177,-1.158998966217041,0.16076786816120148
1778807412.743735,-1.3949491882324219,-9.230105895996095,1.4166540527343752,-0.11447945982217789,-1.2048499584197998,0.20200121402740479
1778807412.7657046,-1.174457702636719,-9.385931854248048,1.3609698486328126,-0.12172999978065491,-1.1814608573913574,0.2733018100261688
1778807412.7858293,-1.7260606384277344,-9.642198944091797,1.4409036254882812,-0.26105204224586487,-1.192232608795166,0.2887622117996216
1778807412.808563,-1.5334112548828125,-10.012229461669923,1.1317964172363282,-0.23490476608276367,-1.2840383052825928,0.2131495177745819
1778807412.8293962,-0.97477294921875,-10.197244720458984,1.011895751953125,-0.062177274376153946,-1.2341899871826172,0.25001582503318787
1778807412.8528967,-1.2028985595703126,-10.174791412353516,1.520687713623047,-0.1304124891757965,-1.2927957773208618,0.23222525417804718
1778807412.8748074,-1.4694941711425782,-10.077493743896484,1.331481170654297,-0.18244433403015137,-1.332674264907837,0.2026633471250534
1778807412.8973763,-1.5199392700195313,-9.821975097656251,1.0636880493164063,-0.10913209617137909,-1.284643530845642,0.21994158625602722
1778807412.9194343,-1.6176860046386718,-9.626481628417968,1.9321820068359377,0.03750035539269447,-1.4447077512741089,0.13018573820590973
1778807412.9438913,-1.6905844116210937,-11.308683471679688,2.2203327941894533,-0.13718870282173157,-1.529522180557251,0.09771959483623505
1778807412.9656806,-1.8712586975097658,-12.678484954833985,0.35670822143554687,-0.6405402421951294,-1.5628670454025269,0.019119208678603172
1778807412.9866724,-2.1201910400390624,-13.097763061523438,-1.292113037109375,-0.9454283714294434,-1.462834119796753,-0.06830835342407227
1778807413.008839,-2.054777069091797,-11.823013916015626,-2.162852325439453,-0.5079941153526306,-1.1828267574310303,-0.06917563080787659
1778807413.030401,-2.216440887451172,-9.18010986328125,-2.131417694091797,0.019522372633218765,-1.1003119945526123,-0.01740928925573826
1778807413.0503929,-2.1739292907714844,-6.937024383544922,-1.2518467712402344,0.29619887471199036,-1.1803934574127197,0.051437463611364365
1778807413.0713952,-1.631906433105469,-6.12885498046875,0.7785310363769532,0.11639011651277542,-1.3896092176437378,0.1421031504869461
1778807413.0932078,-1.881287841796875,-7.614964599609375,1.81781982421875,-0.17091596126556396,-1.5334910154342651,0.19050849974155426
1778807413.1145012,-2.1640498352050783,-9.493108978271485,0.8623567199707032,-0.19016243517398834,-1.3956609964370728,0.258974552154541
1778807413.1375885,-2.2567071533203125,-10.937156066894532,0.4002676391601563,-0.553174614906311,-1.2565624713897705,0.43700331449508667
1778807413.1669023,-2.5834776306152345,-12.169692993164062,-1.1539503479003907,-0.8085252642631531,-1.3835362195968628,0.40059152245521545
1778807413.1878853,-3.3184492492675783,-10.899135131835939,-1.895508270263672,-0.13463912904262543,-1.2661869525909424,0.19646580517292023
1778807413.2090688,-3.7567378234863282,-8.927285614013673,-0.04176315307617188,0.05395437777042389,-1.3066505193710327,0.04970671236515045
1778807413.2330055,-2.165995788574219,-7.439230041503906,2.6208998107910157,-0.21748803555965424,-1.4346085786819458,0.06549844145774841
1778807413.2541778,-1.4802717590332033,-7.688162384033204,0.9380992126464844,-0.3471590578556061,-1.4039018154144287,0.21781201660633087
1778807413.2760985,-1.7441729736328127,-8.545729064941407,-0.06855743408203126,-0.2929534614086151,-1.2278333902359009,0.3471100330352783
1778807415.3886952,-1.736239471435547,-9.16379379272461,-0.9523196411132813,-0.018778475001454353,-0.41537055373191833,0.039407070726156235
1778807415.4125185,-1.2683125305175782,-9.200766906738282,-0.6656657409667969,0.07790214568376541,-0.4247385859489441,0.09678537398576736
1778807415.4321976,-1.189276885986328,-9.367969207763672,0.07828720092773438,0.061346881091594696,-0.4923796057701111,0.10340763628482819
1778807415.4541497,-1.683399353027344,-9.840686187744142,0.6698570251464844,-0.023889103904366493,-0.5778274536132812,0.029870716854929924
1778807415.4792082,-1.8989511108398438,-10.723250885009767,0.4824467468261719,-0.15141735970973969,-0.6730459332466125,-0.0628821849822998
1778807415.501729,-1.5606546020507814,-10.956765289306642,-0.0029937744140625003,-0.22706972062587738,-0.731414794921875,-0.07173272222280502
1778807415.5228512,-1.7648300170898439,-10.52895492553711,-0.0676593017578125,-0.10270499438047409,-0.7421218156814575,-0.06032606214284897
1778807415.542878,-2.196382598876953,-9.454189910888672,0.6282435607910156,-0.08037777245044708,-0.8066782355308533,-0.10155514627695084
1778807415.5629659,-2.2650897216796877,-8.614286499023438,1.1681707763671876,-0.1923331916332245,-0.9100635647773743,-0.12869951128959656
1778807415.583589,-1.6890875244140626,-8.40457260131836,1.131646728515625,-0.29096755385398865,-0.9507578611373901,-0.06541270017623901
1778807421.7378376,-1.6661851501464844,-9.450447692871094,2.2872436523437503,0.0703047662973404,-0.16365262866020203,0.09462928771972656
1778807421.763124,-1.2877720642089845,-9.428443450927736,2.33514404296875,0.14206266403198242,-0.199763223528862,0.022814461961388588
1778807421.7843595,-0.9749226379394532,-9.149273986816407,2.766097869873047,0.08296792954206467,-0.25473031401634216,0.04929318279027939
1778807421.8070664,-0.9054670715332032,-9.007818145751953,2.9452752685546875,-0.03619484230875969,-0.2697920501232147,0.10070674866437912
1778807421.827712,-1.6115487670898438,-9.557624816894531,2.8190876770019533,-0.10885132849216461,-0.28857332468032837,0.04704159125685692
1778807421.84928,-1.6926800537109377,-9.676777038574219,2.537523193359375,-0.16220125555992126,-0.27095159888267517,-0.029374290257692337
1778807421.8705177,-1.6193325805664063,-9.39611068725586,2.39262451171875,-0.21074865758419037,-0.1987939029932022,-0.04646782949566841
1778807421.892889,-1.325792999267578,-8.920250244140625,2.496658172607422,-0.22463861107826233,-0.17630788683891296,0.00553305447101593
1778807421.9122531,-1.1160791015625,-8.658294982910157,2.544558563232422,-0.28551939129829407,-0.2048056721687317,0.05454415827989578
1778807421.934708,-1.1214678955078126,-8.919501800537109,2.468367004394531,-0.3698645532131195,-0.16991864144802094,0.10811573266983032
1778807421.957763,-1.6422349548339845,-9.546248474121095,2.089504852294922,-0.4668523669242859,-0.08102072775363922,0.10490318387746811
1778807421.9782145,-1.8134788513183595,-9.615404663085938,1.969604187011719,-0.5182204842567444,-0.049399420619010925,0.022358745336532593
1778807421.9987795,-1.5115567016601563,-9.588161315917969,2.0112176513671876,-0.5017421841621399,-0.00568716274574399,-0.02703796699643135
1778807422.048394,-0.9331594848632813,-9.210197296142578,2.2625450134277343,-0.47103017568588257,0.09090760350227356,-0.028679601848125458
1778807422.0778625,-1.1853849792480469,-9.509724426269532,2.2641915893554687,-0.5905916094779968,0.12194196879863739,-0.03693726658821106
1778807422.0983555,-1.3057347106933594,-9.74862762451172,2.0136126708984374,-0.6322068572044373,0.1541144698858261,-0.07817109674215317
1778807422.1228108,-1.3030403137207032,-9.884095916748047,2.1311183166503906,-0.6635417342185974,0.18802344799041748,-0.112217016518116
1778807422.143824,-1.3186079406738282,-9.674681396484376,2.197280731201172,-0.6810129880905151,0.22423183917999268,-0.11495214700698853
1778807422.1650798,-1.3034893798828127,-9.552385711669922,1.8027012634277344,-0.6350215077400208,0.23406296968460083,-0.1046331375837326
1778807422.1865828,-1.0767109680175782,-9.60447738647461,1.3224998474121095,-0.6082013249397278,0.22999446094036102,-0.07724971324205399
1778807422.2090182,-0.9113049316406251,-9.833501129150392,0.5975573730468751,-0.5269292593002319,0.2709410488605499,0.023471174761652946
1778807422.2330363,-1.1931687927246095,-10.155481567382813,0.14609619140625002,-0.40609556436538696,0.36597877740859985,0.03592504560947418
1778807422.255318,-1.600920867919922,-10.057884521484375,0.4082011413574219,-0.2860245704650879,0.3794884979724884,-0.07660342007875443
1778807422.2770462,-0.8934919738769531,-9.768386535644531,0.6221063232421875,-0.2134091854095459,0.31463977694511414,-0.15760166943073273
1778807422.2984135,-0.1197509765625,-9.714348907470704,0.7252418518066407,-0.24211934208869934,0.23676297068595886,-0.0758029967546463
1778807422.319729,-0.32841705322265624,-10.034084014892578,0.4385879516601563,-0.1779029220342636,0.1657225340604782,0.07624396681785583
1778807422.3450131,-1.0330018615722656,-10.167157287597657,0.2173480224609375,-0.10278331488370895,0.16289693117141724,0.05979946255683899
1778807422.36815,-1.609303436279297,-9.944570159912109,-0.12978012084960938,-0.0008586179465055466,0.17384843528270721,-0.05106617882847786
1778807422.3977957,-1.1142828369140625,-9.68306396484375,-0.14115646362304687,0.08809921890497208,0.179690882563591,-0.14158010482788086
1778807422.4365237,-0.16899856567382812,-9.822274475097657,-0.006436614990234376,0.18047747015953064,0.18114081025123596,0.011162929236888885
1778807422.476505,-1.1535012817382813,-10.068662109375001,0.2644999694824219,0.2644652724266052,0.12710145115852356,0.11882534623146057
1778807422.4987056,-1.209335174560547,-9.85355941772461,0.21165985107421875,0.3395184278488159,0.17462721467018127,0.05005628243088722
1778807422.5254426,-0.9464817810058594,-9.43353286743164,0.18591339111328126,0.3048344552516937,0.20835287868976593,0.0224061980843544
1778807422.5496473,-0.7403604125976563,-9.538165283203126,0.15597564697265626,0.2866257131099701,0.22049285471439362,0.006368169095367193
1778807422.5823467,-0.6489006042480469,-10.005493469238282,0.20642074584960937,0.3090006709098816,0.28854429721832275,0.032438427209854126
1778807422.6149883,-0.8348139953613282,-9.997709655761719,0.40086639404296875,0.33660537004470825,0.3377969264984131,0.015571586787700653
1778807422.6442301,-1.055006103515625,-9.898016967773438,0.6948550415039063,0.3102060556411743,0.32387369871139526,-0.04147978872060776
1778807422.71787,-0.7659571838378907,-9.45359115600586,0.62989013671875,0.3401065468788147,0.2646803557872772,0.017922934144735336
1778807422.7461388,-1.278790740966797,-9.651180267333984,0.8196954345703126,0.3143084943294525,0.1843663603067398,0.019649963825941086
1778807422.7943654,-1.2880714416503907,-9.996512145996094,0.6548881530761719,0.1976291835308075,0.15389451384544373,0.04887380823493004
1778807422.892738,-1.5344590759277346,-9.582024078369141,1.1991563415527344,0.14269696176052094,0.12298160791397095,0.06415796279907227
1778807422.9342778,-1.3483959960937502,-9.641899566650391,1.0527607727050783,0.17595717310905457,0.15161530673503876,0.044001150876283646
1778807422.9678798,-1.1934681701660157,-9.513616333007812,1.2421170043945313,0.14822787046432495,0.23409122228622437,0.07586120069026947
1778807422.9909947,-1.3718971252441408,-9.834099884033204,1.5331118774414063,0.1120288297533989,0.18894152343273163,-0.001779141603037715
1778807423.0172393,-1.0698252868652345,-9.813891906738283,1.1702664184570313,0.03682350367307663,0.26553601026535034,0.06888995319604874
1778807423.050499,-1.5392491149902345,-9.754615173339845,0.9936337280273438,0.07327674329280853,0.28106746077537537,0.0403914712369442
1778807423.0792818,-1.4426998901367187,-9.767787780761719,1.1672726440429688,-0.004380633123219013,0.28934741020202637,-0.00106502091512084
1778807423.1032085,-1.1265573120117187,-9.723330230712891,1.101708984375,-0.03882625326514244,0.2586224377155304,0.010875653475522995
1778807423.1294782,-1.409319305419922,-9.446705474853516,1.1433224487304687,-0.07721921801567078,0.25622016191482544,0.06908974796533585
1778807423.1543183,-1.3983920288085938,-9.426198120117188,1.1549981689453126,-0.11068610101938248,0.1758749634027481,0.08040578663349152
1778807423.1755996,-1.49688720703125,-9.558672637939454,1.0316546630859376,-0.13953232765197754,0.15796543657779694,0.07368165254592896
1778807423.1977692,-1.6060102844238282,-9.70746322631836,1.144669647216797,-0.1869358867406845,0.09711749851703644,0.04407829791307449
1778807423.2187357,-1.375938720703125,-9.706265716552736,1.0304571533203126,-0.23992490768432617,0.06862617284059525,0.06734052300453186
1778807423.2404063,-1.5868501281738283,-9.795480194091798,1.2148736572265626,-0.2758738696575165,-0.00010023126378655434,0.045236408710479736
1778807423.260826,-1.469045104980469,-9.755064239501953,1.167572021484375,-0.2935248017311096,-0.03910789266228676,0.05145691707730293
1778807423.280809,-1.502725067138672,-9.59878921508789,1.2169692993164063,-0.3002464473247528,-0.07105964422225952,0.07932807505130768
1778807423.303462,-1.5970289611816406,-9.509724426269532,1.1954141235351563,-0.30795183777809143,-0.12935671210289001,0.09944254159927368
1778807423.3243592,-1.7772541809082032,-9.574689331054689,1.1274554443359375,-0.3248884081840515,-0.15080560743808746,0.07717783749103546
1778807424.4004464,-1.338666229248047,-9.720785522460938,-0.15417938232421877,-0.014953459613025188,-0.016403930261731148,0.034754641354084015
1778807424.4247837,-1.3433065795898438,-9.814191284179689,-0.1824705505371094,-0.040265392512083054,-0.014805557206273079,0.03341735526919365
1778807424.4454942,-1.4028826904296876,-9.83439926147461,-0.1898052978515625,-0.04379274696111679,-0.020319897681474686,0.03472656384110451
1778807424.466172,-1.471739501953125,-9.788145446777344,-0.24040008544921876,-0.0048163700848817825,-0.013375850394368172,0.03162666782736778
1778807424.5020642,-1.545835418701172,-9.715845794677735,-0.2736309814453125,0.011925539001822472,-0.005806222558021545,0.0174301415681839
1778807424.5281482,-1.3816268920898438,-9.654473419189454,-0.06391708374023437,-0.028257204219698906,-0.00935406144708395,0.02195800468325615
1778807424.5818017,-1.4853611755371094,-9.818831634521485,-0.28096572875976566,-0.039032913744449615,-0.008130408823490143,0.031992923468351364
1778807424.6046999,-1.5543676757812501,-9.7381494140625,-0.257464599609375,-0.007929504849016666,-0.003869943553581834,0.018144134432077408
1778807424.6273267,-1.5109579467773437,-9.663305053710937,-0.12274475097656251,-0.016247166320681572,-0.005664060357958078,0.02236722968518734
1778807424.6483428,-1.4518309020996094,-9.65147964477539,-0.1483415222167969,-0.029164994135499,-0.005479483865201473,0.04870614781975746
1778807424.669369,-1.5390994262695312,-9.733958129882813,-0.29458740234375,-0.026069514453411102,-0.0009278436191380024,0.05702042952179909
1778807424.688981,-1.5838563537597656,-9.827363891601562,-0.4032614135742188,-0.009760848246514797,0.016282035037875175,0.050209660083055496
1778807424.7095885,-1.6555572509765626,-9.817783813476563,-0.39398071289062503,-0.00030170753598213196,0.03873896971344948,0.02766556479036808
1778807424.7286375,-1.5495776367187502,-9.793234863281251,-0.2893482971191406,-0.00902044028043747,0.04351380094885826,0.003533480688929558
1778807424.7495334,-1.414259033203125,-9.71988739013672,-0.2561174011230469,-0.024209775030612946,0.04265838861465454,0.015156080946326256
1778807424.77108,-1.4114149475097657,-9.72707244873047,-0.30072463989257814,-0.0033579994924366474,0.0441700741648674,0.03764178603887558
1778807424.7939508,-1.5426919555664063,-9.717192993164064,-0.24608825683593752,0.022823460400104523,0.058034807443618774,0.057842012494802475
1778807424.8137827,-1.7759069824218752,-9.705816650390625,-0.15702346801757813,0.004063625819981098,0.047147803008556366,0.02774060331285
1778807424.8353198,-1.767374725341797,-9.688602447509766,-0.24025039672851564,-0.002630018163472414,0.03702684864401817,0.007071532309055328
1778807424.8582883,-1.5132032775878907,-9.663005676269531,-0.39951919555664067,0.012970337644219398,0.03419673815369606,0.02175985276699066
1778807424.879835,-1.5036231994628908,-9.731563110351564,-0.2347119140625,0.011319668963551521,0.0483720637857914,0.05343447998166084
1778807424.9013054,-1.7070501708984376,-9.793085174560547,-0.2484832763671875,0.012987418100237846,0.02575751207768917,0.04589598998427391
1778807424.9261746,-1.7534536743164064,-9.716145172119141,-0.3219804382324219,0.045753732323646545,0.014649836346507072,0.023623203858733177
1778807424.94684,-1.6822018432617187,-9.70027816772461,-0.02305206298828125,0.007194175384938717,-0.011490214616060257,0.02830628864467144
1778807424.9687114,-1.6435821533203125,-9.806557159423829,-0.1818717956542969,-0.02015034481883049,-0.025529788807034492,0.040194448083639145
1778807424.992272,-1.6744180297851563,-9.784403228759766,-0.3929328918457031,0.004630810581147671,-0.009833148680627346,0.04056446626782417
1778807425.015783,-1.7871336364746095,-9.62887664794922,-0.3405418395996094,0.028253287076950073,-0.016348905861377716,0.0226870309561491
1778807425.036594,-1.6673826599121095,-9.560019836425782,-0.2022294616699219,0.03127376735210419,-0.006927655544131994,0.022969476878643036
1778807425.0602324,-1.6807049560546876,-9.66390380859375,-0.055085449218750006,0.017732009291648865,-0.008330972865223885,0.02313213236629963
1778807425.0805984,-1.667981414794922,-9.800270233154297,-0.1275347900390625,-0.006124757695943117,-0.010751230642199516,0.028253881260752678
1778807425.1020749,-1.6046630859375002,-9.780960388183594,-0.2912942504882813,0.01679922640323639,-0.0018812362104654312,0.03206074237823486
1778807425.1253357,-1.6516653442382814,-9.74967544555664,-0.346080322265625,0.0453152060508728,0.00668807327747345,0.028152933344244957
1778807425.146892,-1.748214569091797,-9.645941162109375,-0.11555969238281251,0.03746047988533974,-0.0013107312843203545,0.010070867836475372
1778807425.1680286,-1.6182847595214844,-9.677226104736329,-0.017214202880859376,-0.0020890389569103718,-0.01804516091942787,0.00047933170571923256
1778807425.1900914,-1.5576608276367188,-9.686806182861329,-0.2543211364746094,-0.012539803981781006,-0.017060333862900734,0.02301160804927349
1778807425.2104676,-1.76033935546875,-9.65866470336914,-0.3686833190917969,0.024676457047462463,0.0027800058014690876,0.02635798417031765
1778807425.2318678,-1.845212860107422,-9.717642059326172,-0.1922003173828125,0.031805794686079025,-0.0059092165902256966,0.004128325264900923
1778807425.2528043,-1.7839901733398438,-9.738897857666016,-0.14744338989257813,0.022335853427648544,-0.02092251554131508,-0.011837093159556389
1778807425.2752895,-1.6233741760253908,-9.651629333496095,-0.20043319702148438,0.008638665080070496,-0.010424409992992878,0.006734887138009071
1778807425.2984939,-1.73638916015625,-9.618548126220704,-0.18232086181640625,0.011289309710264206,-0.0055119432508945465,0.013918232172727585
1778807425.3203926,-1.7847386169433594,-9.665251007080078,-0.17378860473632812,0.02811022847890854,-0.011151541024446487,0.008627193048596382
1778807425.342053,-1.7420773315429687,-9.7189892578125,-0.11346405029296876,0.024386364966630936,-0.004149754531681538,0.0035337735898792744
1778807425.362249,-1.6564553833007813,-9.768386535644531,-0.11570938110351563,0.021733447909355164,-0.008768115192651749,0.0055381678976118565
1778807425.3822415,-1.6420852661132814,-9.739197235107422,-0.2856060791015625,0.03885776922106743,0.014013410545885563,0.020361505448818207
1778807425.4075248,-1.8315911865234376,-9.675579528808594,-0.16899856567382812,0.05819221958518028,0.0011050449684262276,0.001225136686116457
1778807425.4296834,-1.7742604064941407,-9.641749877929689,-0.041613464355468754,0.03682655096054077,0.00544089125469327,-0.0016893427819013596
1778807425.45016,-1.6360977172851563,-9.650880889892578,0.02125579833984375,0.02201848477125168,-0.00019137049093842506,0.009124262258410454
1778807425.470098,-1.6254698181152345,-9.690997467041017,-0.16974700927734376,0.022028528153896332,0.01093288604170084,0.017734380438923836
1778807425.4927504,-1.8098863220214845,-9.777218170166016,-0.1824705505371094,0.023846382275223732,0.007563911844044924,-0.008562576025724411
1778807425.5145264,-1.7871336364746095,-9.702822875976564,-0.1333726501464844,0.022406140342354774,0.0032573998905718327,-0.022605396807193756
1778807425.5361874,-1.6413368225097658,-9.690548400878907,-0.18441650390625,0.05169839784502983,-0.007755754049867392,-0.024987686425447464
1778807425.5610907,-1.6037649536132814,-9.731563110351564,-0.02305206298828125,0.042060401290655136,-0.008507820777595043,-0.0036449190229177475
1778807425.581801,-1.6408877563476563,-9.715995483398437,0.0005987548828125,0.028338642790913582,-0.0056553371250629425,-0.007561816833913326
1778807425.605117,-1.8806890869140627,-9.677226104736329,-0.18396743774414062,0.04708898812532425,-0.005936456844210625,-0.030073270201683044
1778807425.627051,-1.683399353027344,-9.750723266601563,-0.04266128540039063,0.051951900124549866,-0.006567967589944601,-0.02801607921719551
1778807425.6472905,-1.7140855407714846,-9.750274200439454,0.030237121582031252,0.02050815522670746,-0.011167200282216072,-0.021200066432356834
1778807425.668579,-1.6729211425781252,-9.718390502929688,-0.0101788330078125,0.026483848690986633,-0.014290347695350647,-0.012907355092465878
1778807425.6945117,-1.7094451904296877,-9.649084625244141,-0.08831634521484376,0.046401508152484894,-0.013363844715058804,-0.010753162205219269
1778807425.7148201,-1.7296531677246094,-9.660610656738282,-0.06511459350585938,0.05854598805308342,-0.027951795607805252,-0.018915565684437752
1778807425.7347322,-1.675166473388672,-9.664053497314454,-0.039966888427734375,0.06822675466537476,-0.022208185866475105,-0.01798843964934349
1778807425.7567494,-1.727856903076172,-9.745484161376954,0.022752685546875002,0.053576063364744186,-0.01484837755560875,-0.02153739146888256
1778807425.7780201,-1.7040563964843751,-9.719737701416015,0.017214202880859376,0.03919094055891037,-0.012646881863474846,-0.03209204971790314
1778807425.7992988,-1.6323554992675782,-9.701026611328125,0.000149688720703125,0.044201213866472244,-0.02284283936023712,-0.035603079944849014
1778807425.8208313,-1.5645465087890627,-9.730515289306641,-0.041613464355468754,0.05568082630634308,-0.009124486707150936,-0.024220481514930725
1778807425.8424222,-1.696871337890625,-9.77886474609375,0.13217514038085937,0.04696405678987503,-0.02646186202764511,-0.03785066306591034
1778807425.864459,-1.7408798217773438,-9.767189025878906,0.10493179321289063,0.028920577839016914,-0.04119374230504036,-0.05681730806827545
1778807425.8849685,-1.6371455383300781,-9.713301086425782,-0.04924758911132813,0.04324209317564964,-0.043216921389102936,-0.04962068796157837
1778807425.908473,-1.5751744079589844,-9.63606170654297,-0.05059478759765625,0.08182065933942795,-0.022477559745311737,-0.019031846895813942
1778807425.9292977,-1.550625457763672,-9.665550384521485,0.06436614990234375,0.07456596940755844,-0.02245689556002617,-0.01654774881899357
1778807425.9485505,-1.5500267028808594,-9.679621124267578,0.13516891479492188,0.0385604202747345,-0.030463065952062607,-0.02401701547205448
1778807425.970129,-1.6943266296386719,-9.737101593017579,0.12693603515625002,0.010635717771947384,-0.03379077836871147,-0.04539351165294647
1778807425.992779,-1.6428337097167969,-9.851912841796876,0.058528289794921876,0.024583976715803146,-0.03614728897809982,-0.060398541390895844
1778807426.0136108,-1.5214361572265627,-9.804012451171875,0.09265731811523438,0.05519123002886772,-0.034184325486421585,-0.05250534042716026
1778807426.0337448,-1.4928456115722657,-9.689500579833984,0.124541015625,0.06991522759199142,-0.02833392098546028,-0.032700929790735245
1778807426.0540762,-1.5471826171875,-9.597591705322266,0.13127700805664064,0.07371927797794342,-0.025006113573908806,-0.023621218279004097
1778807426.0761147,-1.6477734375000002,-9.642648010253907,0.116158447265625,0.05991600081324577,-0.028440721333026886,-0.042308323085308075
1778807426.0957763,-1.5835569763183595,-9.743687896728517,0.09984237670898438,0.053574394434690475,-0.019619297236204147,-0.042825426906347275
1778807426.120763,-1.5048207092285157,-9.811796264648438,0.18127304077148437,0.048026345670223236,-0.015238913707435131,-0.027014771476387978
1778807426.1424553,-1.4784754943847658,-9.754166107177735,0.26854156494140624,0.053498998284339905,-0.01243868563324213,-0.014956655912101269
1778807426.1625266,-1.5628999328613282,-9.672735443115235,0.26345214843750003,0.04327499121427536,-0.018563248217105865,-0.01723509468138218
1778807426.183624,-1.5296690368652344,-9.637708282470703,0.1754351806640625,0.04188919439911842,-0.03349025174975395,-0.024241602048277855
1778807426.2042048,-1.5196398925781252,-9.724078674316408,0.16121475219726564,0.061035461723804474,-0.026118354871869087,-0.026044562458992004
1778807426.226524,-1.5459851074218751,-9.76733871459961,0.27333160400390627,0.06636184453964233,-0.02885008603334427,-0.03691636398434639
1778807426.2483628,-1.474134521484375,-9.796677703857423,0.336500244140625,0.0722619816660881,-0.03129347786307335,-0.034098636358976364
1778807426.2693555,-1.4931449890136719,-9.707612915039062,0.3576063537597656,0.057256318628787994,-0.04335975646972656,-0.05011773481965065
1778807426.2908156,-1.4876065063476562,-9.62273941040039,0.4345463562011719,-0.005078413058072329,-0.0663616731762886,-0.0453425869345665
1778807426.3107204,-1.4962884521484376,-9.707313537597656,0.041164398193359375,0.03657031059265137,-0.06250857561826706,-0.037462376058101654
1778807426.333583,-1.5447875976562502,-9.791438598632814,0.17019607543945314,0.07293888926506042,-0.044029202312231064,-0.06646198779344559
1778807426.3547287,-1.5540682983398437,-9.886341247558594,0.374820556640625,0.05809987708926201,-0.024241814389824867,-0.09741983562707901
1778807426.3766065,-1.426084442138672,-9.700128479003906,0.4044589233398438,0.05456695333123207,-0.01884458400309086,-0.0764976292848587
1778807426.3980782,-1.2916639709472657,-9.599537658691407,0.34503250122070317,0.05494947358965874,-0.029022889211773872,-0.05882125347852707
1778807426.4187117,-1.4220428466796875,-9.709109802246095,0.2221380615234375,0.05502856895327568,-0.01720564439892769,-0.05166081339120865
1778807426.44251,-1.451232147216797,-9.858050079345704,0.24025039672851564,0.06510703265666962,-0.002414797432720661,-0.07173311710357666
1778807426.4632254,-1.3316308593750001,-9.710457000732422,0.38739440917968754,0.0716683566570282,-0.0008766334503889084,-0.06733269989490509
1778807426.4837198,-1.3317805480957032,-9.720186767578125,0.45460464477539064,0.07006342709064484,-0.007027119398117065,-0.07904566824436188
1778807426.5067,-1.2834310913085938,-9.701176300048829,0.44382705688476565,0.06916647404432297,-0.01626562513411045,-0.06111114099621773
1778807426.5322614,-1.2349319458007812,-9.760602722167969,0.3297642517089844,0.06966798007488251,0.011387458071112633,-0.022015202790498734
1778807426.553659,-1.3483959960937502,-9.79413299560547,0.44382705688476565,0.04614013433456421,0.0055871098302304745,-0.023588594049215317
1778807426.5752184,-1.3449531555175782,-9.828711090087891,0.5929170227050782,0.024505995213985443,-0.013911262154579163,-0.024817606434226036
1778807426.5965104,-1.2707075500488283,-9.75251953125,0.496966552734375,0.030044937506318092,-0.020297233015298843,-0.01885456219315529
1778807427.6590915,-1.2590318298339844,-9.70746322631836,0.37242553710937504,-0.04030254855751991,0.009213490411639214,0.017296336591243744
1778807427.6798575,-1.3201048278808594,-9.835596771240235,0.40131546020507813,-0.03748322278261185,0.004990539513528347,0.009679388254880905
1778807427.7013137,-1.264420623779297,-9.782457275390625,0.44038421630859376,-0.03529312461614609,0.0006370404735207558,0.003598407842218876
1778807427.7206352,-1.235680389404297,-9.714348907470704,0.4201762390136719,-0.03252561762928963,-0.0019881813786923885,0.00950851570814848
1778807427.7419975,-1.312470703125,-9.681716766357422,0.43843826293945315,-0.03960456699132919,0.011245065368711948,0.016568288207054138
1778807427.764314,-1.3166619873046876,-9.743987274169923,0.4781057739257813,-0.0431499257683754,-0.006439904682338238,0.011004144325852394
1778807427.7850046,-1.2888198852539063,-9.708361358642579,0.20612136840820314,-0.00925411842763424,0.002324807457625866,0.017393602058291435
1778807427.80418,-1.2750485229492188,-9.765692138671875,0.32751892089843754,-0.011227884329855442,0.0018090130761265755,0.018765229731798172
